data,uf,canal,categoria,segmento,produto,quantidade,receita,custo,lucro,ano,mes,mes_nome,trimestre,dia_semana,margem_lucro,ticket_unitario,status_lucro
2023-01-01 00:00:00.000000000,BA,Online,Acessórios,Corporativo,Produto_40,1,2133.01690492487,1515.4304473707411,617.5864575541286,2023,1,January,1,Sunday,28.95,2133.02,Lucrativo
2023-01-01 07:00:38.895558223,BA,Loja Física,Acessórios,Corporativo,Produto_27,13,18812.07917177898,15735.396787104732,3076.6823846742464,2023,1,January,1,Sunday,16.35,1447.08,Lucrativo
2023-01-01 07:00:38.895558223,BA,Online,Eletrônicos,Distribuidor,Produto_108,1,666.4174759238217,483.3182877045843,183.09918821923745,2023,1,January,1,Sunday,27.48,666.42,Lucrativo
2023-01-01 14:01:17.791116446,PR,Online,Informática,Corporativo,Produto_51,9,6616.534024680444,5587.961806298998,1028.572218381445,2023,1,January,1,Sunday,15.55,735.17,Lucrativo
2023-01-02 18:03:53.373349339,MG,Marketplace,Informática,Corporativo,Produto_3,2,4544.174036035545,2797.938768822212,1746.2352672133334,2023,1,January,1,Monday,38.43,2272.09,Lucrativo
2023-01-03 01:04:32.268907563,MG,Marketplace,Informática,Varejo,Produto_29,5,5108.425035549411,3633.207042827729,1475.2179927216823,2023,1,January,1,Tuesday,28.88,1021.69,Lucrativo
2023-01-03 01:04:32.268907563,BA,Marketplace,Acessórios,Varejo,Produto_100,11,5613.634159844255,3506.2794611730023,2107.3546986712527,2023,1,January,1,Tuesday,37.54,510.33,Lucrativo
2023-01-03 15:05:50.060024009,MG,Marketplace,Informática,Varejo,Produto_83,6,10415.22286898458,5779.448826421408,4635.774042563172,2023,1,January,1,Tuesday,44.51,1735.87,Lucrativo
2023-01-03 15:05:50.060024009,PR,Marketplace,Informática,Varejo,Produto_55,12,21941.27362115888,13316.033654196272,8625.23996696261,2023,1,January,1,Tuesday,39.31,1828.44,Lucrativo
2023-01-03 15:05:50.060024009,SP,Loja Física,Acessórios,Varejo,Produto_52,7,2877.299496956727,1768.6929600801966,1108.6065368765303,2023,1,January,1,Tuesday,38.53,411.04,Lucrativo
2023-01-04 05:07:07.851140456,MG,Marketplace,Móveis,Varejo,Produto_4,7,1250.2409547944628,767.7046760641385,482.5362787303243,2023,1,January,1,Wednesday,38.6,178.61,Lucrativo
2023-01-04 05:07:07.851140456,MG,Loja Física,Serviços,Corporativo,Produto_82,4,8484.304780562856,4788.351169151474,3695.9536114113816,2023,1,January,1,Wednesday,43.56,2121.08,Lucrativo
2023-01-04 19:08:25.642256902,ES,Online,Serviços,Corporativo,Produto_15,12,16829.75184969159,11255.289443888914,5574.462405802677,2023,1,January,1,Wednesday,33.12,1402.48,Lucrativo
2023-01-05 16:10:22.328931572,RS,Loja Física,Informática,Distribuidor,Produto_98,4,1199.29001583665,858.1763950309601,341.11362080569006,2023,1,January,1,Thursday,28.44,299.82,Lucrativo
2023-01-06 06:11:40.120048019,PR,Loja Física,Eletrônicos,Distribuidor,Produto_23,11,1232.849746947707,989.3763827191,243.47336422860712,2023,1,January,1,Friday,19.75,112.08,Lucrativo
2023-01-06 06:11:40.120048019,SC,Marketplace,Eletrônicos,Corporativo,Produto_86,13,29917.05304441017,20642.71468007769,9274.33836433248,2023,1,January,1,Friday,31.0,2301.31,Lucrativo
2023-01-06 06:11:40.120048019,MG,Representante,Informática,Distribuidor,Produto_4,9,3769.42493248302,2263.820875011221,1505.604057471799,2023,1,January,1,Friday,39.94,418.82,Lucrativo
2023-01-06 06:11:40.120048019,ES,Representante,Serviços,Corporativo,Produto_113,10,9210.815903290266,6600.913760002332,2609.902143287933,2023,1,January,1,Friday,28.34,921.08,Lucrativo
2023-01-06 06:11:40.120048019,RS,Representante,Serviços,Distribuidor,Produto_64,5,8503.591228274923,6335.573996255277,2168.017232019646,2023,1,January,1,Friday,25.5,1700.72,Lucrativo
2023-01-06 20:12:57.911164465,BA,Representante,Acessórios,Varejo,Produto_71,1,1609.3532359477376,1189.9345290578265,419.4187068899112,2023,1,January,1,Friday,26.06,1609.35,Lucrativo
2023-01-07 03:13:36.806722689,PR,Marketplace,Acessórios,Distribuidor,Produto_73,13,4727.36402023705,3203.37790806931,1523.98611216774,2023,1,January,1,Saturday,32.24,363.64,Lucrativo
2023-01-07 03:13:36.806722689,RS,Marketplace,Móveis,Corporativo,Produto_36,3,1634.245490272714,1269.2913430797764,364.9541471929376,2023,1,January,1,Saturday,22.33,544.75,Lucrativo
2023-01-07 10:14:15.702280912,MG,Representante,Eletrônicos,Corporativo,Produto_94,1,1349.315252370604,955.1163044839742,394.19894788662975,2023,1,January,1,Saturday,29.21,1349.32,Lucrativo
2023-01-07 10:14:15.702280912,SP,Representante,Eletrônicos,Varejo,Produto_1,6,718.7120150742912,422.5925660352536,296.11944903903765,2023,1,January,1,Saturday,41.2,119.79,Lucrativo
2023-01-08 00:15:33.493397359,BA,Representante,Móveis,Corporativo,Produto_90,4,5259.063892285759,3646.7335807472136,1612.3303115385452,2023,1,January,1,Sunday,30.66,1314.77,Lucrativo
2023-01-08 00:15:33.493397359,MG,Representante,Eletrônicos,Varejo,Produto_77,12,17473.080683020118,10201.020473638262,7272.060209381856,2023,1,January,1,Sunday,41.62,1456.09,Lucrativo
2023-01-08 07:16:12.388955582,SP,Loja Física,Informática,Distribuidor,Produto_30,6,8680.866529985044,7279.111566792606,1401.7549631924376,2023,1,January,1,Sunday,16.15,1446.81,Lucrativo
2023-01-08 21:17:30.180072028,BA,Loja Física,Serviços,Varejo,Produto_55,3,4176.415147727299,2421.895824810965,1754.5193229163335,2023,1,January,1,Sunday,42.01,1392.14,Lucrativo
2023-01-10 08:20:44.657863145,PR,Marketplace,Móveis,Varejo,Produto_7,1,392.3646159326681,282.06282769677006,110.30178823589809,2023,1,January,1,Tuesday,28.11,392.36,Lucrativo
2023-01-11 05:22:41.344537815,ES,Marketplace,Acessórios,Distribuidor,Produto_70,9,14465.451092340703,10288.413501026342,4177.037591314363,2023,1,January,1,Wednesday,28.88,1607.27,Lucrativo
2023-01-11 05:22:41.344537815,SC,Loja Física,Móveis,Distribuidor,Produto_9,8,4477.771145211962,3619.207949575029,858.563195636933,2023,1,January,1,Wednesday,19.17,559.72,Lucrativo
2023-01-12 02:24:38.031212485,SC,Loja Física,Informática,Corporativo,Produto_57,8,840.8496608565936,492.29347245904574,348.5561883975478,2023,1,January,1,Thursday,41.45,105.11,Lucrativo
2023-01-12 09:25:16.926770708,BA,Loja Física,Informática,Varejo,Produto_115,9,3930.0849376605584,2590.617169909029,1339.4677677515292,2023,1,January,1,Thursday,34.08,436.68,Lucrativo
2023-01-12 09:25:16.926770708,SP,Online,Eletrônicos,Corporativo,Produto_76,1,1435.4767918209786,851.0202395109566,584.4565523100221,2023,1,January,1,Thursday,40.72,1435.48,Lucrativo
2023-01-12 09:25:16.926770708,SP,Marketplace,Informática,Varejo,Produto_15,6,13656.577845654198,10185.695862832656,3470.881982821542,2023,1,January,1,Thursday,25.42,2276.1,Lucrativo
2023-01-12 16:25:55.822328931,RJ,Representante,Serviços,Corporativo,Produto_73,6,4184.385871139521,2494.677286717067,1689.7085844224544,2023,1,January,1,Thursday,40.38,697.4,Lucrativo
2023-01-12 16:25:55.822328931,ES,Loja Física,Acessórios,Varejo,Produto_8,2,4668.786931118429,3248.143296785328,1420.6436343331006,2023,1,January,1,Thursday,30.43,2334.39,Lucrativo
2023-01-12 23:26:34.717887154,BA,Loja Física,Acessórios,Varejo,Produto_54,11,21880.611904191213,15856.010135227394,6024.601768963819,2023,1,January,1,Thursday,27.53,1989.15,Lucrativo
2023-01-13 06:27:13.613445378,MG,Online,Eletrônicos,Varejo,Produto_10,4,7938.750935248927,4540.344690311946,3398.406244936981,2023,1,January,1,Friday,42.81,1984.69,Lucrativo
2023-01-13 06:27:13.613445378,RS,Marketplace,Informática,Varejo,Produto_69,14,15475.107731807517,11831.61062667758,3643.4971051299344,2023,1,January,1,Friday,23.54,1105.36,Lucrativo
2023-01-13 06:27:13.613445378,RJ,Marketplace,Serviços,Distribuidor,Produto_59,7,5479.841657145074,3493.892725475191,1985.9489316698832,2023,1,January,1,Friday,36.24,782.83,Lucrativo
2023-01-13 06:27:13.613445378,RS,Representante,Informática,Distribuidor,Produto_103,8,8772.290541740458,5200.718491263283,3571.5720504771757,2023,1,January,1,Friday,40.71,1096.54,Lucrativo
2023-01-13 13:27:52.509003601,RJ,Online,Serviços,Distribuidor,Produto_116,12,6626.410330207758,3727.745700219172,2898.6646299885865,2023,1,January,1,Friday,43.74,552.2,Lucrativo
2023-01-15 00:31:06.986794718,ES,Representante,Acessórios,Varejo,Produto_66,2,1960.429957181365,1394.0660280087727,566.363929172592,2023,1,January,1,Sunday,28.89,980.21,Lucrativo
2023-01-15 07:31:45.882352941,RJ,Marketplace,Acessórios,Distribuidor,Produto_101,9,10925.793340146329,9083.942535977809,1841.8508041685216,2023,1,January,1,Sunday,16.86,1213.98,Lucrativo
2023-01-15 07:31:45.882352941,SC,Representante,Serviços,Varejo,Produto_52,5,8319.373094285727,5180.695158253324,3138.6779360324035,2023,1,January,1,Sunday,37.73,1663.87,Lucrativo
2023-01-15 14:32:24.777911164,RS,Marketplace,Serviços,Distribuidor,Produto_57,1,1382.3063122712892,932.7041673121244,449.6021449591649,2023,1,January,1,Sunday,32.53,1382.31,Lucrativo
2023-01-16 04:33:42.569027611,BA,Loja Física,Serviços,Distribuidor,Produto_116,8,19837.59888423376,15331.31781688543,4506.281067348331,2023,1,January,1,Monday,22.72,2479.7,Lucrativo
2023-01-16 11:34:21.464585834,BA,Online,Móveis,Distribuidor,Produto_49,11,10711.106638576166,6250.127253209056,4460.97938536711,2023,1,January,1,Monday,41.65,973.74,Lucrativo
2023-01-17 08:36:18.151260504,MG,Representante,Acessórios,Corporativo,Produto_72,4,4686.785573069073,3345.5043009699307,1341.281272099142,2023,1,January,1,Tuesday,28.62,1171.7,Lucrativo
2023-01-17 15:36:57.046818727,SC,Loja Física,Informática,Corporativo,Produto_96,3,998.392571176368,798.0187944710599,200.37377670530805,2023,1,January,1,Tuesday,20.07,332.8,Lucrativo
2023-01-17 22:37:35.942376950,RJ,Loja Física,Informática,Varejo,Produto_101,7,14918.546837581998,10561.695828305168,4356.85100927683,2023,1,January,1,Tuesday,29.2,2131.22,Lucrativo
2023-01-18 05:38:14.837935174,RS,Marketplace,Eletrônicos,Distribuidor,Produto_101,5,10114.28906530212,7875.734222057308,2238.554843244812,2023,1,January,1,Wednesday,22.13,2022.86,Lucrativo
2023-01-18 12:38:53.733493397,ES,Online,Serviços,Distribuidor,Produto_29,3,1580.5601407702422,1288.513261333788,292.0468794364542,2023,1,January,1,Wednesday,18.48,526.85,Lucrativo
2023-01-18 12:38:53.733493397,PR,Online,Serviços,Corporativo,Produto_42,9,20942.13496943637,17711.625874113164,3230.5090953232066,2023,1,January,1,Wednesday,15.43,2326.9,Lucrativo
2023-01-19 02:40:11.524609844,PR,Loja Física,Móveis,Distribuidor,Produto_94,5,4062.265651771773,2293.2537333375626,1769.0119184342095,2023,1,January,1,Thursday,43.55,812.45,Lucrativo
2023-01-19 16:41:29.315726290,ES,Loja Física,Serviços,Varejo,Produto_117,4,9362.135586249044,6440.570740644429,2921.5648456046165,2023,1,January,1,Thursday,31.21,2340.53,Lucrativo
2023-01-20 06:42:47.106842737,SP,Online,Informática,Varejo,Produto_19,11,22131.112990426413,12341.573471087591,9789.53951933882,2023,1,January,1,Friday,44.23,2011.92,Lucrativo
2023-01-20 13:43:26.002400960,BA,Representante,Informática,Varejo,Produto_104,10,22441.788154783942,13821.748376484264,8620.039778299679,2023,1,January,1,Friday,38.41,2244.18,Lucrativo
2023-01-20 13:43:26.002400960,SP,Online,Acessórios,Corporativo,Produto_37,6,13006.870968683848,8766.199247016975,4240.671721666873,2023,1,January,1,Friday,32.6,2167.81,Lucrativo
2023-01-20 20:44:04.897959183,MG,Online,Eletrônicos,Corporativo,Produto_64,2,2214.0141884836926,1659.654510294695,554.3596781889976,2023,1,January,1,Friday,25.04,1107.01,Lucrativo
2023-01-20 20:44:04.897959183,RJ,Representante,Eletrônicos,Corporativo,Produto_107,6,8435.883637296547,5342.096179068655,3093.787458227892,2023,1,January,1,Friday,36.67,1405.98,Lucrativo
2023-01-21 10:45:22.689075630,RJ,Marketplace,Serviços,Distribuidor,Produto_116,2,4922.459877063879,3208.211636461083,1714.2482406027957,2023,1,January,1,Saturday,34.83,2461.23,Lucrativo
2023-01-22 00:46:40.480192076,RJ,Online,Informática,Varejo,Produto_68,11,16573.12522585896,11000.199288692933,5572.925937166028,2023,1,January,1,Sunday,33.63,1506.65,Lucrativo
2023-01-22 00:46:40.480192076,RJ,Marketplace,Informática,Varejo,Produto_40,6,4181.1983067446345,3312.1612022611803,869.0371044834542,2023,1,January,1,Sunday,20.78,696.87,Lucrativo
2023-01-22 00:46:40.480192076,BA,Loja Física,Acessórios,Varejo,Produto_97,7,4842.086549147128,3849.68158099533,992.4049681517976,2023,1,January,1,Sunday,20.5,691.73,Lucrativo
2023-01-22 00:46:40.480192076,SC,Loja Física,Eletrônicos,Distribuidor,Produto_9,9,8046.533822730742,6012.70803125081,2033.8257914799324,2023,1,January,1,Sunday,25.28,894.06,Lucrativo
2023-01-22 14:47:58.271308523,RS,Online,Móveis,Varejo,Produto_19,9,1386.6568042312108,986.6046505277732,400.05215370343774,2023,1,January,1,Sunday,28.85,154.07,Lucrativo
2023-01-23 04:49:16.062424970,RS,Marketplace,Serviços,Varejo,Produto_105,3,7165.2841424089565,3988.4979946411095,3176.786147767847,2023,1,January,1,Monday,44.34,2388.43,Lucrativo
2023-01-23 04:49:16.062424970,BA,Representante,Informática,Corporativo,Produto_8,3,398.5864636506665,231.97920287167244,166.60726077899403,2023,1,January,1,Monday,41.8,132.86,Lucrativo
2023-01-23 11:49:54.957983193,MG,Loja Física,Eletrônicos,Corporativo,Produto_25,10,5251.167995834459,4283.982942115461,967.1850537189983,2023,1,January,1,Monday,18.42,525.12,Lucrativo
2023-01-23 18:50:33.853541416,RS,Marketplace,Móveis,Corporativo,Produto_86,13,7744.548333217469,5565.568052727158,2178.980280490311,2023,1,January,1,Monday,28.14,595.73,Lucrativo
2023-01-24 15:52:30.540216086,RJ,Representante,Informática,Distribuidor,Produto_31,2,3976.253503042751,2232.780363387151,1743.4731396556,2023,1,January,1,Tuesday,43.85,1988.13,Lucrativo
2023-01-24 15:52:30.540216086,MG,Marketplace,Eletrônicos,Varejo,Produto_32,3,2840.003722370632,2040.881288217264,799.122434153368,2023,1,January,1,Tuesday,28.14,946.67,Lucrativo
2023-01-24 22:53:09.435774309,RS,Representante,Serviços,Corporativo,Produto_10,4,727.8487216599455,410.27436218527856,317.5743594746669,2023,1,January,1,Tuesday,43.63,181.96,Lucrativo
2023-01-24 22:53:09.435774309,SC,Online,Informática,Distribuidor,Produto_96,11,12981.24086845372,10642.114192699984,2339.126675753738,2023,1,January,1,Tuesday,18.02,1180.11,Lucrativo
2023-01-25 05:53:48.331332533,RJ,Online,Informática,Corporativo,Produto_95,10,14260.96907393916,10077.87256367664,4183.096510262521,2023,1,January,1,Wednesday,29.33,1426.1,Lucrativo
2023-01-25 19:55:06.122448979,SP,Marketplace,Acessórios,Varejo,Produto_39,4,6217.1522155412085,4667.2367309332885,1549.91548460792,2023,1,January,1,Wednesday,24.93,1554.29,Lucrativo
2023-01-25 19:55:06.122448979,RJ,Loja Física,Eletrônicos,Distribuidor,Produto_108,1,1904.3648387499368,1460.6622731017476,443.7025656481892,2023,1,January,1,Wednesday,23.3,1904.36,Lucrativo
2023-01-26 02:55:45.018007202,MG,Representante,Eletrônicos,Corporativo,Produto_60,9,1475.2376751932609,1054.708751150094,420.5289240431666,2023,1,January,1,Thursday,28.51,163.92,Lucrativo
2023-01-26 02:55:45.018007202,BA,Loja Física,Informática,Varejo,Produto_39,4,4583.457090751755,3528.5903964961285,1054.866694255626,2023,1,January,1,Thursday,23.01,1145.86,Lucrativo
2023-01-26 09:56:23.913565426,MG,Marketplace,Serviços,Varejo,Produto_10,9,18394.86109717643,13791.262742612756,4603.598354563674,2023,1,January,1,Thursday,25.03,2043.87,Lucrativo
2023-01-27 13:58:59.495798319,SP,Marketplace,Informática,Varejo,Produto_98,7,12446.861168495465,6931.291649936175,5515.569518559289,2023,1,January,1,Friday,44.31,1778.12,Lucrativo
2023-01-27 20:59:38.391356542,BA,Marketplace,Serviços,Varejo,Produto_89,12,26869.78205345302,21967.727535722024,4902.054517730994,2023,1,January,1,Friday,18.24,2239.15,Lucrativo
2023-01-28 11:00:56.182472989,SP,Representante,Acessórios,Corporativo,Produto_59,10,8584.248191644994,6396.097548541293,2188.150643103701,2023,1,January,1,Saturday,25.49,858.42,Lucrativo
2023-01-29 08:02:52.869147659,SP,Online,Acessórios,Varejo,Produto_21,12,2491.116698658599,1377.9671791228363,1113.1495195357627,2023,1,January,1,Sunday,44.68,207.59,Lucrativo
2023-01-29 22:04:10.660264105,BA,Representante,Acessórios,Distribuidor,Produto_11,6,3187.5490633692825,2188.427760590092,999.121302779191,2023,1,January,1,Sunday,31.34,531.26,Lucrativo
2023-01-31 02:06:46.242496999,RJ,Online,Eletrônicos,Corporativo,Produto_33,7,15500.078252890731,12756.23750072275,2743.840752167984,2023,1,January,1,Tuesday,17.7,2214.3,Lucrativo
2023-01-31 02:06:46.242496999,ES,Marketplace,Acessórios,Varejo,Produto_45,14,30595.218876228755,25517.62972273078,5077.589153497975,2023,1,January,1,Tuesday,16.6,2185.37,Lucrativo
2023-01-31 09:07:25.138055222,RS,Online,Serviços,Varejo,Produto_95,7,11201.291820029764,8437.753377121326,2763.538442908439,2023,1,January,1,Tuesday,24.67,1600.18,Lucrativo
2023-01-31 09:07:25.138055222,SP,Online,Informática,Corporativo,Produto_114,2,784.5418986303206,663.7997418481265,120.74215678219412,2023,1,January,1,Tuesday,15.39,392.27,Lucrativo
2023-01-31 09:07:25.138055222,RJ,Representante,Serviços,Corporativo,Produto_15,13,11449.511629144576,7840.295121948234,3609.216507196342,2023,1,January,1,Tuesday,31.52,880.73,Lucrativo
2023-01-31 16:08:04.033613445,BA,Marketplace,Serviços,Corporativo,Produto_62,12,17641.944132083692,13743.95168274514,3897.992449338553,2023,1,January,1,Tuesday,22.1,1470.16,Lucrativo
2023-02-02 10:11:57.406962785,PR,Marketplace,Eletrônicos,Varejo,Produto_101,5,5460.348800270547,3471.5547478494505,1988.7940524210967,2023,2,February,1,Thursday,36.42,1092.07,Lucrativo
2023-02-02 17:12:36.302521008,PR,Marketplace,Acessórios,Distribuidor,Produto_90,7,9041.334994136689,5829.991937260939,3211.343056875748,2023,2,February,1,Thursday,35.52,1291.62,Lucrativo
2023-02-02 17:12:36.302521008,SC,Representante,Móveis,Corporativo,Produto_39,10,18295.746933995026,15112.10322071543,3183.6437132795963,2023,2,February,1,Thursday,17.4,1829.57,Lucrativo
2023-02-03 00:13:15.198079231,SC,Online,Informática,Corporativo,Produto_79,5,12468.332924563458,8367.609568632757,4100.723355930701,2023,2,February,1,Friday,32.89,2493.67,Lucrativo
2023-02-03 07:13:54.093637455,MG,Marketplace,Informática,Distribuidor,Produto_84,10,990.8424098917708,637.4980305700983,353.3443793216726,2023,2,February,1,Friday,35.66,99.08,Lucrativo
2023-02-03 14:14:32.989195678,MG,Representante,Serviços,Corporativo,Produto_73,6,7531.171370359938,5160.359648580756,2370.8117217791823,2023,2,February,1,Friday,31.48,1255.2,Lucrativo
2023-02-03 14:14:32.989195678,ES,Representante,Serviços,Distribuidor,Produto_8,4,9706.632462797608,6042.823705707647,3663.8087570899615,2023,2,February,1,Friday,37.75,2426.66,Lucrativo
2023-02-03 14:14:32.989195678,BA,Loja Física,Eletrônicos,Varejo,Produto_104,12,19816.88436790123,14471.333865359904,5345.550502541328,2023,2,February,1,Friday,26.97,1651.41,Lucrativo
2023-02-04 04:15:50.780312125,PR,Online,Móveis,Corporativo,Produto_72,12,3760.4599310172152,2915.5115009178453,844.94843009937,2023,2,February,1,Saturday,22.47,313.37,Lucrativo
2023-02-04 11:16:29.675870348,PR,Online,Acessórios,Distribuidor,Produto_116,9,19105.76456266305,11011.164471611522,8094.600091051532,2023,2,February,1,Saturday,42.37,2122.86,Lucrativo
2023-02-04 11:16:29.675870348,RJ,Marketplace,Acessórios,Varejo,Produto_117,1,2310.55577988439,1552.2550837996328,758.3006960847579,2023,2,February,1,Saturday,32.82,2310.56,Lucrativo
2023-02-05 01:17:47.466986794,SC,Loja Física,Acessórios,Distribuidor,Produto_64,8,18783.05468711713,12295.46999372816,6487.584693388972,2023,2,February,1,Sunday,34.54,2347.88,Lucrativo
2023-02-05 22:19:44.153661464,RJ,Loja Física,Informática,Corporativo,Produto_18,8,18887.39195360059,14126.228765674452,4761.163187926137,2023,2,February,1,Sunday,25.21,2360.92,Lucrativo
2023-02-05 22:19:44.153661464,ES,Loja Física,Eletrônicos,Varejo,Produto_64,6,5099.149128333724,3035.6920308142253,2063.4570975194983,2023,2,February,1,Sunday,40.47,849.86,Lucrativo
2023-02-05 22:19:44.153661464,BA,Loja Física,Acessórios,Varejo,Produto_65,6,9745.92476232675,7271.590671177723,2474.334091149026,2023,2,February,1,Sunday,25.39,1624.32,Lucrativo
2023-02-06 12:21:01.944777911,MG,Representante,Informática,Distribuidor,Produto_69,10,11055.02607428458,8905.396629203484,2149.6294450810965,2023,2,February,1,Monday,19.44,1105.5,Lucrativo
2023-02-06 12:21:01.944777911,ES,Representante,Acessórios,Varejo,Produto_13,14,23153.87848895637,14796.892371609503,8356.986117346865,2023,2,February,1,Monday,36.09,1653.85,Lucrativo
2023-02-06 12:21:01.944777911,PR,Marketplace,Eletrônicos,Corporativo,Produto_62,10,23532.98638610805,19316.39620667952,4216.590179428531,2023,2,February,1,Monday,17.92,2353.3,Lucrativo
2023-02-07 02:22:19.735894357,RJ,Marketplace,Móveis,Distribuidor,Produto_107,13,5554.517490336999,3879.458608951806,1675.0588813851928,2023,2,February,1,Tuesday,30.16,427.27,Lucrativo
2023-02-07 02:22:19.735894357,RS,Loja Física,Informática,Distribuidor,Produto_27,8,11262.196453661803,8704.055757028324,2558.1406966334816,2023,2,February,1,Tuesday,22.71,1407.77,Lucrativo
2023-02-07 09:22:58.631452581,ES,Marketplace,Móveis,Varejo,Produto_65,1,446.9549200928773,265.15554958054616,181.7993705123311,2023,2,February,1,Tuesday,40.68,446.95,Lucrativo
2023-02-07 16:23:37.527010804,MG,Representante,Acessórios,Corporativo,Produto_62,9,10233.92168410128,7635.208304817397,2598.713379283883,2023,2,February,1,Tuesday,25.39,1137.1,Lucrativo
2023-02-07 16:23:37.527010804,BA,Marketplace,Móveis,Distribuidor,Produto_21,7,13427.477171726445,7803.04035346913,5624.436818257313,2023,2,February,1,Tuesday,41.89,1918.21,Lucrativo
2023-02-08 06:24:55.318127251,SP,Loja Física,Serviços,Corporativo,Produto_81,9,13321.296116030751,9097.079302817983,4224.21681321277,2023,2,February,1,Wednesday,31.71,1480.14,Lucrativo
2023-02-08 20:26:13.109243697,RJ,Loja Física,Acessórios,Varejo,Produto_100,2,3447.0928500232635,2680.192453955089,766.9003960681744,2023,2,February,1,Wednesday,22.25,1723.55,Lucrativo
2023-02-09 03:26:52.004801920,SP,Marketplace,Eletrônicos,Varejo,Produto_68,3,5489.565844694362,3650.5914259729375,1838.9744187214235,2023,2,February,1,Thursday,33.5,1829.86,Lucrativo
2023-02-09 17:28:09.795918367,SC,Online,Móveis,Distribuidor,Produto_85,13,22447.67577325753,13193.657512606287,9254.018260651246,2023,2,February,1,Thursday,41.22,1726.74,Lucrativo
2023-02-09 17:28:09.795918367,ES,Loja Física,Acessórios,Corporativo,Produto_35,5,3685.640963935104,2429.822125220704,1255.8188387144005,2023,2,February,1,Thursday,34.07,737.13,Lucrativo
2023-02-09 17:28:09.795918367,RJ,Marketplace,Eletrônicos,Varejo,Produto_29,8,12184.22673599454,7552.504999874975,4631.721736119565,2023,2,February,1,Thursday,38.01,1523.03,Lucrativo
2023-02-09 17:28:09.795918367,RJ,Loja Física,Acessórios,Corporativo,Produto_104,4,2292.27446032776,1514.9780242969562,777.2964360308035,2023,2,February,1,Thursday,33.91,573.07,Lucrativo
2023-02-10 00:28:48.691476590,RJ,Representante,Eletrônicos,Distribuidor,Produto_52,13,23333.306544864547,16825.640999584517,6507.66554528003,2023,2,February,1,Friday,27.89,1794.87,Lucrativo
2023-02-10 07:29:27.587034814,ES,Representante,Acessórios,Distribuidor,Produto_32,14,5102.769022305286,4177.754533381914,925.0144889233716,2023,2,February,1,Friday,18.13,364.48,Lucrativo
2023-02-10 07:29:27.587034814,RS,Online,Eletrônicos,Varejo,Produto_64,5,10210.692951620003,6698.4137462671,3512.2792053529056,2023,2,February,1,Friday,34.4,2042.14,Lucrativo
2023-02-10 14:30:06.482593037,SC,Online,Informática,Varejo,Produto_88,8,19526.70075513434,14237.491697016403,5289.209058117938,2023,2,February,1,Friday,27.09,2440.84,Lucrativo
2023-02-10 21:30:45.378151260,RS,Loja Física,Eletrônicos,Corporativo,Produto_60,2,289.4612530531886,180.5604774422658,108.9007756109228,2023,2,February,1,Friday,37.62,144.73,Lucrativo
2023-02-10 21:30:45.378151260,RS,Online,Acessórios,Varejo,Produto_28,10,12799.309297793889,10054.78676654324,2744.522531250648,2023,2,February,1,Friday,21.44,1279.93,Lucrativo
2023-02-10 21:30:45.378151260,BA,Loja Física,Acessórios,Distribuidor,Produto_82,9,20661.60951761444,17544.84577179525,3116.7637458191894,2023,2,February,1,Friday,15.08,2295.73,Lucrativo
2023-02-11 04:31:24.273709484,ES,Online,Móveis,Corporativo,Produto_51,5,12162.93588788295,8100.893209397821,4062.042678485129,2023,2,February,1,Saturday,33.4,2432.59,Lucrativo
2023-02-11 04:31:24.273709484,SP,Representante,Serviços,Distribuidor,Produto_110,4,778.2326731911829,611.7316141020736,166.50105908910928,2023,2,February,1,Saturday,21.39,194.56,Lucrativo
2023-02-12 08:33:59.855942377,RJ,Online,Acessórios,Varejo,Produto_113,5,2993.2458080437714,2538.591997453383,454.6538105903883,2023,2,February,1,Sunday,15.19,598.65,Lucrativo
2023-02-12 15:34:38.751500600,ES,Online,Informática,Corporativo,Produto_1,4,1169.2635760631008,897.9565845656784,271.3069914974224,2023,2,February,1,Sunday,23.2,292.32,Lucrativo
2023-02-12 22:35:17.647058823,MG,Marketplace,Serviços,Corporativo,Produto_53,5,2554.79985831526,1746.7817753873942,808.0180829278656,2023,2,February,1,Sunday,31.63,510.96,Lucrativo
2023-02-13 05:35:56.542617047,PR,Marketplace,Serviços,Distribuidor,Produto_37,13,23200.16088825057,14597.309716961485,8602.851171289089,2023,2,February,1,Monday,37.08,1784.63,Lucrativo
2023-02-13 05:35:56.542617047,RJ,Online,Informática,Corporativo,Produto_37,7,2998.2162954308687,1953.1339449066245,1045.0823505242445,2023,2,February,1,Monday,34.86,428.32,Lucrativo
2023-02-13 19:37:14.333733493,RJ,Loja Física,Acessórios,Varejo,Produto_53,2,2982.737842908212,2054.119951852682,928.61789105553,2023,2,February,1,Monday,31.13,1491.37,Lucrativo
2023-02-14 09:38:32.124849940,ES,Online,Informática,Varejo,Produto_15,9,21982.775494897636,17159.291118073947,4823.484376823686,2023,2,February,1,Tuesday,21.94,2442.53,Lucrativo
2023-02-14 16:39:11.020408163,MG,Loja Física,Serviços,Distribuidor,Produto_104,1,337.315835407081,248.799142712222,88.51669269485902,2023,2,February,1,Tuesday,26.24,337.32,Lucrativo
2023-02-14 16:39:11.020408163,BA,Marketplace,Móveis,Varejo,Produto_68,4,7600.835287632953,4470.0985929743,3130.7366946586526,2023,2,February,1,Tuesday,41.19,1900.21,Lucrativo
2023-02-14 16:39:11.020408163,SC,Representante,Acessórios,Corporativo,Produto_81,4,5627.010313472632,3283.6631561907566,2343.347157281876,2023,2,February,1,Tuesday,41.64,1406.75,Lucrativo
2023-02-15 06:40:28.811524610,RJ,Loja Física,Móveis,Distribuidor,Produto_54,2,1533.1227627954315,1113.6855637245146,419.4371990709169,2023,2,February,1,Wednesday,27.36,766.56,Lucrativo
2023-02-15 06:40:28.811524610,RS,Loja Física,Móveis,Corporativo,Produto_75,5,5708.853478224169,3593.259984229949,2115.5934939942194,2023,2,February,1,Wednesday,37.06,1141.77,Lucrativo
2023-02-16 03:42:25.498199279,RJ,Marketplace,Eletrônicos,Corporativo,Produto_66,11,9216.80372083812,7703.615263871181,1513.1884569669382,2023,2,February,1,Thursday,16.42,837.89,Lucrativo
2023-02-16 03:42:25.498199279,MG,Marketplace,Serviços,Distribuidor,Produto_52,8,2231.696688310008,1267.3624176229685,964.3342706870392,2023,2,February,1,Thursday,43.21,278.96,Lucrativo
2023-02-16 10:43:04.393757503,ES,Marketplace,Informática,Corporativo,Produto_41,9,9660.332995763254,7139.809258704631,2520.523737058623,2023,2,February,1,Thursday,26.09,1073.37,Lucrativo
2023-02-16 10:43:04.393757503,SC,Representante,Eletrônicos,Corporativo,Produto_36,11,25259.77663949693,14105.829827135964,11153.946812360966,2023,2,February,1,Thursday,44.16,2296.34,Lucrativo
2023-02-16 17:43:43.289315726,RJ,Marketplace,Informática,Varejo,Produto_14,3,1561.9911481157546,1147.3047325645905,414.6864155511644,2023,2,February,1,Thursday,26.55,520.66,Lucrativo
2023-02-16 17:43:43.289315726,ES,Marketplace,Móveis,Varejo,Produto_62,14,22632.265158056383,17328.264361896374,5304.0007961600095,2023,2,February,1,Thursday,23.44,1616.59,Lucrativo
2023-02-17 00:44:22.184873949,RS,Loja Física,Informática,Corporativo,Produto_89,7,8868.015241858027,6408.900593907962,2459.114647950066,2023,2,February,1,Friday,27.73,1266.86,Lucrativo
2023-02-17 00:44:22.184873949,BA,Online,Serviços,Varejo,Produto_34,6,12873.033012304975,8522.676868215518,4350.356144089457,2023,2,February,1,Friday,33.79,2145.51,Lucrativo
2023-02-17 00:44:22.184873949,MG,Marketplace,Móveis,Varejo,Produto_86,11,9759.076068159651,6453.544221130677,3305.531847028974,2023,2,February,1,Friday,33.87,887.19,Lucrativo
2023-02-17 07:45:01.080432173,SP,Representante,Acessórios,Varejo,Produto_46,7,3582.570056447653,2874.5045219201183,708.0655345275345,2023,2,February,1,Friday,19.76,511.8,Lucrativo
2023-02-17 07:45:01.080432173,RS,Online,Acessórios,Distribuidor,Produto_15,1,1838.2932923058152,1458.626180012114,379.6671122937012,2023,2,February,1,Friday,20.65,1838.29,Lucrativo
2023-02-17 14:45:39.975990396,SC,Representante,Serviços,Distribuidor,Produto_42,6,12059.877586566365,10078.092201254938,1981.7853853114248,2023,2,February,1,Friday,16.43,2009.98,Lucrativo
2023-02-17 14:45:39.975990396,SC,Online,Eletrônicos,Varejo,Produto_76,13,14950.005803933294,8330.31615725654,6619.689646676754,2023,2,February,1,Friday,44.28,1150.0,Lucrativo
2023-02-17 21:46:18.871548619,RJ,Loja Física,Eletrônicos,Varejo,Produto_91,13,13623.51113664582,8553.047454939957,5070.463681705862,2023,2,February,1,Friday,37.22,1047.96,Lucrativo
2023-02-17 21:46:18.871548619,ES,Online,Acessórios,Corporativo,Produto_104,14,4911.69363531486,2870.461034256866,2041.2326010579943,2023,2,February,1,Friday,41.56,350.84,Lucrativo
2023-02-18 04:46:57.767106842,RS,Representante,Acessórios,Varejo,Produto_54,12,1750.2692616997624,1393.1707607837714,357.09850091599105,2023,2,February,1,Saturday,20.4,145.86,Lucrativo
2023-02-18 11:47:36.662665066,RJ,Representante,Serviços,Varejo,Produto_66,7,11204.786862029412,7932.615609832625,3272.1712521967875,2023,2,February,1,Saturday,29.2,1600.68,Lucrativo
2023-02-19 15:50:12.244897959,RJ,Online,Móveis,Distribuidor,Produto_32,5,1818.6754465867853,1090.9590021302572,727.716444456528,2023,2,February,1,Sunday,40.01,363.74,Lucrativo
2023-02-20 05:51:30.036014405,RJ,Loja Física,Informática,Distribuidor,Produto_39,9,8788.243073098767,6346.137653675899,2442.105419422868,2023,2,February,1,Monday,27.79,976.47,Lucrativo
2023-02-20 12:52:08.931572629,BA,Marketplace,Móveis,Varejo,Produto_59,14,32803.877611584736,21362.6859288011,11441.191682783636,2023,2,February,1,Monday,34.88,2343.13,Lucrativo
2023-02-20 19:52:47.827130852,PR,Marketplace,Móveis,Distribuidor,Produto_62,14,19332.13685886099,14724.922541299276,4607.214317561717,2023,2,February,1,Monday,23.83,1380.87,Lucrativo
2023-02-21 02:53:26.722689075,RS,Representante,Móveis,Distribuidor,Produto_67,12,16452.460458622663,11717.196626273528,4735.263832349136,2023,2,February,1,Tuesday,28.78,1371.04,Lucrativo
2023-02-21 09:54:05.618247299,SC,Loja Física,Informática,Varejo,Produto_38,1,1204.6957843034452,737.2760864321272,467.419697871318,2023,2,February,1,Tuesday,38.8,1204.7,Lucrativo
2023-02-21 23:55:23.409363745,PR,Marketplace,Serviços,Corporativo,Produto_61,6,12626.463142509929,8778.875738221308,3847.5874042886207,2023,2,February,1,Tuesday,30.47,2104.41,Lucrativo
2023-02-22 13:56:41.200480192,SP,Loja Física,Serviços,Varejo,Produto_17,7,4533.4434693452085,2634.0840447850774,1899.3594245601312,2023,2,February,1,Wednesday,41.9,647.63,Lucrativo
2023-02-23 03:57:58.991596639,MG,Marketplace,Informática,Varejo,Produto_7,11,7353.324378603726,4406.085433832933,2947.238944770793,2023,2,February,1,Thursday,40.08,668.48,Lucrativo
2023-02-23 03:57:58.991596639,RJ,Online,Eletrônicos,Distribuidor,Produto_9,13,13872.352448204963,10498.350996620631,3374.001451584332,2023,2,February,1,Thursday,24.32,1067.1,Lucrativo
2023-02-23 03:57:58.991596639,BA,Loja Física,Informática,Corporativo,Produto_96,1,139.87581321662867,114.30166711268532,25.57414610394335,2023,2,February,1,Thursday,18.28,139.88,Lucrativo
2023-02-23 03:57:58.991596639,SC,Representante,Eletrônicos,Varejo,Produto_18,10,4639.817675928313,3919.339902123612,720.477773804701,2023,2,February,1,Thursday,15.53,463.98,Lucrativo
2023-02-24 00:59:55.678271308,ES,Representante,Eletrônicos,Distribuidor,Produto_2,7,13602.562078970968,11319.704766566772,2282.857312404196,2023,2,February,1,Friday,16.78,1943.22,Lucrativo
2023-02-24 08:00:34.573829532,BA,Marketplace,Móveis,Distribuidor,Produto_36,9,8744.102742259238,5808.565174657003,2935.537567602235,2023,2,February,1,Friday,33.57,971.57,Lucrativo
2023-02-24 15:01:13.469387755,ES,Representante,Eletrônicos,Distribuidor,Produto_58,8,768.172791308764,571.1602541563401,197.01253715242387,2023,2,February,1,Friday,25.65,96.02,Lucrativo
2023-02-24 15:01:13.469387755,SC,Online,Serviços,Corporativo,Produto_106,13,13492.892315127485,10536.479387717478,2956.412927410005,2023,2,February,1,Friday,21.91,1037.91,Lucrativo
2023-02-24 15:01:13.469387755,RJ,Marketplace,Móveis,Corporativo,Produto_107,8,15226.331336803623,10949.764798627346,4276.566538176277,2023,2,February,1,Friday,28.09,1903.29,Lucrativo
2023-02-25 05:02:31.260504202,BA,Online,Acessórios,Varejo,Produto_113,2,1192.5749912489125,888.6669246360847,303.9080666128276,2023,2,February,1,Saturday,25.48,596.29,Lucrativo
2023-02-25 05:02:31.260504202,ES,Online,Informática,Corporativo,Produto_62,13,4766.539053556851,3150.582223644654,1615.9568299121977,2023,2,February,1,Saturday,33.9,366.66,Lucrativo
2023-02-25 05:02:31.260504202,PR,Representante,Informática,Varejo,Produto_74,13,26803.375614186145,16191.614674178942,10611.760940007203,2023,2,February,1,Saturday,39.59,2061.8,Lucrativo
2023-02-25 19:03:49.051620648,PR,Loja Física,Informática,Distribuidor,Produto_62,4,9221.430879521282,6788.269880121788,2433.1609993994944,2023,2,February,1,Saturday,26.39,2305.36,Lucrativo
2023-02-26 02:04:27.947178872,RJ,Marketplace,Serviços,Corporativo,Produto_3,3,6428.519520798134,4022.2441583888494,2406.2753624092848,2023,2,February,1,Sunday,37.43,2142.84,Lucrativo
2023-02-26 09:05:06.842737095,SC,Online,Informática,Distribuidor,Produto_47,2,1455.9279879572664,1175.6384343771538,280.2895535801126,2023,2,February,1,Sunday,19.25,727.96,Lucrativo
2023-02-26 09:05:06.842737095,RJ,Online,Eletrônicos,Corporativo,Produto_94,11,13865.475355601042,8813.632872810058,5051.842482790984,2023,2,February,1,Sunday,36.43,1260.5,Lucrativo
2023-02-26 16:05:45.738295318,SP,Representante,Eletrônicos,Varejo,Produto_106,7,1935.021872772014,1228.589760509377,706.432112262637,2023,2,February,1,Sunday,36.51,276.43,Lucrativo
2023-02-26 16:05:45.738295318,BA,Online,Eletrônicos,Corporativo,Produto_84,9,16631.835423043154,10096.412918002608,6535.422505040546,2023,2,February,1,Sunday,39.29,1847.98,Lucrativo
2023-02-26 23:06:24.633853541,SC,Online,Informática,Corporativo,Produto_29,7,15725.143680777775,9371.311710442284,6353.83197033549,2023,2,February,1,Sunday,40.41,2246.45,Lucrativo
2023-02-27 13:07:42.424969988,SC,Marketplace,Serviços,Distribuidor,Produto_86,8,5793.410927290631,4812.950230333649,980.4606969569812,2023,2,February,1,Monday,16.92,724.18,Lucrativo
2023-02-27 13:07:42.424969988,PR,Marketplace,Informática,Corporativo,Produto_112,10,16723.23880192753,10031.975131788242,6691.263670139289,2023,2,February,1,Monday,40.01,1672.32,Lucrativo
2023-02-27 13:07:42.424969988,MG,Representante,Acessórios,Distribuidor,Produto_45,1,1132.8120669195848,720.8896215974312,411.9224453221536,2023,2,February,1,Monday,36.36,1132.81,Lucrativo
2023-02-27 13:07:42.424969988,SC,Loja Física,Eletrônicos,Distribuidor,Produto_34,5,8166.593341300584,5933.984958466817,2232.608382833767,2023,2,February,1,Monday,27.34,1633.32,Lucrativo
2023-02-28 10:09:39.111644658,SC,Representante,Eletrônicos,Corporativo,Produto_104,2,2607.851347449258,1744.5029354051344,863.3484120441235,2023,2,February,1,Tuesday,33.11,1303.93,Lucrativo
2023-02-28 17:10:18.007202881,SP,Online,Informática,Distribuidor,Produto_24,11,7074.289556394359,3972.425313952821,3101.864242441539,2023,2,February,1,Tuesday,43.85,643.12,Lucrativo
2023-02-28 17:10:18.007202881,SC,Loja Física,Informática,Varejo,Produto_87,13,3852.738996781625,2881.522044966057,971.2169518155685,2023,2,February,1,Tuesday,25.21,296.36,Lucrativo
2023-03-01 07:11:35.798319328,MG,Loja Física,Móveis,Corporativo,Produto_106,5,7260.280413589494,4136.779028883683,3123.501384705811,2023,3,March,1,Wednesday,43.02,1452.06,Lucrativo
2023-03-01 14:12:14.693877551,BA,Marketplace,Serviços,Distribuidor,Produto_93,2,3924.15423556477,2567.195485997272,1356.9587495674978,2023,3,March,1,Wednesday,34.58,1962.08,Lucrativo
2023-03-01 14:12:14.693877551,BA,Marketplace,Eletrônicos,Corporativo,Produto_66,13,25714.69915448528,19258.15372372493,6456.54543076035,2023,3,March,1,Wednesday,25.11,1978.05,Lucrativo
2023-03-01 21:12:53.589435774,MG,Representante,Móveis,Corporativo,Produto_41,3,5198.550063428856,3835.174954542848,1363.375108886008,2023,3,March,1,Wednesday,26.23,1732.85,Lucrativo
2023-03-01 21:12:53.589435774,BA,Representante,Serviços,Distribuidor,Produto_103,2,4005.676352157506,2900.625512750369,1105.0508394071371,2023,3,March,1,Wednesday,27.59,2002.84,Lucrativo
2023-03-02 11:14:11.380552221,SC,Representante,Serviços,Distribuidor,Produto_102,12,8038.192371048302,4578.870320879215,3459.322050169088,2023,3,March,1,Thursday,43.04,669.85,Lucrativo
2023-03-02 11:14:11.380552221,BA,Online,Serviços,Varejo,Produto_23,10,9341.23174851337,7247.890299767655,2093.341448745715,2023,3,March,1,Thursday,22.41,934.12,Lucrativo
2023-03-03 01:15:29.171668667,RS,Representante,Informática,Varejo,Produto_40,13,21300.68246162025,14811.675451959094,6489.00700966116,2023,3,March,1,Friday,30.46,1638.51,Lucrativo
2023-03-03 15:16:46.962785114,BA,Representante,Eletrônicos,Varejo,Produto_9,7,10867.086679458653,7995.403578301408,2871.683101157245,2023,3,March,1,Friday,26.43,1552.44,Lucrativo
2023-03-03 22:17:25.858343337,RS,Representante,Móveis,Varejo,Produto_39,11,26183.390936375887,15217.752016956369,10965.638919419518,2023,3,March,1,Friday,41.88,2380.31,Lucrativo
2023-03-03 22:17:25.858343337,ES,Loja Física,Eletrônicos,Distribuidor,Produto_24,12,24987.02578634432,16184.79514356502,8802.230642779303,2023,3,March,1,Friday,35.23,2082.25,Lucrativo
2023-03-04 12:18:43.649459784,BA,Marketplace,Eletrônicos,Varejo,Produto_109,14,20505.144076477933,16188.00416989464,4317.139906583292,2023,3,March,1,Saturday,21.05,1464.65,Lucrativo
2023-03-04 19:19:22.545018007,SC,Representante,Acessórios,Distribuidor,Produto_14,5,6929.179890413328,4689.909407408049,2239.270483005279,2023,3,March,1,Saturday,32.32,1385.84,Lucrativo
2023-03-05 02:20:01.440576230,RS,Loja Física,Móveis,Distribuidor,Produto_101,1,1766.7262116590523,1485.7834644205805,280.94274723847184,2023,3,March,1,Sunday,15.9,1766.73,Lucrativo
2023-03-05 02:20:01.440576230,BA,Online,Informática,Varejo,Produto_40,5,4933.495515862944,3517.500451064968,1415.9950647979765,2023,3,March,1,Sunday,28.7,986.7,Lucrativo
2023-03-05 16:21:19.231692677,SC,Representante,Acessórios,Corporativo,Produto_101,12,29335.23493032228,21147.718342151155,8187.516588171122,2023,3,March,1,Sunday,27.91,2444.6,Lucrativo
2023-03-05 23:21:58.127250900,PR,Marketplace,Acessórios,Distribuidor,Produto_103,7,3846.513575960426,2448.315231735456,1398.1983442249702,2023,3,March,1,Sunday,36.35,549.5,Lucrativo
2023-03-06 06:22:37.022809124,MG,Loja Física,Serviços,Varejo,Produto_102,14,19598.93108622046,13293.724501873998,6305.206584346461,2023,3,March,1,Monday,32.17,1399.92,Lucrativo
2023-03-06 06:22:37.022809124,SP,Representante,Informática,Distribuidor,Produto_81,10,18019.98279968044,10691.745481828844,7328.237317851597,2023,3,March,1,Monday,40.67,1802.0,Lucrativo
2023-03-06 20:23:54.813925570,RJ,Marketplace,Informática,Distribuidor,Produto_75,12,12483.329460501112,8567.962723519724,3915.366736981389,2023,3,March,1,Monday,31.36,1040.28,Lucrativo
2023-03-07 10:25:12.605042017,SP,Representante,Acessórios,Corporativo,Produto_1,3,4632.71900126935,3307.420525095115,1325.298476174235,2023,3,March,1,Tuesday,28.61,1544.24,Lucrativo
2023-03-08 00:26:30.396158463,PR,Representante,Acessórios,Distribuidor,Produto_99,4,7135.485769586901,4447.775429749813,2687.710339837088,2023,3,March,1,Wednesday,37.67,1783.87,Lucrativo
2023-03-08 00:26:30.396158463,MG,Marketplace,Móveis,Varejo,Produto_92,5,3764.568474173253,2908.93576825268,855.6327059205723,2023,3,March,1,Wednesday,22.73,752.91,Lucrativo
2023-03-08 00:26:30.396158463,RJ,Representante,Serviços,Corporativo,Produto_8,3,2971.953289323853,2431.9892888826,539.9640004412531,2023,3,March,1,Wednesday,18.17,990.65,Lucrativo
2023-03-08 21:28:27.082833133,RJ,Loja Física,Serviços,Corporativo,Produto_93,2,2081.217290802957,1538.7470948996856,542.4701959032714,2023,3,March,1,Wednesday,26.07,1040.61,Lucrativo
2023-03-09 11:29:44.873949580,SC,Loja Física,Móveis,Varejo,Produto_108,9,18274.83260882986,12945.03567295321,5329.7969358766495,2023,3,March,1,Thursday,29.16,2030.54,Lucrativo
2023-03-09 18:30:23.769507803,RJ,Online,Eletrônicos,Corporativo,Produto_86,9,9078.971207251849,6423.611393083919,2655.359814167929,2023,3,March,1,Thursday,29.25,1008.77,Lucrativo
2023-03-10 08:31:41.560624250,SP,Marketplace,Acessórios,Distribuidor,Produto_90,12,8012.982463540778,6634.425212278259,1378.5572512625183,2023,3,March,1,Friday,17.2,667.75,Lucrativo
2023-03-10 08:31:41.560624250,MG,Online,Móveis,Varejo,Produto_87,4,6068.573343575724,3570.777803219556,2497.795540356168,2023,3,March,1,Friday,41.16,1517.14,Lucrativo
2023-03-10 08:31:41.560624250,PR,Online,Acessórios,Varejo,Produto_67,2,4392.561070454199,3382.9658778598705,1009.5951925943282,2023,3,March,1,Friday,22.98,2196.28,Lucrativo
2023-03-10 22:32:59.351740696,ES,Online,Informática,Corporativo,Produto_112,4,1562.7794327805095,880.3187550358615,682.460677744648,2023,3,March,1,Friday,43.67,390.69,Lucrativo
2023-03-11 05:33:38.247298920,BA,Online,Móveis,Varejo,Produto_110,13,28897.9791718908,18814.72725430249,10083.251917588306,2023,3,March,1,Saturday,34.89,2222.92,Lucrativo
2023-03-11 12:34:17.142857143,SC,Online,Eletrônicos,Distribuidor,Produto_17,12,28203.42913253157,20861.98610302741,7341.443029504157,2023,3,March,1,Saturday,26.03,2350.29,Lucrativo
2023-03-11 12:34:17.142857143,RJ,Loja Física,Serviços,Corporativo,Produto_62,10,2085.158097347718,1413.3032887567788,671.8548085909392,2023,3,March,1,Saturday,32.22,208.52,Lucrativo
2023-03-12 09:36:13.829531813,SP,Marketplace,Acessórios,Distribuidor,Produto_22,13,4507.927659878438,3054.961577093677,1452.9660827847606,2023,3,March,1,Sunday,32.23,346.76,Lucrativo
2023-03-12 09:36:13.829531813,MG,Online,Serviços,Corporativo,Produto_43,12,11226.661892371523,8512.011497966078,2714.6503944054475,2023,3,March,1,Sunday,24.18,935.56,Lucrativo
2023-03-12 09:36:13.829531813,RS,Marketplace,Informática,Distribuidor,Produto_25,2,4339.434974421336,3262.0482521666336,1077.3867222547024,2023,3,March,1,Sunday,24.83,2169.72,Lucrativo
2023-03-12 23:37:31.620648259,ES,Loja Física,Eletrônicos,Corporativo,Produto_18,10,12473.301125594247,8792.412709769938,3680.888415824309,2023,3,March,1,Sunday,29.51,1247.33,Lucrativo
2023-03-13 06:38:10.516206483,RS,Marketplace,Acessórios,Corporativo,Produto_34,3,3701.87790122799,2268.7830309335272,1433.094870294463,2023,3,March,1,Monday,38.71,1233.96,Lucrativo
2023-03-13 06:38:10.516206483,SP,Online,Móveis,Varejo,Produto_8,7,5600.449363253558,4344.161256853384,1256.288106400174,2023,3,March,1,Monday,22.43,800.06,Lucrativo
2023-03-13 06:38:10.516206483,PR,Loja Física,Informática,Distribuidor,Produto_65,14,31439.584480983267,20579.07978697153,10860.504694011732,2023,3,March,1,Monday,34.54,2245.68,Lucrativo
2023-03-13 20:39:28.307322929,RS,Marketplace,Acessórios,Varejo,Produto_59,14,33895.54846328516,27914.30336163593,5981.245101649227,2023,3,March,1,Monday,17.65,2421.11,Lucrativo
2023-03-14 17:41:24.993997599,RS,Online,Móveis,Varejo,Produto_33,14,25757.252088840803,16412.517900983275,9344.734187857528,2023,3,March,1,Tuesday,36.28,1839.8,Lucrativo
2023-03-15 00:42:03.889555822,ES,Loja Física,Móveis,Distribuidor,Produto_25,6,3692.295332711208,2363.006159154693,1329.2891735565154,2023,3,March,1,Wednesday,36.0,615.38,Lucrativo
2023-03-15 21:44:00.576230492,MG,Representante,Informática,Distribuidor,Produto_71,4,7693.693041246599,4279.421812338647,3414.271228907952,2023,3,March,1,Wednesday,44.38,1923.42,Lucrativo
2023-03-15 21:44:00.576230492,MG,Loja Física,Acessórios,Varejo,Produto_61,13,21292.489640467546,12188.56581309392,9103.923827373626,2023,3,March,1,Wednesday,42.76,1637.88,Lucrativo
2023-03-15 21:44:00.576230492,PR,Representante,Eletrônicos,Distribuidor,Produto_43,5,5685.793898286764,3411.055906676314,2274.7379916104496,2023,3,March,1,Wednesday,40.01,1137.16,Lucrativo
2023-03-16 11:45:18.367346939,RJ,Representante,Móveis,Corporativo,Produto_22,4,1627.68876782781,1070.6156667124956,557.0731011153146,2023,3,March,1,Thursday,34.22,406.92,Lucrativo
2023-03-16 11:45:18.367346939,PR,Representante,Serviços,Varejo,Produto_76,10,13396.770498699198,7609.707892791917,5787.06260590728,2023,3,March,1,Thursday,43.2,1339.68,Lucrativo
2023-03-16 18:45:57.262905162,RJ,Representante,Móveis,Distribuidor,Produto_60,6,10854.299150099658,6470.27859897614,4384.020551123518,2023,3,March,1,Thursday,40.39,1809.05,Lucrativo
2023-03-17 08:47:15.054021609,PR,Representante,Eletrônicos,Distribuidor,Produto_46,12,3185.818446040632,2327.6102543375955,858.2081917030364,2023,3,March,1,Friday,26.94,265.48,Lucrativo
2023-03-17 22:48:32.845138055,SC,Loja Física,Móveis,Varejo,Produto_3,14,2798.1912021918706,2074.789648843973,723.4015533478978,2023,3,March,1,Friday,25.85,199.87,Lucrativo
2023-03-18 05:49:11.740696278,BA,Marketplace,Eletrônicos,Corporativo,Produto_109,2,4066.977626966809,2379.3869725421864,1687.5906544246227,2023,3,March,1,Saturday,41.49,2033.49,Lucrativo
2023-03-18 05:49:11.740696278,RS,Online,Serviços,Varejo,Produto_99,4,9711.414645873994,5625.931574293543,4085.483071580451,2023,3,March,1,Saturday,42.07,2427.85,Lucrativo
2023-03-18 05:49:11.740696278,SC,Online,Acessórios,Varejo,Produto_18,9,10233.10430240288,5918.211857693093,4314.892444709787,2023,3,March,1,Saturday,42.17,1137.01,Lucrativo
2023-03-18 12:49:50.636254502,SP,Online,Serviços,Corporativo,Produto_119,1,2103.82058665187,1354.005297851807,749.8152888000632,2023,3,March,1,Saturday,35.64,2103.82,Lucrativo
2023-03-19 02:51:08.427370948,RS,Marketplace,Serviços,Distribuidor,Produto_1,5,5222.124969407887,3838.360971645904,1383.763997761983,2023,3,March,1,Sunday,26.5,1044.42,Lucrativo
2023-03-19 02:51:08.427370948,RS,Loja Física,Móveis,Varejo,Produto_115,14,4571.421025285999,2537.798993454613,2033.6220318313856,2023,3,March,1,Sunday,44.49,326.53,Lucrativo
2023-03-19 09:51:47.322929172,SC,Loja Física,Eletrônicos,Distribuidor,Produto_8,9,15770.097419103204,11635.54354205979,4134.553877043414,2023,3,March,1,Sunday,26.22,1752.23,Lucrativo
2023-03-19 16:52:26.218487395,RS,Representante,Eletrônicos,Varejo,Produto_72,5,6944.687941888167,5223.407059986104,1721.280881902063,2023,3,March,1,Sunday,24.79,1388.94,Lucrativo
2023-03-19 23:53:05.114045618,MG,Representante,Eletrônicos,Varejo,Produto_6,1,579.1639255372831,486.8975748688485,92.26635066843473,2023,3,March,1,Sunday,15.93,579.16,Lucrativo
2023-03-20 06:53:44.009603841,BA,Representante,Informática,Varejo,Produto_49,8,16227.04949223093,10962.984641714473,5264.064850516457,2023,3,March,1,Monday,32.44,2028.38,Lucrativo
2023-03-20 13:54:22.905162065,RJ,Representante,Serviços,Varejo,Produto_40,4,1480.119934150595,868.8095609584685,611.3103731921268,2023,3,March,1,Monday,41.3,370.03,Lucrativo
2023-03-20 13:54:22.905162065,SC,Representante,Acessórios,Varejo,Produto_51,8,11890.27797178593,7262.658605559761,4627.619366226169,2023,3,March,1,Monday,38.92,1486.28,Lucrativo
2023-03-20 13:54:22.905162065,BA,Online,Serviços,Distribuidor,Produto_4,5,1539.2132514512418,920.2846135904256,618.9286378608163,2023,3,March,1,Monday,40.21,307.84,Lucrativo
2023-03-20 20:55:01.800720288,SP,Loja Física,Móveis,Varejo,Produto_25,9,7914.698448351181,4867.125315347333,3047.573133003849,2023,3,March,1,Monday,38.51,879.41,Lucrativo
2023-03-21 03:55:40.696278511,BA,Online,Informática,Corporativo,Produto_60,2,1027.4860383444052,568.5761134263153,458.9099249180899,2023,3,March,1,Tuesday,44.66,513.74,Lucrativo
2023-03-21 17:56:58.487394958,MG,Loja Física,Serviços,Distribuidor,Produto_66,9,11000.723460689567,9265.3852150415,1735.3382456480686,2023,3,March,1,Tuesday,15.77,1222.3,Lucrativo
2023-03-22 00:57:37.382953181,BA,Loja Física,Eletrônicos,Distribuidor,Produto_93,7,16922.362136206757,9925.840844322,6996.521291884756,2023,3,March,1,Wednesday,41.34,2417.48,Lucrativo
2023-03-22 07:58:16.278511404,MG,Representante,Serviços,Varejo,Produto_15,10,10557.657688882486,7130.14176545477,3427.5159234277157,2023,3,March,1,Wednesday,32.46,1055.77,Lucrativo
2023-03-22 14:58:55.174069628,SP,Representante,Informática,Corporativo,Produto_7,3,3195.616618113197,2091.899098008027,1103.7175201051705,2023,3,March,1,Wednesday,34.54,1065.21,Lucrativo
2023-03-22 14:58:55.174069628,RJ,Marketplace,Móveis,Corporativo,Produto_20,14,2670.0271608865723,1757.65601602405,912.3711448625222,2023,3,March,1,Wednesday,34.17,190.72,Lucrativo
2023-03-22 21:59:34.069627851,ES,Online,Eletrônicos,Distribuidor,Produto_116,13,7595.745508647722,5141.679526916118,2454.065981731604,2023,3,March,1,Wednesday,32.31,584.29,Lucrativo
2023-03-23 05:00:12.965186074,MG,Online,Móveis,Distribuidor,Produto_32,8,11654.880840822185,6844.37453606637,4810.506304755813,2023,3,March,1,Thursday,41.27,1456.86,Lucrativo
2023-03-23 19:01:30.756302521,PR,Marketplace,Serviços,Varejo,Produto_119,11,18636.48183119105,10980.16609118291,7656.31574000814,2023,3,March,1,Thursday,41.08,1694.23,Lucrativo
2023-03-24 02:02:09.651860744,SC,Representante,Móveis,Distribuidor,Produto_18,13,4307.304660325618,2516.628922974191,1790.675737351427,2023,3,March,1,Friday,41.57,331.33,Lucrativo
2023-03-24 09:02:48.547418968,SC,Online,Móveis,Varejo,Produto_14,8,16994.436304644965,9560.81572079509,7433.620583849875,2023,3,March,1,Friday,43.74,2124.3,Lucrativo
2023-03-24 09:02:48.547418968,MG,Representante,Informática,Corporativo,Produto_94,13,2381.5627833198528,1910.3652341365464,471.1975491833066,2023,3,March,1,Friday,19.79,183.2,Lucrativo
2023-03-24 09:02:48.547418968,SP,Representante,Informática,Varejo,Produto_35,7,12440.24122479358,9211.825880422555,3228.4153443710256,2023,3,March,1,Friday,25.95,1777.18,Lucrativo
2023-03-24 16:03:27.442977191,SC,Representante,Serviços,Corporativo,Produto_69,5,3474.4621851224,2113.552600323463,1360.909584798937,2023,3,March,1,Friday,39.17,694.89,Lucrativo
2023-03-25 06:04:45.234093637,SP,Online,Eletrônicos,Varejo,Produto_75,13,1573.031799461743,1271.240902644802,301.7908968169411,2023,3,March,1,Saturday,19.19,121.0,Lucrativo
2023-03-25 06:04:45.234093637,SC,Loja Física,Acessórios,Corporativo,Produto_69,4,8853.159898342792,7278.838955037007,1574.3209433057846,2023,3,March,1,Saturday,17.78,2213.29,Lucrativo
2023-03-26 03:06:41.920768307,ES,Representante,Serviços,Corporativo,Produto_32,3,2919.029778182517,2013.192520963331,905.8372572191856,2023,3,March,1,Sunday,31.03,973.01,Lucrativo
2023-03-26 03:06:41.920768307,RS,Marketplace,Acessórios,Varejo,Produto_108,1,1446.753064290892,1077.3311776996345,369.42188659125736,2023,3,March,1,Sunday,25.53,1446.75,Lucrativo
2023-03-26 10:07:20.816326531,SC,Representante,Informática,Distribuidor,Produto_26,9,15211.81358640511,10794.670608775692,4417.142977629417,2023,3,March,1,Sunday,29.04,1690.2,Lucrativo
2023-03-27 21:10:35.294117647,BA,Representante,Serviços,Varejo,Produto_27,2,1983.070919046548,1219.8847963482135,763.1861226983344,2023,3,March,1,Monday,38.49,991.54,Lucrativo
2023-03-27 21:10:35.294117647,BA,Representante,Informática,Distribuidor,Produto_3,3,3539.392067423144,2888.09718936244,651.2948780607039,2023,3,March,1,Monday,18.4,1179.8,Lucrativo
2023-03-27 21:10:35.294117647,RJ,Loja Física,Serviços,Varejo,Produto_60,6,3484.255725908469,2159.585113150892,1324.6706127575767,2023,3,March,1,Monday,38.02,580.71,Lucrativo
2023-03-29 01:13:10.876350540,RS,Loja Física,Informática,Distribuidor,Produto_70,9,14714.769921216342,10435.081024867046,4279.688896349297,2023,3,March,1,Wednesday,29.08,1634.97,Lucrativo
2023-03-29 08:13:49.771908763,BA,Loja Física,Eletrônicos,Corporativo,Produto_14,3,5573.6388944376695,3871.043105845785,1702.5957885918842,2023,3,March,1,Wednesday,30.55,1857.88,Lucrativo
2023-03-29 15:14:28.667466987,MG,Representante,Móveis,Distribuidor,Produto_73,13,14663.164480299802,9643.676292351118,5019.488187948684,2023,3,March,1,Wednesday,34.23,1127.94,Lucrativo
2023-03-29 15:14:28.667466987,RJ,Online,Móveis,Corporativo,Produto_81,6,10265.29090394012,6426.490964788275,3838.799939151845,2023,3,March,1,Wednesday,37.4,1710.88,Lucrativo
2023-03-29 22:15:07.563025210,RJ,Marketplace,Eletrônicos,Corporativo,Produto_47,12,4207.687051547326,3433.606238909662,774.0808126376637,2023,3,March,1,Wednesday,18.4,350.64,Lucrativo
2023-03-30 05:15:46.458583433,PR,Representante,Informática,Distribuidor,Produto_8,13,16527.685582501468,10134.336081987483,6393.349500513983,2023,3,March,1,Thursday,38.68,1271.36,Lucrativo
2023-03-30 12:16:25.354141657,SP,Loja Física,Serviços,Varejo,Produto_101,4,9331.892086003872,7649.418368835765,1682.4737171681072,2023,3,March,1,Thursday,18.03,2332.97,Lucrativo
2023-03-30 19:17:04.249699880,RJ,Loja Física,Eletrônicos,Distribuidor,Produto_27,2,3830.804459014242,2601.3491748306683,1229.455284183574,2023,3,March,1,Thursday,32.09,1915.4,Lucrativo
2023-03-30 19:17:04.249699880,ES,Online,Móveis,Varejo,Produto_93,2,1546.881655366454,865.9142353871966,680.9674199792573,2023,3,March,1,Thursday,44.02,773.44,Lucrativo
2023-03-31 02:17:43.145258103,BA,Online,Serviços,Corporativo,Produto_99,14,2926.88026820855,2450.1659476685422,476.714320540008,2023,3,March,1,Friday,16.29,209.06,Lucrativo
2023-03-31 09:18:22.040816326,BA,Loja Física,Móveis,Corporativo,Produto_29,13,25874.084994072604,15452.03749853278,10422.047495539824,2023,3,March,1,Friday,40.28,1990.31,Lucrativo
2023-03-31 09:18:22.040816326,SC,Marketplace,Acessórios,Distribuidor,Produto_92,5,11157.385166236762,7447.438414225241,3709.94675201152,2023,3,March,1,Friday,33.25,2231.48,Lucrativo
2023-03-31 16:19:00.936374550,SP,Online,Serviços,Corporativo,Produto_89,10,2565.1586167166306,1704.294188856131,860.8644278604995,2023,3,March,1,Friday,33.56,256.52,Lucrativo
2023-04-01 06:20:18.727490996,PR,Marketplace,Móveis,Varejo,Produto_99,10,17539.858682380443,14694.871371804067,2844.9873105763745,2023,4,April,2,Saturday,16.22,1753.99,Lucrativo
2023-04-01 13:20:57.623049220,MG,Loja Física,Móveis,Corporativo,Produto_50,9,1269.8352054548895,1008.6153174831362,261.21988797175334,2023,4,April,2,Saturday,20.57,141.09,Lucrativo
2023-04-01 13:20:57.623049220,PR,Marketplace,Acessórios,Corporativo,Produto_84,9,19923.084024320447,11914.456454540818,8008.62756977963,2023,4,April,2,Saturday,40.2,2213.68,Lucrativo
2023-04-02 03:22:15.414165666,RJ,Marketplace,Eletrônicos,Distribuidor,Produto_68,3,5146.093100244325,4149.083534394516,997.0095658498094,2023,4,April,2,Sunday,19.37,1715.36,Lucrativo
2023-04-02 10:22:54.309723889,PR,Marketplace,Serviços,Corporativo,Produto_40,3,1470.7442456870772,911.9877391702852,558.756506516792,2023,4,April,2,Sunday,37.99,490.25,Lucrativo
2023-04-02 10:22:54.309723889,RJ,Representante,Informática,Distribuidor,Produto_98,4,4302.348691071884,3541.962608427169,760.3860826447153,2023,4,April,2,Sunday,17.67,1075.59,Lucrativo
2023-04-02 17:23:33.205282113,ES,Loja Física,Informática,Varejo,Produto_35,12,29193.80547918859,21957.308393924683,7236.497085263909,2023,4,April,2,Sunday,24.79,2432.82,Lucrativo
2023-04-03 14:25:29.891956783,ES,Loja Física,Informática,Distribuidor,Produto_44,3,5429.305316389431,4560.309908400064,868.9954079893669,2023,4,April,2,Monday,16.01,1809.77,Lucrativo
2023-04-05 08:29:23.265306122,MG,Loja Física,Serviços,Distribuidor,Produto_117,6,10163.095845340218,6043.293151265814,4119.802694074404,2023,4,April,2,Wednesday,40.54,1693.85,Lucrativo
2023-04-06 05:31:19.951980792,SC,Online,Acessórios,Distribuidor,Produto_109,5,12146.886462964489,7235.109757581346,4911.776705383141,2023,4,April,2,Thursday,40.44,2429.38,Lucrativo
2023-04-06 19:32:37.743097239,MG,Representante,Informática,Distribuidor,Produto_55,9,21993.704517242542,12851.78743700496,9141.917080237585,2023,4,April,2,Thursday,41.57,2443.74,Lucrativo
2023-04-07 09:33:55.534213685,PR,Representante,Eletrônicos,Distribuidor,Produto_53,14,14226.004112909292,9059.310478057088,5166.693634852205,2023,4,April,2,Friday,36.32,1016.14,Lucrativo
2023-04-07 09:33:55.534213685,ES,Loja Física,Serviços,Corporativo,Produto_2,4,689.8306077600078,416.1927144124225,273.6378933475853,2023,4,April,2,Friday,39.67,172.46,Lucrativo
2023-04-07 16:34:34.429771909,SC,Loja Física,Informática,Corporativo,Produto_75,12,17404.714109723544,13890.67418705161,3514.039922671933,2023,4,April,2,Friday,20.19,1450.39,Lucrativo
2023-04-08 20:37:10.012004802,RS,Online,Informática,Corporativo,Produto_86,8,13288.839111979993,9535.286768626958,3753.5523433530334,2023,4,April,2,Saturday,28.25,1661.1,Lucrativo
2023-04-08 20:37:10.012004802,MG,Loja Física,Eletrônicos,Distribuidor,Produto_29,13,9073.438217553348,6908.843374143561,2164.5948434097872,2023,4,April,2,Saturday,23.86,697.96,Lucrativo
2023-04-09 10:38:27.803121248,BA,Marketplace,Eletrônicos,Varejo,Produto_39,3,3318.3001455373023,2372.139991612547,946.1601539247554,2023,4,April,2,Sunday,28.51,1106.1,Lucrativo
2023-04-09 10:38:27.803121248,RS,Online,Móveis,Varejo,Produto_51,1,856.0396479855236,474.0443331969958,381.9953147885278,2023,4,April,2,Sunday,44.62,856.04,Lucrativo
2023-04-09 17:39:06.698679472,ES,Loja Física,Eletrônicos,Distribuidor,Produto_117,12,16942.610234057254,10148.058083856233,6794.552150201023,2023,4,April,2,Sunday,40.1,1411.88,Lucrativo
2023-04-10 07:40:24.489795918,BA,Marketplace,Eletrônicos,Distribuidor,Produto_24,1,813.5451964936467,614.233325713897,199.3118707797497,2023,4,April,2,Monday,24.5,813.55,Lucrativo
2023-04-10 07:40:24.489795918,SP,Representante,Acessórios,Distribuidor,Produto_40,9,15485.29840410371,9462.76876496815,6022.5296391355605,2023,4,April,2,Monday,38.89,1720.59,Lucrativo
2023-04-10 07:40:24.489795918,ES,Online,Eletrônicos,Varejo,Produto_103,12,28054.24969413409,17576.9586154302,10477.291078703893,2023,4,April,2,Monday,37.35,2337.85,Lucrativo
2023-04-10 14:41:03.385354142,RS,Loja Física,Serviços,Distribuidor,Produto_114,11,9308.531577353708,7666.673875335991,1641.8577020177163,2023,4,April,2,Monday,17.64,846.23,Lucrativo
2023-04-10 14:41:03.385354142,SC,Marketplace,Acessórios,Varejo,Produto_71,7,7860.51259998241,4618.083435888012,3242.4291640943984,2023,4,April,2,Monday,41.25,1122.93,Lucrativo
2023-04-10 14:41:03.385354142,RS,Representante,Móveis,Corporativo,Produto_25,7,14885.894610903004,10201.054932586774,4684.83967831623,2023,4,April,2,Monday,31.47,2126.56,Lucrativo
2023-04-10 21:41:42.280912365,BA,Marketplace,Informática,Corporativo,Produto_49,3,1686.7735898666656,1374.166182604916,312.6074072617496,2023,4,April,2,Monday,18.53,562.26,Lucrativo
2023-04-11 04:42:21.176470588,BA,Representante,Acessórios,Distribuidor,Produto_101,1,1423.7437609207298,1203.143430170585,220.60033075014485,2023,4,April,2,Tuesday,15.49,1423.74,Lucrativo
2023-04-11 11:43:00.072028811,BA,Loja Física,Serviços,Varejo,Produto_5,10,2090.0308221772566,1194.8335251075075,895.1972970697491,2023,4,April,2,Tuesday,42.83,209.0,Lucrativo
2023-04-12 08:44:56.758703481,SC,Online,Acessórios,Varejo,Produto_116,5,2932.507816171579,1896.5477629721931,1035.9600531993858,2023,4,April,2,Wednesday,35.33,586.5,Lucrativo
2023-04-12 15:45:35.654261705,SC,Loja Física,Móveis,Distribuidor,Produto_36,10,10886.462769392743,7509.856049774046,3376.6067196186987,2023,4,April,2,Wednesday,31.02,1088.65,Lucrativo
2023-04-12 22:46:14.549819928,PR,Marketplace,Serviços,Distribuidor,Produto_116,2,4163.056190978097,2409.333828899189,1753.7223620789075,2023,4,April,2,Wednesday,42.13,2081.53,Lucrativo
2023-04-13 05:46:53.445378151,ES,Loja Física,Eletrônicos,Distribuidor,Produto_56,4,2147.6193059275365,1733.3234628593625,414.29584306817424,2023,4,April,2,Thursday,19.29,536.9,Lucrativo
2023-04-13 19:48:11.236494598,BA,Loja Física,Serviços,Corporativo,Produto_112,11,2391.968310212176,1955.3426173617504,436.6256928504258,2023,4,April,2,Thursday,18.25,217.45,Lucrativo
2023-04-14 02:48:50.132052821,MG,Online,Acessórios,Corporativo,Produto_17,2,3367.64651699074,2662.424970824768,705.2215461659716,2023,4,April,2,Friday,20.94,1683.82,Lucrativo
2023-04-14 16:50:07.923169268,SC,Representante,Informática,Varejo,Produto_119,14,25357.037699914712,16344.207128307602,9012.83057160711,2023,4,April,2,Friday,35.54,1811.22,Lucrativo
2023-04-14 23:50:46.818727491,SP,Marketplace,Acessórios,Distribuidor,Produto_40,4,6972.521344724783,5872.8844362781765,1099.636908446606,2023,4,April,2,Friday,15.77,1743.13,Lucrativo
2023-04-15 06:51:25.714285714,MG,Loja Física,Acessórios,Corporativo,Produto_51,8,15745.97221295869,12017.42619821309,3728.5460147456,2023,4,April,2,Saturday,23.68,1968.25,Lucrativo
2023-04-15 13:52:04.609843938,ES,Representante,Eletrônicos,Varejo,Produto_51,2,1971.039514724737,1195.3398283870624,775.6996863376746,2023,4,April,2,Saturday,39.35,985.52,Lucrativo
2023-04-15 20:52:43.505402160,SP,Online,Móveis,Distribuidor,Produto_14,5,10296.882318899186,5966.086025047371,4330.796293851816,2023,4,April,2,Saturday,42.06,2059.38,Lucrativo
2023-04-15 20:52:43.505402160,SP,Representante,Acessórios,Varejo,Produto_19,6,8066.776201503168,4536.693971680859,3530.0822298223093,2023,4,April,2,Saturday,43.76,1344.46,Lucrativo
2023-04-16 03:53:22.400960384,SC,Marketplace,Serviços,Corporativo,Produto_3,14,13788.054023489833,11531.040630602984,2257.013392886849,2023,4,April,2,Sunday,16.37,984.86,Lucrativo
2023-04-16 10:54:01.296518608,BA,Loja Física,Serviços,Varejo,Produto_56,6,9176.55626816469,5893.504499826766,3283.051768337924,2023,4,April,2,Sunday,35.78,1529.43,Lucrativo
2023-04-16 10:54:01.296518608,SC,Marketplace,Acessórios,Corporativo,Produto_2,13,19082.16863729908,15241.143421869338,3841.02521542974,2023,4,April,2,Sunday,20.13,1467.86,Lucrativo
2023-04-16 17:54:40.192076830,BA,Online,Serviços,Corporativo,Produto_62,7,1238.0860636236066,901.4613502133698,336.62471341023684,2023,4,April,2,Sunday,27.19,176.87,Lucrativo
2023-04-16 17:54:40.192076830,MG,Loja Física,Eletrônicos,Varejo,Produto_83,14,32964.13527726597,19827.499018974468,13136.6362582915,2023,4,April,2,Sunday,39.85,2354.58,Lucrativo
2023-04-17 00:55:19.087635054,MG,Representante,Móveis,Varejo,Produto_48,9,6462.529005298316,3998.369459672233,2464.159545626084,2023,4,April,2,Monday,38.13,718.06,Lucrativo
2023-04-17 07:55:57.983193278,PR,Representante,Acessórios,Corporativo,Produto_37,7,12136.793891005402,9571.847355309936,2564.946535695466,2023,4,April,2,Monday,21.13,1733.83,Lucrativo
2023-04-17 07:55:57.983193278,PR,Online,Eletrônicos,Distribuidor,Produto_56,13,3384.076542215545,1995.943958620467,1388.1325835950788,2023,4,April,2,Monday,41.02,260.31,Lucrativo
2023-04-17 07:55:57.983193278,ES,Online,Eletrônicos,Corporativo,Produto_78,12,1032.882420723146,752.8761846051775,280.00623611796846,2023,4,April,2,Monday,27.11,86.07,Lucrativo
2023-04-17 14:56:36.878751500,MG,Representante,Acessórios,Distribuidor,Produto_5,3,5472.942256478195,4429.508633956084,1043.4336225221114,2023,4,April,2,Monday,19.07,1824.31,Lucrativo
2023-04-17 14:56:36.878751500,RJ,Marketplace,Informática,Corporativo,Produto_55,11,12520.451159492492,7163.112193119135,5357.338966373359,2023,4,April,2,Monday,42.79,1138.22,Lucrativo
2023-04-17 21:57:15.774309724,MG,Online,Acessórios,Distribuidor,Produto_88,9,2702.899722934556,1649.9396984693274,1052.9600244652286,2023,4,April,2,Monday,38.96,300.32,Lucrativo
2023-04-18 11:58:33.565426170,BA,Loja Física,Móveis,Distribuidor,Produto_89,10,1933.2802054285776,1424.223192660466,509.05701276811146,2023,4,April,2,Tuesday,26.33,193.33,Lucrativo
2023-04-18 11:58:33.565426170,RJ,Marketplace,Móveis,Distribuidor,Produto_108,10,14515.847398868067,11856.77593028962,2659.071468578446,2023,4,April,2,Tuesday,18.32,1451.58,Lucrativo
2023-04-18 18:59:12.460984394,RS,Marketplace,Eletrônicos,Varejo,Produto_98,6,5771.147386901044,4282.418886357551,1488.7285005434933,2023,4,April,2,Tuesday,25.8,961.86,Lucrativo
2023-04-18 18:59:12.460984394,SC,Loja Física,Eletrônicos,Corporativo,Produto_23,9,7468.850162971823,5960.718821310234,1508.1313416615894,2023,4,April,2,Tuesday,20.19,829.87,Lucrativo
2023-04-19 01:59:51.356542616,PR,Marketplace,Eletrônicos,Distribuidor,Produto_13,6,7348.36527850771,5196.417990532164,2151.9472879755467,2023,4,April,2,Wednesday,29.28,1224.73,Lucrativo
2023-04-19 01:59:51.356542616,MG,Loja Física,Eletrônicos,Corporativo,Produto_41,13,2739.0690395686934,2283.715413838679,455.3536257300143,2023,4,April,2,Wednesday,16.62,210.7,Lucrativo
2023-04-19 16:01:09.147659064,SC,Loja Física,Móveis,Distribuidor,Produto_75,4,3611.089634439173,2918.3294161541926,692.7602182849805,2023,4,April,2,Wednesday,19.18,902.77,Lucrativo
2023-04-20 06:02:26.938775510,SP,Marketplace,Móveis,Corporativo,Produto_118,14,7756.361584267555,4790.842377677465,2965.51920659009,2023,4,April,2,Thursday,38.23,554.03,Lucrativo
2023-04-20 06:02:26.938775510,MG,Loja Física,Serviços,Corporativo,Produto_89,5,3581.572570281512,2762.729810689665,818.8427595918465,2023,4,April,2,Thursday,22.86,716.31,Lucrativo
2023-04-20 06:02:26.938775510,PR,Loja Física,Eletrônicos,Distribuidor,Produto_59,5,6075.823269051214,4779.4386557975495,1296.3846132536646,2023,4,April,2,Thursday,21.34,1215.16,Lucrativo
2023-04-20 06:02:26.938775510,RS,Representante,Móveis,Distribuidor,Produto_29,9,763.7323332281101,534.4443848555195,229.28794837259056,2023,4,April,2,Thursday,30.02,84.86,Lucrativo
2023-04-21 03:04:23.625450180,RJ,Loja Física,Eletrônicos,Varejo,Produto_90,8,5450.061065421018,3708.677496237198,1741.38356918382,2023,4,April,2,Friday,31.95,681.26,Lucrativo
2023-04-22 00:06:20.312124850,RJ,Marketplace,Eletrônicos,Varejo,Produto_60,8,6295.800757274509,3940.621409807975,2355.179347466534,2023,4,April,2,Saturday,37.41,786.98,Lucrativo
2023-04-22 14:07:38.103241296,BA,Loja Física,Informática,Distribuidor,Produto_72,12,16507.395044510577,10470.33085773317,6037.064186777407,2023,4,April,2,Saturday,36.57,1375.62,Lucrativo
2023-04-22 21:08:16.998799520,MG,Representante,Móveis,Varejo,Produto_50,4,6029.266375007654,4977.304412879616,1051.9619621280372,2023,4,April,2,Saturday,17.45,1507.32,Lucrativo
2023-04-22 21:08:16.998799520,SC,Marketplace,Acessórios,Corporativo,Produto_18,2,489.4111626870236,311.4519486831581,177.95921400386544,2023,4,April,2,Saturday,36.36,244.71,Lucrativo
2023-04-22 21:08:16.998799520,RS,Representante,Móveis,Varejo,Produto_58,7,10674.090678199653,6696.831113464605,3977.259564735048,2023,4,April,2,Saturday,37.26,1524.87,Lucrativo
2023-04-22 21:08:16.998799520,MG,Loja Física,Acessórios,Varejo,Produto_48,9,711.4092152858784,407.6203376436949,303.78887764218354,2023,4,April,2,Saturday,42.7,79.05,Lucrativo
2023-04-23 11:09:34.789915966,ES,Loja Física,Eletrônicos,Varejo,Produto_86,7,5904.976179058913,3724.293155232383,2180.68302382653,2023,4,April,2,Sunday,36.93,843.57,Lucrativo
2023-04-23 18:10:13.685474190,BA,Representante,Acessórios,Distribuidor,Produto_84,10,22175.75033120684,17717.907684269634,4457.8426469372025,2023,4,April,2,Sunday,20.1,2217.58,Lucrativo
2023-04-23 18:10:13.685474190,SP,Loja Física,Acessórios,Distribuidor,Produto_34,2,3633.905112313524,2091.1979834855665,1542.7071288279576,2023,4,April,2,Sunday,42.45,1816.95,Lucrativo
2023-04-24 15:12:10.372148860,MG,Representante,Acessórios,Corporativo,Produto_62,2,1453.06843988565,1154.312243408287,298.7561964773629,2023,4,April,2,Monday,20.56,726.53,Lucrativo
2023-04-24 15:12:10.372148860,PR,Representante,Serviços,Corporativo,Produto_98,14,3632.2602611589,3019.8525364136854,612.4077247452142,2023,4,April,2,Monday,16.86,259.45,Lucrativo
2023-04-24 15:12:10.372148860,PR,Loja Física,Acessórios,Varejo,Produto_64,5,3649.946576400797,2102.4531103016607,1547.4934660991366,2023,4,April,2,Monday,42.4,729.99,Lucrativo
2023-04-25 05:13:28.163265306,MG,Marketplace,Eletrônicos,Distribuidor,Produto_75,7,13957.52329203207,11232.633834699973,2724.8894573320977,2023,4,April,2,Tuesday,19.52,1993.93,Lucrativo
2023-04-25 12:14:07.058823530,RS,Online,Eletrônicos,Distribuidor,Produto_9,8,10344.363252470665,8698.864611980986,1645.4986404896772,2023,4,April,2,Tuesday,15.91,1293.05,Lucrativo
2023-04-25 12:14:07.058823530,RJ,Representante,Eletrônicos,Distribuidor,Produto_38,2,2917.0618822148203,2005.542807261157,911.5190749536636,2023,4,April,2,Tuesday,31.25,1458.53,Lucrativo
2023-04-25 12:14:07.058823530,SP,Representante,Serviços,Varejo,Produto_66,7,1602.955779462202,1282.3109749023151,320.6448045598868,2023,4,April,2,Tuesday,20.0,228.99,Lucrativo
2023-04-26 02:15:24.849939976,PR,Loja Física,Acessórios,Distribuidor,Produto_103,9,6043.959206701688,3577.1181113369626,2466.841095364726,2023,4,April,2,Wednesday,40.81,671.55,Lucrativo
2023-04-26 16:16:42.641056422,ES,Marketplace,Eletrônicos,Distribuidor,Produto_100,1,295.7018575733189,195.64701162536187,100.054845947957,2023,4,April,2,Wednesday,33.84,295.7,Lucrativo
2023-04-26 16:16:42.641056422,PR,Marketplace,Serviços,Varejo,Produto_4,9,19031.423520111894,12771.81053042394,6259.612989687954,2023,4,April,2,Wednesday,32.89,2114.6,Lucrativo
2023-04-26 23:17:21.536614646,MG,Loja Física,Acessórios,Varejo,Produto_66,6,5296.468571078951,3098.571240433205,2197.897330645746,2023,4,April,2,Wednesday,41.5,882.74,Lucrativo
2023-04-26 23:17:21.536614646,SC,Loja Física,Móveis,Corporativo,Produto_111,6,12990.561668223329,10281.983012851724,2708.5786553716043,2023,4,April,2,Wednesday,20.85,2165.09,Lucrativo
2023-04-27 06:18:00.432172870,SC,Marketplace,Móveis,Distribuidor,Produto_5,11,4731.55604238852,3856.874891922416,874.6811504661046,2023,4,April,2,Thursday,18.49,430.14,Lucrativo
2023-04-27 06:18:00.432172870,SP,Marketplace,Serviços,Corporativo,Produto_49,12,28956.58094615465,22618.892946869728,6337.687999284924,2023,4,April,2,Thursday,21.89,2413.05,Lucrativo
2023-04-27 06:18:00.432172870,SC,Online,Serviços,Distribuidor,Produto_33,10,7626.166410677614,6331.57832979656,1294.5880808810543,2023,4,April,2,Thursday,16.98,762.62,Lucrativo
2023-04-27 06:18:00.432172870,MG,Loja Física,Acessórios,Corporativo,Produto_6,6,13593.692858728336,10761.3398388037,2832.353019924638,2023,4,April,2,Thursday,20.84,2265.62,Lucrativo
2023-04-27 13:18:39.327731092,BA,Online,Eletrônicos,Varejo,Produto_95,9,17727.410166965496,9963.8611982621,7763.548968703395,2023,4,April,2,Thursday,43.79,1969.71,Lucrativo
2023-04-28 10:20:36.014405762,MG,Online,Serviços,Distribuidor,Produto_29,11,15791.8499086942,11224.031295027457,4567.818613666745,2023,4,April,2,Friday,28.93,1435.62,Lucrativo
2023-04-28 17:21:14.909963986,BA,Marketplace,Serviços,Distribuidor,Produto_72,9,795.5758442464033,468.87013141832114,326.7057128280822,2023,4,April,2,Friday,41.07,88.4,Lucrativo
2023-04-28 17:21:14.909963986,MG,Marketplace,Serviços,Corporativo,Produto_74,10,16636.251469595813,10994.593027554318,5641.658442041495,2023,4,April,2,Friday,33.91,1663.63,Lucrativo
2023-04-29 00:21:53.805522208,SC,Representante,Móveis,Varejo,Produto_12,3,6508.847610569579,5447.798420178358,1061.0491903912207,2023,4,April,2,Saturday,16.3,2169.62,Lucrativo
2023-04-29 00:21:53.805522208,RS,Marketplace,Informática,Corporativo,Produto_80,10,2465.0888414362867,1885.8741549747915,579.2146864614954,2023,4,April,2,Saturday,23.5,246.51,Lucrativo
2023-04-29 07:22:32.701080432,ES,Marketplace,Móveis,Corporativo,Produto_56,13,26233.80143297461,21504.5471619918,4729.254270982816,2023,4,April,2,Saturday,18.03,2017.98,Lucrativo
2023-04-29 07:22:32.701080432,SP,Online,Acessórios,Distribuidor,Produto_89,10,20952.665364885248,16052.138513197166,4900.526851688082,2023,4,April,2,Saturday,23.39,2095.27,Lucrativo
2023-04-29 07:22:32.701080432,RJ,Marketplace,Móveis,Distribuidor,Produto_64,11,23009.895915119083,18437.624730589498,4572.271184529585,2023,4,April,2,Saturday,19.87,2091.81,Lucrativo
2023-04-29 14:23:11.596638656,ES,Marketplace,Eletrônicos,Corporativo,Produto_42,5,10884.818356363812,6235.521730530588,4649.296625833224,2023,4,April,2,Saturday,42.71,2176.96,Lucrativo
2023-04-29 14:23:11.596638656,PR,Online,Eletrônicos,Corporativo,Produto_59,14,14210.242978497465,8240.498361449183,5969.74461704828,2023,4,April,2,Saturday,42.01,1015.02,Lucrativo
2023-04-29 21:23:50.492196878,RJ,Online,Eletrônicos,Distribuidor,Produto_97,3,2676.2471271967925,1712.7283502769108,963.5187769198816,2023,4,April,2,Saturday,36.0,892.08,Lucrativo
2023-05-01 01:26:26.074429772,BA,Online,Eletrônicos,Varejo,Produto_38,9,3230.859359919164,2147.2006910434825,1083.658668875681,2023,5,May,2,Monday,33.54,358.98,Lucrativo
2023-05-01 08:27:04.969987996,RJ,Online,Móveis,Corporativo,Produto_88,13,30348.40368856772,21529.74913075599,8818.654557811726,2023,5,May,2,Monday,29.06,2334.49,Lucrativo
2023-05-01 15:27:43.865546218,BA,Marketplace,Informática,Corporativo,Produto_112,7,16419.716346633264,12689.768434089,3729.947912544263,2023,5,May,2,Monday,22.72,2345.67,Lucrativo
2023-05-03 09:31:37.238895558,PR,Marketplace,Acessórios,Distribuidor,Produto_21,6,11707.526023071594,8523.615168442473,3183.910854629121,2023,5,May,2,Wednesday,27.2,1951.25,Lucrativo
2023-05-03 09:31:37.238895558,ES,Marketplace,Móveis,Corporativo,Produto_95,1,230.9825238732957,187.15450761812843,43.82801625516723,2023,5,May,2,Wednesday,18.97,230.98,Lucrativo
2023-05-03 09:31:37.238895558,SC,Representante,Eletrônicos,Distribuidor,Produto_67,2,2910.5645740735667,1716.5660584351874,1193.998515638379,2023,5,May,2,Wednesday,41.02,1455.28,Lucrativo
2023-05-03 23:32:55.030012004,RS,Representante,Acessórios,Distribuidor,Produto_25,13,23674.84443559549,17106.02721986349,6568.8172157320005,2023,5,May,2,Wednesday,27.75,1821.14,Lucrativo
2023-05-04 13:34:12.821128452,BA,Loja Física,Acessórios,Varejo,Produto_106,3,387.95902296689945,234.27851001847404,153.68051294842542,2023,5,May,2,Thursday,39.61,129.32,Lucrativo
2023-05-04 20:34:51.716686674,ES,Loja Física,Acessórios,Distribuidor,Produto_72,11,19455.172088516338,13063.548039148513,6391.624049367825,2023,5,May,2,Thursday,32.85,1768.65,Lucrativo
2023-05-04 20:34:51.716686674,BA,Marketplace,Informática,Distribuidor,Produto_82,10,7774.356443928073,6282.349996412513,1492.0064475155596,2023,5,May,2,Thursday,19.19,777.44,Lucrativo
2023-05-04 20:34:51.716686674,BA,Online,Acessórios,Distribuidor,Produto_32,7,8277.677414776323,6545.227121539521,1732.4502932368014,2023,5,May,2,Thursday,20.93,1182.53,Lucrativo
2023-05-05 17:36:48.403361344,ES,Representante,Móveis,Varejo,Produto_81,5,3112.711264177917,2277.578821245423,835.1324429324941,2023,5,May,2,Friday,26.83,622.54,Lucrativo
2023-05-06 00:37:27.298919568,SC,Online,Serviços,Corporativo,Produto_72,13,26320.54545874864,17785.253691876478,8535.291766872164,2023,5,May,2,Saturday,32.43,2024.66,Lucrativo
2023-05-06 14:38:45.090036014,RS,Loja Física,Eletrônicos,Distribuidor,Produto_32,10,2962.121601373974,2060.101394107253,902.0202072667212,2023,5,May,2,Saturday,30.45,296.21,Lucrativo
2023-05-06 21:39:23.985594238,BA,Loja Física,Informática,Varejo,Produto_24,11,2182.1686299704734,1315.01098710032,867.1576428701535,2023,5,May,2,Saturday,39.74,198.38,Lucrativo
2023-05-07 11:40:41.776710684,MG,Loja Física,Eletrônicos,Corporativo,Produto_99,6,5110.721193992124,3646.9644467404046,1463.7567472517198,2023,5,May,2,Sunday,28.64,851.79,Lucrativo
2023-05-07 18:41:20.672268908,ES,Loja Física,Móveis,Varejo,Produto_118,11,7039.654652566983,4096.932829004729,2942.721823562254,2023,5,May,2,Sunday,41.8,639.97,Lucrativo
2023-05-08 01:41:59.567827130,ES,Online,Eletrônicos,Corporativo,Produto_68,9,1260.950329764632,693.6137231480507,567.3366066165813,2023,5,May,2,Monday,44.99,140.11,Lucrativo
2023-05-08 08:42:38.463385354,ES,Marketplace,Informática,Corporativo,Produto_40,14,2397.3359648977685,1949.8809867464445,447.4549781513242,2023,5,May,2,Monday,18.66,171.24,Lucrativo
2023-05-09 12:45:14.045618248,MG,Online,Informática,Distribuidor,Produto_44,6,12096.040658577956,7643.629009406693,4452.411649171263,2023,5,May,2,Tuesday,36.81,2016.01,Lucrativo
2023-05-09 12:45:14.045618248,ES,Online,Serviços,Distribuidor,Produto_115,14,15702.24521750955,11271.363261076853,4430.881956432697,2023,5,May,2,Tuesday,28.22,1121.59,Lucrativo
2023-05-09 19:45:52.941176470,PR,Representante,Serviços,Distribuidor,Produto_17,1,1713.0151508802749,1329.9143897423166,383.1007611379582,2023,5,May,2,Tuesday,22.36,1713.02,Lucrativo
2023-05-10 02:46:31.836734694,SC,Representante,Acessórios,Corporativo,Produto_3,7,2388.0911548564045,1666.523496565122,721.5676582912824,2023,5,May,2,Wednesday,30.22,341.16,Lucrativo
2023-05-10 02:46:31.836734694,SP,Marketplace,Eletrônicos,Corporativo,Produto_35,8,17348.393672355924,11596.65674447234,5751.736927883583,2023,5,May,2,Wednesday,33.15,2168.55,Lucrativo
2023-05-10 16:47:49.627851140,PR,Loja Física,Eletrônicos,Distribuidor,Produto_70,2,1075.5723309433415,802.3440255495344,273.2283053938073,2023,5,May,2,Wednesday,25.4,537.79,Lucrativo
2023-05-10 16:47:49.627851140,PR,Loja Física,Móveis,Varejo,Produto_70,10,8784.516686492807,5204.65723406784,3579.8594524249665,2023,5,May,2,Wednesday,40.75,878.45,Lucrativo
2023-05-11 06:49:07.418967586,ES,Representante,Móveis,Corporativo,Produto_102,1,1856.422420842088,1123.078415801133,733.3440050409549,2023,5,May,2,Thursday,39.5,1856.42,Lucrativo
2023-05-11 20:50:25.210084034,RS,Online,Acessórios,Corporativo,Produto_15,14,23049.157229722645,17936.724663087,5112.432566635645,2023,5,May,2,Thursday,22.18,1646.37,Lucrativo
2023-05-11 20:50:25.210084034,RS,Representante,Acessórios,Varejo,Produto_84,10,18840.316501586552,12425.650131584754,6414.666370001798,2023,5,May,2,Thursday,34.05,1884.03,Lucrativo
2023-05-12 03:51:04.105642256,PR,Loja Física,Eletrônicos,Distribuidor,Produto_23,8,17966.050323238924,14865.006617096342,3101.043706142582,2023,5,May,2,Friday,17.26,2245.76,Lucrativo
2023-05-12 03:51:04.105642256,SP,Online,Serviços,Distribuidor,Produto_84,3,608.8251000664733,461.0360658468078,147.7890342196655,2023,5,May,2,Friday,24.27,202.94,Lucrativo
2023-05-12 10:51:43.001200480,SP,Marketplace,Informática,Varejo,Produto_37,13,10186.297050855252,6997.013000623442,3189.2840502318118,2023,5,May,2,Friday,31.31,783.56,Lucrativo
2023-05-12 17:52:21.896758704,PR,Representante,Móveis,Distribuidor,Produto_73,13,14427.490340356717,8926.396822950766,5501.093517405951,2023,5,May,2,Friday,38.13,1109.81,Lucrativo
2023-05-12 17:52:21.896758704,BA,Online,Serviços,Varejo,Produto_93,10,3937.907986608075,2670.685053020107,1267.2229335879683,2023,5,May,2,Friday,32.18,393.79,Lucrativo
2023-05-13 14:54:18.583433374,ES,Representante,Serviços,Corporativo,Produto_3,10,14441.569424893823,10091.490719168529,4350.0787057252965,2023,5,May,2,Saturday,30.12,1444.16,Lucrativo
2023-05-13 14:54:18.583433374,SC,Online,Eletrônicos,Distribuidor,Produto_100,3,5211.08656394435,4152.314719883988,1058.771844060362,2023,5,May,2,Saturday,20.32,1737.03,Lucrativo
2023-05-13 21:54:57.478991596,PR,Loja Física,Informática,Distribuidor,Produto_83,9,4326.607929203515,3631.118158029885,695.4897711736303,2023,5,May,2,Saturday,16.07,480.73,Lucrativo
2023-05-13 21:54:57.478991596,BA,Online,Informática,Varejo,Produto_9,9,7360.764695023426,4356.332396948481,3004.432298074945,2023,5,May,2,Saturday,40.82,817.86,Lucrativo
2023-05-14 04:55:36.374549820,SP,Representante,Eletrônicos,Corporativo,Produto_117,1,1630.3267696522778,1231.9940164503057,398.3327532019721,2023,5,May,2,Sunday,24.43,1630.33,Lucrativo
2023-05-14 04:55:36.374549820,RS,Loja Física,Móveis,Varejo,Produto_60,7,13088.619395000396,9614.871073930708,3473.748321069688,2023,5,May,2,Sunday,26.54,1869.8,Lucrativo
2023-05-15 01:57:33.061224490,SC,Online,Acessórios,Distribuidor,Produto_21,4,3932.674196665931,3309.531459754186,623.142736911745,2023,5,May,2,Monday,15.85,983.17,Lucrativo
2023-05-15 01:57:33.061224490,PR,Representante,Eletrônicos,Corporativo,Produto_51,9,5440.009509634721,3180.848187851946,2259.1613217827758,2023,5,May,2,Monday,41.53,604.45,Lucrativo
2023-05-15 08:58:11.956782712,ES,Marketplace,Serviços,Distribuidor,Produto_87,14,3563.087697770185,3016.428605959039,546.6590918111465,2023,5,May,2,Monday,15.34,254.51,Lucrativo
2023-05-15 08:58:11.956782712,MG,Representante,Móveis,Varejo,Produto_69,3,4107.950382976189,3089.70923138777,1018.2411515884188,2023,5,May,2,Monday,24.79,1369.32,Lucrativo
2023-05-15 15:58:50.852340936,ES,Representante,Serviços,Varejo,Produto_88,13,24571.8723257926,13754.683335002335,10817.18899079026,2023,5,May,2,Monday,44.02,1890.14,Lucrativo
2023-05-15 22:59:29.747899160,SP,Loja Física,Informática,Corporativo,Produto_100,10,19171.657434087218,14970.856901141187,4200.80053294603,2023,5,May,2,Monday,21.91,1917.17,Lucrativo
2023-05-16 06:00:08.643457382,SP,Representante,Eletrônicos,Varejo,Produto_70,1,946.0038500886652,675.4418913196412,270.56195876902416,2023,5,May,2,Tuesday,28.6,946.0,Lucrativo
2023-05-16 13:00:47.539015606,ES,Representante,Eletrônicos,Corporativo,Produto_119,6,14056.213561163157,9597.178390951707,4459.035170211449,2023,5,May,2,Tuesday,31.72,2342.7,Lucrativo
2023-05-17 10:02:44.225690276,RS,Marketplace,Serviços,Varejo,Produto_92,14,4732.076873752524,2845.4831329336007,1886.5937408189236,2023,5,May,2,Wednesday,39.87,338.01,Lucrativo
2023-05-18 00:04:02.016806722,RS,Marketplace,Eletrônicos,Distribuidor,Produto_28,13,19387.60245477181,13859.359920772054,5528.242533999761,2023,5,May,2,Thursday,28.51,1491.35,Lucrativo
2023-05-18 07:04:40.912364946,SC,Online,Acessórios,Distribuidor,Produto_61,10,20140.615188797565,16176.146367063517,3964.46882173405,2023,5,May,2,Thursday,19.68,2014.06,Lucrativo
2023-05-19 11:07:16.494597840,SC,Loja Física,Serviços,Distribuidor,Produto_70,13,13237.936975510554,10400.35116283899,2837.585812671565,2023,5,May,2,Friday,21.44,1018.3,Lucrativo
2023-05-19 18:07:55.390156062,SP,Representante,Acessórios,Varejo,Produto_64,2,1380.3080656505056,1105.5126340731276,274.79543157737794,2023,5,May,2,Friday,19.91,690.15,Lucrativo
2023-05-19 18:07:55.390156062,RJ,Online,Móveis,Corporativo,Produto_29,2,2267.389576494429,1259.5239404853633,1007.8656360090664,2023,5,May,2,Friday,44.45,1133.69,Lucrativo
2023-05-19 18:07:55.390156062,RJ,Loja Física,Serviços,Varejo,Produto_89,8,2058.6930321937707,1303.6914407875877,755.0015914061833,2023,5,May,2,Friday,36.67,257.34,Lucrativo
2023-05-19 18:07:55.390156062,RJ,Marketplace,Informática,Varejo,Produto_23,1,2265.723242469432,1897.85923560365,367.8640068657821,2023,5,May,2,Friday,16.24,2265.72,Lucrativo
2023-05-20 08:09:13.181272508,SC,Loja Física,Móveis,Varejo,Produto_21,7,8056.233350406241,4773.408098462435,3282.8252519438056,2023,5,May,2,Saturday,40.75,1150.89,Lucrativo
2023-05-21 05:11:09.867947178,PR,Online,Serviços,Corporativo,Produto_3,12,18185.34732189367,12490.062857061725,5695.284464831946,2023,5,May,2,Sunday,31.32,1515.45,Lucrativo
2023-05-21 05:11:09.867947178,PR,Representante,Eletrônicos,Distribuidor,Produto_79,4,1060.1417249232104,764.5052184806324,295.636506442578,2023,5,May,2,Sunday,27.89,265.04,Lucrativo
2023-05-21 12:11:48.763505402,RJ,Marketplace,Acessórios,Corporativo,Produto_90,12,17868.331262835516,9921.886715523353,7946.444547312163,2023,5,May,2,Sunday,44.47,1489.03,Lucrativo
2023-05-21 19:12:27.659063626,SP,Online,Móveis,Varejo,Produto_39,14,33562.3905342486,24909.72689447245,8652.663639776158,2023,5,May,2,Sunday,25.78,2397.31,Lucrativo
2023-05-21 19:12:27.659063626,SC,Loja Física,Acessórios,Distribuidor,Produto_2,7,7384.308642305432,6227.189806400447,1157.1188359049847,2023,5,May,2,Sunday,15.67,1054.9,Lucrativo
2023-05-22 02:13:06.554621848,MG,Marketplace,Móveis,Corporativo,Produto_19,6,971.8609221872364,653.3460238504729,318.5148983367634,2023,5,May,2,Monday,32.77,161.98,Lucrativo
2023-05-22 09:13:45.450180072,RS,Online,Eletrônicos,Corporativo,Produto_63,6,2848.822428367548,2409.0691427768784,439.7532855906693,2023,5,May,2,Monday,15.44,474.8,Lucrativo
2023-05-22 09:13:45.450180072,BA,Marketplace,Móveis,Varejo,Produto_22,6,9889.489839472131,6094.003719698024,3795.486119774108,2023,5,May,2,Monday,38.38,1648.25,Lucrativo
2023-05-23 06:15:42.136854742,RS,Loja Física,Acessórios,Corporativo,Produto_63,7,13918.782745720227,9807.807248883826,4110.975496836401,2023,5,May,2,Tuesday,29.54,1988.4,Lucrativo
2023-05-23 13:16:21.032412966,SC,Online,Móveis,Corporativo,Produto_2,4,9176.314611020976,7265.950381417662,1910.364229603312,2023,5,May,2,Tuesday,20.82,2294.08,Lucrativo
2023-05-23 13:16:21.032412966,BA,Online,Eletrônicos,Varejo,Produto_88,4,5776.856582772478,4103.1540761641245,1673.7025066083534,2023,5,May,2,Tuesday,28.97,1444.21,Lucrativo
2023-05-23 20:16:59.927971188,SP,Loja Física,Informática,Distribuidor,Produto_15,4,3093.421134226607,2226.6397421941606,866.7813920324465,2023,5,May,2,Tuesday,28.02,773.36,Lucrativo
2023-05-23 20:16:59.927971188,PR,Loja Física,Serviços,Varejo,Produto_48,14,18136.308099321872,14720.924965260112,3415.38313406176,2023,5,May,2,Tuesday,18.83,1295.45,Lucrativo
2023-05-23 20:16:59.927971188,RJ,Marketplace,Acessórios,Distribuidor,Produto_110,13,28995.344008621338,21963.13550760884,7032.208501012501,2023,5,May,2,Tuesday,24.25,2230.41,Lucrativo
2023-05-23 20:16:59.927971188,MG,Representante,Acessórios,Varejo,Produto_95,5,11328.34066806635,7798.9818539579,3529.35881410845,2023,5,May,2,Tuesday,31.16,2265.67,Lucrativo
2023-05-24 03:17:38.823529412,ES,Marketplace,Eletrônicos,Varejo,Produto_115,8,15351.53513592967,12643.836796000627,2707.69833992904,2023,5,May,2,Wednesday,17.64,1918.94,Lucrativo
2023-05-24 17:18:56.614645858,MG,Representante,Acessórios,Varejo,Produto_38,7,10863.623248501415,9084.93426717505,1778.688981326366,2023,5,May,2,Wednesday,16.37,1551.95,Lucrativo
2023-05-25 00:19:35.510204082,SC,Representante,Móveis,Varejo,Produto_19,11,16161.268007051622,12928.337189005271,3232.9308180463486,2023,5,May,2,Thursday,20.0,1469.21,Lucrativo
2023-05-25 00:19:35.510204082,BA,Online,Acessórios,Varejo,Produto_104,3,4928.239061981571,2871.9763073427875,2056.262754638783,2023,5,May,2,Thursday,41.72,1642.75,Lucrativo
2023-05-25 00:19:35.510204082,RJ,Loja Física,Eletrônicos,Varejo,Produto_99,14,11875.96968385263,7547.065671545623,4328.904012307007,2023,5,May,2,Thursday,36.45,848.28,Lucrativo
2023-05-25 07:20:14.405762304,SP,Loja Física,Eletrônicos,Corporativo,Produto_11,11,27388.038966253556,17437.823944026113,9950.21502222744,2023,5,May,2,Thursday,36.33,2489.82,Lucrativo
2023-05-25 07:20:14.405762304,SP,Loja Física,Serviços,Corporativo,Produto_75,10,14338.705004320214,9353.447676754617,4985.2573275656,2023,5,May,2,Thursday,34.77,1433.87,Lucrativo
2023-05-25 14:20:53.301320528,MG,Online,Informática,Distribuidor,Produto_17,8,13760.84270783784,10431.248203335945,3329.594504501896,2023,5,May,2,Thursday,24.2,1720.11,Lucrativo
2023-05-25 21:21:32.196878752,RJ,Representante,Acessórios,Distribuidor,Produto_26,2,2075.8244161359,1571.9020288909562,503.9223872449432,2023,5,May,2,Thursday,24.28,1037.91,Lucrativo
2023-05-26 11:22:49.987995198,RS,Loja Física,Móveis,Corporativo,Produto_47,9,6235.249355621892,3480.5860727389186,2754.663282882974,2023,5,May,2,Friday,44.18,692.81,Lucrativo
2023-05-26 11:22:49.987995198,BA,Online,Informática,Corporativo,Produto_28,7,3893.397183678735,2675.4969288767693,1217.9002548019653,2023,5,May,2,Friday,31.28,556.2,Lucrativo
2023-05-26 18:23:28.883553422,SP,Loja Física,Móveis,Varejo,Produto_43,4,7577.370627715299,4512.36099322597,3065.009634489329,2023,5,May,2,Friday,40.45,1894.34,Lucrativo
2023-05-26 18:23:28.883553422,SP,Online,Acessórios,Distribuidor,Produto_78,6,14636.82255602168,8171.839993537283,6464.982562484397,2023,5,May,2,Friday,44.17,2439.47,Lucrativo
2023-05-27 01:24:07.779111644,RS,Online,Eletrônicos,Distribuidor,Produto_63,5,1086.2568567298872,846.9295080726312,239.32734865725604,2023,5,May,2,Saturday,22.03,217.25,Lucrativo
2023-05-27 22:26:04.465786314,PR,Online,Informática,Distribuidor,Produto_62,5,4627.860942237539,3542.6483644220434,1085.212577815496,2023,5,May,2,Saturday,23.45,925.57,Lucrativo
2023-05-28 05:26:43.361344538,RS,Marketplace,Móveis,Distribuidor,Produto_48,3,5902.51433125851,4160.999546066733,1741.5147851917764,2023,5,May,2,Sunday,29.5,1967.5,Lucrativo
2023-05-28 05:26:43.361344538,PR,Marketplace,Eletrônicos,Corporativo,Produto_38,8,13180.82058444297,11100.255464607044,2080.5651198359265,2023,5,May,2,Sunday,15.78,1647.6,Lucrativo
2023-05-29 02:28:40.048019208,RJ,Marketplace,Informática,Varejo,Produto_61,4,9669.286330952878,7122.641444632144,2546.6448863207343,2023,5,May,2,Monday,26.34,2417.32,Lucrativo
2023-05-29 09:29:18.943577430,ES,Representante,Acessórios,Varejo,Produto_55,14,25398.68091125548,15372.656732591257,10026.02417866422,2023,5,May,2,Monday,39.47,1814.19,Lucrativo
2023-05-29 16:29:57.839135654,SC,Online,Acessórios,Varejo,Produto_32,10,17576.33423473462,14467.809912952693,3108.524321781926,2023,5,May,2,Monday,17.69,1757.63,Lucrativo
2023-05-31 03:33:12.316926770,ES,Representante,Móveis,Corporativo,Produto_10,6,4789.53480528127,3991.917806360152,797.6169989211176,2023,5,May,2,Wednesday,16.65,798.26,Lucrativo
2023-05-31 03:33:12.316926770,SC,Loja Física,Informática,Distribuidor,Produto_91,11,5895.706819319526,4974.104925964168,921.6018933553588,2023,5,May,2,Wednesday,15.63,535.97,Lucrativo
2023-05-31 10:33:51.212484994,BA,Loja Física,Móveis,Varejo,Produto_61,4,4296.382945310264,3612.3489364230286,684.0340088872358,2023,5,May,2,Wednesday,15.92,1074.1,Lucrativo
2023-05-31 10:33:51.212484994,SP,Loja Física,Eletrônicos,Corporativo,Produto_37,12,5670.004527048213,3808.904357799684,1861.1001692485293,2023,5,May,2,Wednesday,32.82,472.5,Lucrativo
2023-05-31 17:34:30.108043218,SC,Marketplace,Eletrônicos,Distribuidor,Produto_62,6,3352.956202344684,2513.8138423684345,839.1423599762497,2023,5,May,2,Wednesday,25.03,558.83,Lucrativo
2023-05-31 17:34:30.108043218,SP,Online,Serviços,Corporativo,Produto_88,12,18868.707477370568,13472.654974127205,5396.052503243363,2023,5,May,2,Wednesday,28.6,1572.39,Lucrativo
2023-06-01 00:35:09.003601440,ES,Online,Móveis,Corporativo,Produto_99,12,8550.301265825963,5939.748402812127,2610.552863013836,2023,6,June,2,Thursday,30.53,712.53,Lucrativo
2023-06-01 14:36:26.794717888,ES,Online,Móveis,Varejo,Produto_64,7,13423.191098224072,7796.923525895694,5626.267572328379,2023,6,June,2,Thursday,41.91,1917.6,Lucrativo
2023-06-01 14:36:26.794717888,RS,Online,Eletrônicos,Distribuidor,Produto_115,11,17029.69146160415,12138.18460678474,4891.50685481941,2023,6,June,2,Thursday,28.72,1548.15,Lucrativo
2023-06-01 21:37:05.690276110,SP,Representante,Acessórios,Distribuidor,Produto_40,8,2763.064118111207,2261.0172539941145,502.0468641170924,2023,6,June,2,Thursday,18.17,345.38,Lucrativo
2023-06-01 21:37:05.690276110,RS,Loja Física,Acessórios,Distribuidor,Produto_88,3,5776.780402629971,3536.658276052266,2240.122126577705,2023,6,June,2,Thursday,38.78,1925.59,Lucrativo
2023-06-02 04:37:44.585834334,RS,Online,Serviços,Varejo,Produto_117,12,9625.80537574102,5500.443464833436,4125.361910907584,2023,6,June,2,Friday,42.86,802.15,Lucrativo
2023-06-02 11:38:23.481392556,MG,Representante,Eletrônicos,Corporativo,Produto_83,14,5913.344857552433,4043.410318285145,1869.934539267288,2023,6,June,2,Friday,31.62,422.38,Lucrativo
2023-06-02 11:38:23.481392556,SP,Loja Física,Informática,Corporativo,Produto_109,7,16278.9889429621,12614.960131191048,3664.028811771052,2023,6,June,2,Friday,22.51,2325.57,Lucrativo
2023-06-03 01:39:41.272509004,RS,Online,Eletrônicos,Corporativo,Produto_25,7,10016.024443010849,8487.824644439772,1528.199798571075,2023,6,June,2,Saturday,15.26,1430.86,Lucrativo
2023-06-03 08:40:20.168067226,ES,Loja Física,Informática,Corporativo,Produto_75,5,7132.670499804908,5395.509564375784,1737.160935429124,2023,6,June,2,Saturday,24.35,1426.53,Lucrativo
2023-06-03 08:40:20.168067226,SC,Loja Física,Móveis,Distribuidor,Produto_58,1,962.0851591842747,538.8474447468899,423.23771443738485,2023,6,June,2,Saturday,43.99,962.09,Lucrativo
2023-06-03 15:40:59.063625450,ES,Representante,Informática,Corporativo,Produto_73,9,16694.729504355793,11255.591899097291,5439.137605258502,2023,6,June,2,Saturday,32.58,1854.97,Lucrativo
2023-06-04 05:42:16.854741896,ES,Representante,Serviços,Distribuidor,Produto_117,2,682.4684174311616,445.0372813770785,237.43113605408308,2023,6,June,2,Sunday,34.79,341.23,Lucrativo
2023-06-04 05:42:16.854741896,SP,Loja Física,Móveis,Varejo,Produto_46,10,3722.367985199895,2202.2570876934865,1520.110897506408,2023,6,June,2,Sunday,40.84,372.24,Lucrativo
2023-06-04 12:42:55.750300120,RS,Online,Informática,Corporativo,Produto_38,13,17828.24032418202,13571.684215043677,4256.556109138346,2023,6,June,2,Sunday,23.88,1371.4,Lucrativo
2023-06-05 02:44:13.541416566,SC,Loja Física,Acessórios,Distribuidor,Produto_89,11,25829.858032472395,19931.164756681253,5898.693275791142,2023,6,June,2,Monday,22.84,2348.17,Lucrativo
2023-06-05 02:44:13.541416566,SP,Marketplace,Informática,Corporativo,Produto_31,13,13860.244835621445,9316.15689431166,4544.087941309785,2023,6,June,2,Monday,32.79,1066.17,Lucrativo
2023-06-05 09:44:52.436974790,PR,Online,Eletrônicos,Varejo,Produto_45,8,10631.658986221237,7179.960124913404,3451.698861307831,2023,6,June,2,Monday,32.47,1328.96,Lucrativo
2023-06-05 09:44:52.436974790,RS,Loja Física,Serviços,Distribuidor,Produto_101,4,9011.62382676116,6730.272794520377,2281.351032240784,2023,6,June,2,Monday,25.32,2252.91,Lucrativo
2023-06-06 13:47:28.019207682,SC,Loja Física,Informática,Varejo,Produto_54,9,7050.596421487136,5884.702843703378,1165.8935777837578,2023,6,June,2,Tuesday,16.54,783.4,Lucrativo
2023-06-07 10:49:24.705882352,ES,Online,Serviços,Corporativo,Produto_93,6,13885.986404980124,9332.721843117624,4553.264561862501,2023,6,June,2,Wednesday,32.79,2314.33,Lucrativo
2023-06-07 17:50:03.601440576,MG,Marketplace,Informática,Corporativo,Produto_78,12,7149.877947772829,5132.78643195051,2017.09151582232,2023,6,June,2,Wednesday,28.21,595.82,Lucrativo
2023-06-08 00:50:42.496998800,SC,Representante,Móveis,Varejo,Produto_46,2,4216.041644727595,3442.7460250604927,773.2956196671021,2023,6,June,2,Thursday,18.34,2108.02,Lucrativo
2023-06-08 00:50:42.496998800,SC,Representante,Móveis,Distribuidor,Produto_112,6,8997.373563197954,7506.346348780102,1491.0272144178523,2023,6,June,2,Thursday,16.57,1499.56,Lucrativo
2023-06-08 00:50:42.496998800,SP,Marketplace,Móveis,Corporativo,Produto_76,5,9930.143079011315,6704.853465690625,3225.2896133206905,2023,6,June,2,Thursday,32.48,1986.03,Lucrativo
2023-06-08 00:50:42.496998800,RS,Marketplace,Acessórios,Corporativo,Produto_77,14,32957.89869581987,24342.73620987018,8615.162485949691,2023,6,June,2,Thursday,26.14,2354.14,Lucrativo
2023-06-08 07:51:21.392557022,RS,Online,Serviços,Distribuidor,Produto_21,12,12873.751948698087,10784.215894182851,2089.5360545152344,2023,6,June,2,Thursday,16.23,1072.81,Lucrativo
2023-06-09 04:53:18.079231692,RJ,Online,Eletrônicos,Varejo,Produto_45,2,1080.3270143260734,752.8094153234118,327.51759900266154,2023,6,June,2,Friday,30.32,540.16,Lucrativo
2023-06-09 11:53:56.974789916,SC,Online,Móveis,Corporativo,Produto_43,14,11367.65461018162,9193.658211087632,2173.9963990939887,2023,6,June,2,Friday,19.12,811.98,Lucrativo
2023-06-09 11:53:56.974789916,ES,Loja Física,Serviços,Varejo,Produto_85,5,7445.336401541159,4502.793671681925,2942.542729859234,2023,6,June,2,Friday,39.52,1489.07,Lucrativo
2023-06-09 18:54:35.870348140,BA,Online,Acessórios,Distribuidor,Produto_76,12,7126.654323557883,5395.684569683179,1730.969753874704,2023,6,June,2,Friday,24.29,593.89,Lucrativo
2023-06-10 15:56:32.557022808,SP,Online,Informática,Varejo,Produto_103,13,1201.8322004189513,805.846248540067,395.9859518788843,2023,6,June,2,Saturday,32.95,92.45,Lucrativo
2023-06-10 22:57:11.452581032,ES,Online,Serviços,Distribuidor,Produto_62,8,5659.190951701037,4520.219967421089,1138.9709842799484,2023,6,June,2,Saturday,20.13,707.4,Lucrativo
2023-06-11 05:57:50.348139256,ES,Loja Física,Móveis,Distribuidor,Produto_91,14,2365.279653264006,1644.273935151586,721.0057181124198,2023,6,June,2,Sunday,30.48,168.95,Lucrativo
2023-06-11 05:57:50.348139256,PR,Loja Física,Móveis,Varejo,Produto_67,11,18818.68059663053,15753.156582709276,3065.5240139212547,2023,6,June,2,Sunday,16.29,1710.79,Lucrativo
2023-06-11 19:59:08.139255702,BA,Marketplace,Acessórios,Varejo,Produto_28,10,4802.807142556536,3483.502076179512,1319.3050663770236,2023,6,June,2,Sunday,27.47,480.28,Lucrativo
2023-06-12 10:00:25.930372148,BA,Marketplace,Eletrônicos,Distribuidor,Produto_95,2,3286.5050708055546,2686.841183510584,599.6638872949707,2023,6,June,2,Monday,18.25,1643.25,Lucrativo
2023-06-12 17:01:04.825930372,PR,Online,Eletrônicos,Distribuidor,Produto_27,8,4099.666167508438,2970.569344390756,1129.096823117682,2023,6,June,2,Monday,27.54,512.46,Lucrativo
2023-06-12 17:01:04.825930372,SP,Online,Informática,Corporativo,Produto_51,6,9163.330171151882,7784.003166355138,1379.3270047967435,2023,6,June,2,Monday,15.05,1527.22,Lucrativo
2023-06-13 00:01:43.721488596,MG,Loja Física,Acessórios,Varejo,Produto_73,11,9371.090438960087,7949.271073146899,1421.8193658131886,2023,6,June,2,Tuesday,15.17,851.92,Lucrativo
2023-06-13 07:02:22.617046818,MG,Online,Serviços,Distribuidor,Produto_18,1,2173.627871899906,1415.172137802955,758.4557340969511,2023,6,June,2,Tuesday,34.89,2173.63,Lucrativo
2023-06-13 07:02:22.617046818,BA,Online,Eletrônicos,Corporativo,Produto_40,11,13466.49036392029,11435.876322097878,2030.6140418224115,2023,6,June,2,Tuesday,15.08,1224.23,Lucrativo
2023-06-13 14:03:01.512605042,MG,Online,Serviços,Distribuidor,Produto_46,10,3394.8109736391307,2415.2909890163,979.5199846228312,2023,6,June,2,Tuesday,28.85,339.48,Lucrativo
2023-06-13 14:03:01.512605042,SC,Marketplace,Informática,Distribuidor,Produto_66,2,1555.0309701725027,1186.4401640647875,368.590806107715,2023,6,June,2,Tuesday,23.7,777.52,Lucrativo
2023-06-14 04:04:19.303721488,RJ,Online,Acessórios,Distribuidor,Produto_101,14,20245.013872492185,12498.676073645978,7746.337798846207,2023,6,June,2,Wednesday,38.26,1446.07,Lucrativo
2023-06-14 04:04:19.303721488,MG,Online,Serviços,Varejo,Produto_116,4,5804.449365007878,3859.487759749946,1944.961605257933,2023,6,June,2,Wednesday,33.51,1451.11,Lucrativo
2023-06-15 08:06:54.885954382,ES,Online,Serviços,Varejo,Produto_51,13,32067.685494671423,22004.26912734051,10063.416367330912,2023,6,June,2,Thursday,31.38,2466.75,Lucrativo
2023-06-15 15:07:33.781512604,ES,Online,Serviços,Corporativo,Produto_112,2,1127.8167235555416,631.9191109206646,495.89761263487696,2023,6,June,2,Thursday,43.97,563.91,Lucrativo
2023-06-15 22:08:12.677070828,RS,Online,Eletrônicos,Varejo,Produto_6,8,10331.087795041836,7969.923627185098,2361.1641678567385,2023,6,June,2,Thursday,22.85,1291.39,Lucrativo
2023-06-16 12:09:30.468187274,SC,Online,Móveis,Varejo,Produto_19,1,1674.5044703665203,1073.5182748707975,600.9861954957228,2023,6,June,2,Friday,35.89,1674.5,Lucrativo
2023-06-16 19:10:09.363745498,BA,Loja Física,Acessórios,Varejo,Produto_63,12,18616.336820802248,15455.256951977732,3161.079868824514,2023,6,June,2,Friday,16.98,1551.36,Lucrativo
2023-06-17 02:10:48.259303722,SC,Loja Física,Móveis,Distribuidor,Produto_63,14,10131.44926933615,6953.974015758549,3177.4752535776006,2023,6,June,2,Saturday,31.36,723.67,Lucrativo
2023-06-17 09:11:27.154861944,SP,Loja Física,Serviços,Distribuidor,Produto_57,8,7044.068551028147,4980.846070159227,2063.2224808689207,2023,6,June,2,Saturday,29.29,880.51,Lucrativo
2023-06-17 16:12:06.050420168,RJ,Marketplace,Móveis,Corporativo,Produto_48,2,956.0268219624024,779.7256608297425,176.3011611326598,2023,6,June,2,Saturday,18.44,478.01,Lucrativo
2023-06-17 16:12:06.050420168,BA,Loja Física,Acessórios,Corporativo,Produto_65,7,7743.057097191862,5865.058100285532,1877.99899690633,2023,6,June,2,Saturday,24.25,1106.15,Lucrativo
2023-06-17 23:12:44.945978392,MG,Online,Acessórios,Distribuidor,Produto_92,6,462.3930346278309,304.16239703328847,158.23063759454237,2023,6,June,2,Saturday,34.22,77.07,Lucrativo
2023-06-17 23:12:44.945978392,RS,Online,Móveis,Distribuidor,Produto_65,14,3835.513123200405,2418.923629486529,1416.5894937138755,2023,6,June,2,Saturday,36.93,273.97,Lucrativo
2023-06-18 20:14:41.632653062,RS,Representante,Serviços,Distribuidor,Produto_107,4,5901.449987072067,4238.052312103195,1663.3976749688727,2023,6,June,2,Sunday,28.19,1475.36,Lucrativo
2023-06-18 20:14:41.632653062,BA,Online,Informática,Corporativo,Produto_52,9,480.1640552159865,293.27731252507306,186.88674269091345,2023,6,June,2,Sunday,38.92,53.35,Lucrativo
2023-06-19 03:15:20.528211284,SC,Loja Física,Informática,Corporativo,Produto_86,6,9528.640121234654,6313.482953728622,3215.157167506032,2023,6,June,2,Monday,33.74,1588.11,Lucrativo
2023-06-19 10:15:59.423769508,SP,Marketplace,Informática,Distribuidor,Produto_113,13,27221.751084916265,17115.754727398,10105.996357518265,2023,6,June,2,Monday,37.12,2093.98,Lucrativo
2023-06-19 10:15:59.423769508,SC,Online,Móveis,Varejo,Produto_10,13,9963.0323881453,5628.826127579132,4334.206260566169,2023,6,June,2,Monday,43.5,766.39,Lucrativo
2023-06-19 10:15:59.423769508,ES,Marketplace,Acessórios,Corporativo,Produto_53,4,7638.709698657661,4717.113298689628,2921.5963999680325,2023,6,June,2,Monday,38.25,1909.68,Lucrativo
2023-06-19 17:16:38.319327730,BA,Loja Física,Informática,Corporativo,Produto_55,9,7151.014337242926,4697.013403394669,2454.000933848257,2023,6,June,2,Monday,34.32,794.56,Lucrativo
2023-06-19 17:16:38.319327730,PR,Representante,Informática,Varejo,Produto_5,14,16539.96411687296,12771.157891211738,3768.806225661223,2023,6,June,2,Monday,22.79,1181.43,Lucrativo
2023-06-19 17:16:38.319327730,RJ,Representante,Móveis,Distribuidor,Produto_13,11,2309.026296536326,1538.3483279487198,770.6779685876061,2023,6,June,2,Monday,33.38,209.91,Lucrativo
2023-06-20 00:17:17.214885954,SC,Representante,Acessórios,Varejo,Produto_26,10,17304.834340144007,14652.239000797155,2652.59533934685,2023,6,June,2,Tuesday,15.33,1730.48,Lucrativo
2023-06-20 07:17:56.110444178,SC,Marketplace,Eletrônicos,Varejo,Produto_108,4,2449.95562714666,1425.8656513315568,1024.0899758151031,2023,6,June,2,Tuesday,41.8,612.49,Lucrativo
2023-06-21 11:20:31.692677070,ES,Marketplace,Eletrônicos,Corporativo,Produto_53,3,1086.0135063627567,892.7084688685426,193.30503749421416,2023,6,June,2,Wednesday,17.8,362.0,Lucrativo
2023-06-21 11:20:31.692677070,RS,Loja Física,Acessórios,Corporativo,Produto_75,4,4910.08318944311,3592.646202968513,1317.4369864745968,2023,6,June,2,Wednesday,26.83,1227.52,Lucrativo
2023-06-21 11:20:31.692677070,MG,Loja Física,Móveis,Distribuidor,Produto_35,3,2722.551187683497,1920.9216641142127,801.6295235692844,2023,6,June,2,Wednesday,29.44,907.52,Lucrativo
2023-06-22 22:23:46.170468188,RS,Marketplace,Serviços,Varejo,Produto_92,12,5144.181795506554,2976.62319970399,2167.5585958025645,2023,6,June,2,Thursday,42.14,428.68,Lucrativo
2023-06-23 05:24:25.066026410,SC,Loja Física,Acessórios,Corporativo,Produto_21,7,7336.135019445064,5342.471919861367,1993.6630995836977,2023,6,June,2,Friday,27.18,1048.02,Lucrativo
2023-06-23 05:24:25.066026410,SC,Loja Física,Móveis,Distribuidor,Produto_35,9,2643.775087255316,1611.202763315488,1032.572323939828,2023,6,June,2,Friday,39.06,293.75,Lucrativo
2023-06-23 05:24:25.066026410,SC,Online,Informática,Varejo,Produto_70,2,3287.8664345660045,2212.5823083974715,1075.284126168533,2023,6,June,2,Friday,32.7,1643.93,Lucrativo
2023-06-23 05:24:25.066026410,SP,Loja Física,Eletrônicos,Corporativo,Produto_8,8,15748.734054502938,9563.139145352006,6185.594909150932,2023,6,June,2,Friday,39.28,1968.59,Lucrativo
2023-06-23 12:25:03.961584634,SC,Marketplace,Acessórios,Distribuidor,Produto_61,14,11787.314375139878,7209.478332122948,4577.8360430169305,2023,6,June,2,Friday,38.84,841.95,Lucrativo
2023-06-23 19:25:42.857142856,ES,Online,Informática,Corporativo,Produto_9,11,23069.28965922833,17575.788438030137,5493.501221198196,2023,6,June,2,Friday,23.81,2097.21,Lucrativo
2023-06-23 19:25:42.857142856,BA,Loja Física,Móveis,Distribuidor,Produto_79,2,3343.552973751477,2007.566951971337,1335.9860217801402,2023,6,June,2,Friday,39.96,1671.78,Lucrativo
2023-06-24 02:26:21.752701080,ES,Representante,Eletrônicos,Varejo,Produto_78,14,22588.718746198298,18760.519736457554,3828.1990097407433,2023,6,June,2,Saturday,16.95,1613.48,Lucrativo
2023-06-24 09:27:00.648259304,BA,Loja Física,Eletrônicos,Varejo,Produto_3,10,1314.737876708898,1046.617902348337,268.11997436056095,2023,6,June,2,Saturday,20.39,131.47,Lucrativo
2023-06-24 09:27:00.648259304,SP,Marketplace,Acessórios,Distribuidor,Produto_16,4,6847.928879872439,5765.069935682666,1082.858944189773,2023,6,June,2,Saturday,15.81,1711.98,Lucrativo
2023-06-25 06:28:57.334933974,ES,Representante,Informática,Varejo,Produto_62,14,31291.071842662084,17503.64399177678,13787.427850885306,2023,6,June,2,Sunday,44.06,2235.08,Lucrativo
2023-06-25 13:29:36.230492196,BA,Representante,Eletrônicos,Corporativo,Produto_9,7,6937.570727830643,4330.366016452976,2607.204711377667,2023,6,June,2,Sunday,37.58,991.08,Lucrativo
2023-06-25 13:29:36.230492196,PR,Representante,Móveis,Corporativo,Produto_57,14,30614.63729315941,22978.62809100831,7636.009202151101,2023,6,June,2,Sunday,24.94,2186.76,Lucrativo
2023-06-25 20:30:15.126050420,ES,Loja Física,Informática,Corporativo,Produto_113,1,617.6666125308531,513.6051575245293,104.06145500632374,2023,6,June,2,Sunday,16.85,617.67,Lucrativo
2023-06-26 03:30:54.021608644,BA,Marketplace,Móveis,Distribuidor,Produto_47,8,9571.146386132668,6509.7811234967485,3061.365262635918,2023,6,June,2,Monday,31.99,1196.39,Lucrativo
2023-06-27 07:33:29.603841536,ES,Loja Física,Serviços,Distribuidor,Produto_87,9,13231.04999452514,10234.50540095229,2996.5445935728494,2023,6,June,2,Tuesday,22.65,1470.12,Lucrativo
2023-06-27 07:33:29.603841536,BA,Marketplace,Serviços,Distribuidor,Produto_75,2,2696.561981948651,1791.6242008064603,904.9377811421904,2023,6,June,2,Tuesday,33.56,1348.28,Lucrativo
2023-06-27 14:34:08.499399760,PR,Representante,Eletrônicos,Corporativo,Produto_99,6,8753.769512361196,6815.41127897389,1938.3582333873053,2023,6,June,2,Tuesday,22.14,1458.96,Lucrativo
2023-06-27 21:34:47.394957984,PR,Online,Eletrônicos,Varejo,Produto_60,6,12762.04698252241,8424.66465733804,4337.38232518437,2023,6,June,2,Tuesday,33.99,2127.01,Lucrativo
2023-06-28 04:35:26.290516206,MG,Representante,Eletrônicos,Varejo,Produto_20,1,1340.5264647221024,1098.7193975466837,241.80706717541875,2023,6,June,2,Wednesday,18.04,1340.53,Lucrativo
2023-06-28 18:36:44.081632652,PR,Online,Acessórios,Varejo,Produto_56,4,4337.120616289305,3199.843165461292,1137.2774508280131,2023,6,June,2,Wednesday,26.22,1084.28,Lucrativo
2023-06-28 18:36:44.081632652,ES,Representante,Eletrônicos,Distribuidor,Produto_25,9,20253.492718458525,17173.04997176815,3080.442746690376,2023,6,June,2,Wednesday,15.21,2250.39,Lucrativo
2023-06-29 08:38:01.872749100,RS,Online,Acessórios,Varejo,Produto_118,14,15294.6653920211,9481.165323953292,5813.5000680678095,2023,6,June,2,Thursday,38.01,1092.48,Lucrativo
2023-06-29 15:38:40.768307322,PR,Loja Física,Serviços,Distribuidor,Produto_104,4,278.97123117624466,177.01141473683597,101.95981643940868,2023,6,June,2,Thursday,36.55,69.74,Lucrativo
2023-06-29 15:38:40.768307322,RJ,Marketplace,Eletrônicos,Corporativo,Produto_11,11,12316.762451336524,10019.710222742277,2297.052228594248,2023,6,June,2,Thursday,18.65,1119.71,Lucrativo
2023-06-30 05:39:58.559423770,ES,Loja Física,Serviços,Distribuidor,Produto_115,7,16722.523634296616,10223.366850387354,6499.156783909262,2023,6,June,2,Friday,38.86,2388.93,Lucrativo
2023-06-30 05:39:58.559423770,PR,Loja Física,Serviços,Corporativo,Produto_58,9,13028.597032097334,7309.539549807099,5719.0574822902345,2023,6,June,2,Friday,43.9,1447.62,Lucrativo
2023-06-30 12:40:37.454981992,SP,Marketplace,Serviços,Varejo,Produto_54,14,6138.4697124040085,3671.478726078221,2466.990986325788,2023,6,June,2,Friday,40.19,438.46,Lucrativo
2023-06-30 19:41:16.350540216,BA,Online,Serviços,Corporativo,Produto_2,7,15111.462256843712,11694.113038783666,3417.349218060046,2023,6,June,2,Friday,22.61,2158.78,Lucrativo
2023-06-30 19:41:16.350540216,SC,Marketplace,Serviços,Varejo,Produto_34,14,28845.256424709056,23797.463398095217,5047.793026613839,2023,6,June,2,Friday,17.5,2060.38,Lucrativo
2023-06-30 19:41:16.350540216,RJ,Marketplace,Eletrônicos,Varejo,Produto_92,13,8427.91247103617,6738.561282172433,1689.3511888637377,2023,6,June,2,Friday,20.04,648.3,Lucrativo
2023-07-01 09:42:34.141656662,RS,Online,Informática,Corporativo,Produto_58,2,3245.178233097639,2535.885892246968,709.2923408506713,2023,7,July,3,Saturday,21.86,1622.59,Lucrativo
2023-07-01 23:43:51.932773110,RS,Marketplace,Eletrônicos,Corporativo,Produto_65,1,342.5315730869684,196.35804412107976,146.1735289658886,2023,7,July,3,Saturday,42.67,342.53,Lucrativo
2023-07-03 10:47:06.410564226,PR,Online,Eletrônicos,Corporativo,Produto_73,4,9576.60888018458,5330.816716510931,4245.792163673649,2023,7,July,3,Monday,44.34,2394.15,Lucrativo
2023-07-03 10:47:06.410564226,PR,Marketplace,Acessórios,Distribuidor,Produto_57,1,1462.4636866971623,1007.7008331387312,454.7628535584314,2023,7,July,3,Monday,31.1,1462.46,Lucrativo
2023-07-03 10:47:06.410564226,RS,Marketplace,Serviços,Varejo,Produto_95,3,7211.439805458938,4853.106418034354,2358.3333874245845,2023,7,July,3,Monday,32.7,2403.81,Lucrativo
2023-07-03 10:47:06.410564226,RJ,Marketplace,Informática,Corporativo,Produto_105,3,3489.91167191876,2901.779100155132,588.1325717636278,2023,7,July,3,Monday,16.85,1163.3,Lucrativo
2023-07-03 17:47:45.306122448,RS,Loja Física,Acessórios,Corporativo,Produto_60,11,16120.714669063216,11619.044389695042,4501.670279368174,2023,7,July,3,Monday,27.92,1465.52,Lucrativo
2023-07-03 17:47:45.306122448,ES,Online,Eletrônicos,Corporativo,Produto_18,3,5805.359462768058,4770.106067528012,1035.2533952400454,2023,7,July,3,Monday,17.83,1935.12,Lucrativo
2023-07-04 00:48:24.201680672,RS,Representante,Serviços,Corporativo,Produto_87,2,290.5894800094481,160.59867598573396,129.99080402371413,2023,7,July,3,Tuesday,44.73,145.29,Lucrativo
2023-07-04 00:48:24.201680672,BA,Marketplace,Acessórios,Varejo,Produto_98,3,5547.645068274288,3378.383129562954,2169.261938711334,2023,7,July,3,Tuesday,39.1,1849.22,Lucrativo
2023-07-04 07:49:03.097238896,PR,Loja Física,Acessórios,Corporativo,Produto_42,8,5147.818937485821,4137.490181441668,1010.3287560441532,2023,7,July,3,Tuesday,19.63,643.48,Lucrativo
2023-07-04 07:49:03.097238896,BA,Online,Eletrônicos,Corporativo,Produto_57,7,10043.382712266632,7716.59924879798,2326.7834634686533,2023,7,July,3,Tuesday,23.17,1434.77,Lucrativo
2023-07-04 14:49:41.992797118,ES,Representante,Informática,Distribuidor,Produto_94,13,6777.082988559641,5420.78887277678,1356.294115782861,2023,7,July,3,Tuesday,20.01,521.31,Lucrativo
2023-07-04 14:49:41.992797118,MG,Online,Serviços,Distribuidor,Produto_28,3,678.3874913100984,416.1549227180869,262.2325685920115,2023,7,July,3,Tuesday,38.66,226.13,Lucrativo
2023-07-04 14:49:41.992797118,MG,Loja Física,Acessórios,Varejo,Produto_34,4,7457.085608255101,5616.007954335949,1841.077653919152,2023,7,July,3,Tuesday,24.69,1864.27,Lucrativo
2023-07-04 21:50:20.888355342,RJ,Online,Serviços,Varejo,Produto_80,3,5324.701300833915,4040.663374129768,1284.037926704148,2023,7,July,3,Tuesday,24.11,1774.9,Lucrativo
2023-07-05 04:50:59.783913566,RJ,Marketplace,Acessórios,Varejo,Produto_41,12,23250.142637963407,13655.558430932602,9594.584207030804,2023,7,July,3,Wednesday,41.27,1937.51,Lucrativo
2023-07-05 18:52:17.575030012,RS,Loja Física,Informática,Varejo,Produto_85,14,16496.087457977705,9651.22428441579,6844.863173561915,2023,7,July,3,Wednesday,41.49,1178.29,Lucrativo
2023-07-05 18:52:17.575030012,MG,Loja Física,Móveis,Distribuidor,Produto_108,8,15442.91833678242,10106.198219034295,5336.720117748126,2023,7,July,3,Wednesday,34.56,1930.36,Lucrativo
2023-07-06 01:52:56.470588236,RJ,Loja Física,Acessórios,Varejo,Produto_39,3,4397.930595231645,3076.191953345527,1321.7386418861183,2023,7,July,3,Thursday,30.05,1465.98,Lucrativo
2023-07-06 01:52:56.470588236,RS,Online,Informática,Corporativo,Produto_92,2,3422.175684038585,2724.9179939900628,697.2576900485224,2023,7,July,3,Thursday,20.37,1711.09,Lucrativo
2023-07-06 15:54:14.261704682,ES,Marketplace,Móveis,Distribuidor,Produto_94,7,10818.563412043794,7038.981285121357,3779.582126922436,2023,7,July,3,Thursday,34.94,1545.51,Lucrativo
2023-07-06 22:54:53.157262904,SP,Online,Móveis,Distribuidor,Produto_95,10,4429.411279169948,3506.0059335831133,923.4053455868348,2023,7,July,3,Thursday,20.85,442.94,Lucrativo
2023-07-07 05:55:32.052821128,BA,Representante,Serviços,Varejo,Produto_49,10,14139.60633046255,9307.97310365288,4831.63322680967,2023,7,July,3,Friday,34.17,1413.96,Lucrativo
2023-07-07 19:56:49.843937574,RS,Online,Acessórios,Distribuidor,Produto_32,5,9654.448131579493,7122.383980440003,2532.064151139488,2023,7,July,3,Friday,26.23,1930.89,Lucrativo
2023-07-07 19:56:49.843937574,PR,Representante,Eletrônicos,Varejo,Produto_19,3,3606.193344440556,2028.883757583303,1577.3095868572536,2023,7,July,3,Friday,43.74,1202.06,Lucrativo
2023-07-07 19:56:49.843937574,SC,Online,Eletrônicos,Corporativo,Produto_20,11,17809.066662475096,11353.752838219863,6455.31382425523,2023,7,July,3,Friday,36.25,1619.01,Lucrativo
2023-07-08 02:57:28.739495798,BA,Loja Física,Informática,Varejo,Produto_10,2,1761.9507380109958,1292.6249824524186,469.3257555585772,2023,7,July,3,Saturday,26.64,880.98,Lucrativo
2023-07-08 09:58:07.635054022,SC,Marketplace,Eletrônicos,Corporativo,Produto_98,8,1023.0673312806985,620.0917245369175,402.975606743781,2023,7,July,3,Saturday,39.39,127.88,Lucrativo
2023-07-08 09:58:07.635054022,SP,Online,Informática,Corporativo,Produto_75,8,18266.96018454349,13415.122327223036,4851.837857320455,2023,7,July,3,Saturday,26.56,2283.37,Lucrativo
2023-07-08 09:58:07.635054022,SC,Online,Acessórios,Varejo,Produto_55,5,12332.616761436562,10289.927188303682,2042.6895731328805,2023,7,July,3,Saturday,16.56,2466.52,Lucrativo
2023-07-08 16:58:46.530612244,SP,Loja Física,Acessórios,Distribuidor,Produto_94,2,2572.747944529376,1847.948695278426,724.7992492509502,2023,7,July,3,Saturday,28.17,1286.37,Lucrativo
2023-07-08 23:59:25.426170468,BA,Marketplace,Acessórios,Corporativo,Produto_97,11,17437.54630691931,9822.931483849588,7614.614823069724,2023,7,July,3,Saturday,43.67,1585.23,Lucrativo
2023-07-09 07:00:04.321728692,BA,Online,Informática,Varejo,Produto_109,7,1699.8579289949937,1238.7971188222605,461.0608101727332,2023,7,July,3,Sunday,27.12,242.84,Lucrativo
2023-07-09 07:00:04.321728692,MG,Loja Física,Acessórios,Corporativo,Produto_29,13,18735.66407090689,14744.863918039842,3990.800152867047,2023,7,July,3,Sunday,21.3,1441.2,Lucrativo
2023-07-09 14:00:43.217286914,RJ,Representante,Móveis,Varejo,Produto_19,12,28383.17002045523,18182.104705914797,10201.065314540436,2023,7,July,3,Sunday,35.94,2365.26,Lucrativo
2023-07-09 14:00:43.217286914,RS,Online,Móveis,Varejo,Produto_6,6,9819.463400783385,5549.225252899622,4270.238147883761,2023,7,July,3,Sunday,43.49,1636.58,Lucrativo
2023-07-09 21:01:22.112845138,PR,Loja Física,Acessórios,Varejo,Produto_101,2,4831.036398529321,3870.315908215952,960.7204903133684,2023,7,July,3,Sunday,19.89,2415.52,Lucrativo
2023-07-10 04:02:01.008403362,MG,Representante,Acessórios,Varejo,Produto_117,3,6700.7804695281775,5142.79032132664,1557.9901482015375,2023,7,July,3,Monday,23.25,2233.59,Lucrativo
2023-07-11 15:05:15.486194478,PR,Marketplace,Móveis,Varejo,Produto_99,12,28150.39890433099,18280.56026086916,9869.83864346183,2023,7,July,3,Tuesday,35.06,2345.87,Lucrativo
2023-07-11 15:05:15.486194478,PR,Marketplace,Acessórios,Corporativo,Produto_39,5,5056.889002453652,4181.542789539366,875.3462129142863,2023,7,July,3,Tuesday,17.31,1011.38,Lucrativo
2023-07-11 22:05:54.381752700,RS,Marketplace,Informática,Varejo,Produto_8,8,10705.2744136384,6147.150465641864,4558.123947996535,2023,7,July,3,Tuesday,42.58,1338.16,Lucrativo
2023-07-12 05:06:33.277310924,RS,Marketplace,Serviços,Distribuidor,Produto_53,9,12797.093801510106,7273.922726953026,5523.17107455708,2023,7,July,3,Wednesday,43.16,1421.9,Lucrativo
2023-07-12 05:06:33.277310924,PR,Loja Física,Móveis,Corporativo,Produto_47,7,7610.219988298447,6356.104595202057,1254.11539309639,2023,7,July,3,Wednesday,16.48,1087.17,Lucrativo
2023-07-12 05:06:33.277310924,MG,Representante,Informática,Corporativo,Produto_2,10,21498.88114421651,17179.441649736942,4319.439494479568,2023,7,July,3,Wednesday,20.09,2149.89,Lucrativo
2023-07-12 12:07:12.172869148,MG,Representante,Acessórios,Varejo,Produto_26,5,9236.089823459955,6337.294765645127,2898.7950578148284,2023,7,July,3,Wednesday,31.39,1847.22,Lucrativo
2023-07-12 12:07:12.172869148,ES,Online,Móveis,Distribuidor,Produto_86,11,24617.15737041684,16187.92320795117,8429.234162465667,2023,7,July,3,Wednesday,34.24,2237.92,Lucrativo
2023-07-12 19:07:51.068427370,SC,Loja Física,Móveis,Varejo,Produto_92,12,19170.34798869801,11648.647212172164,7521.70077652584,2023,7,July,3,Wednesday,39.24,1597.53,Lucrativo
2023-07-12 19:07:51.068427370,RJ,Representante,Acessórios,Distribuidor,Produto_59,11,15468.40949391417,10352.336672534271,5116.0728213798975,2023,7,July,3,Wednesday,33.07,1406.22,Lucrativo
2023-07-13 02:08:29.963985594,SP,Representante,Informática,Corporativo,Produto_101,4,7300.498605797617,4095.503003883757,3204.9956019138594,2023,7,July,3,Thursday,43.9,1825.12,Lucrativo
2023-07-13 02:08:29.963985594,MG,Marketplace,Eletrônicos,Distribuidor,Produto_90,10,4683.362608418377,3585.053577876655,1098.3090305417222,2023,7,July,3,Thursday,23.45,468.34,Lucrativo
2023-07-13 02:08:29.963985594,MG,Representante,Acessórios,Varejo,Produto_99,3,1432.182261503428,1007.80491541212,424.377346091308,2023,7,July,3,Thursday,29.63,477.39,Lucrativo
2023-07-13 02:08:29.963985594,SC,Representante,Informática,Varejo,Produto_67,1,2103.4246877331343,1596.175290191752,507.2493975413822,2023,7,July,3,Thursday,24.12,2103.42,Lucrativo
2023-07-13 02:08:29.963985594,RS,Online,Móveis,Distribuidor,Produto_29,10,5437.096072890656,4605.875328368387,831.2207445222684,2023,7,July,3,Thursday,15.29,543.71,Lucrativo
2023-07-13 02:08:29.963985594,RJ,Loja Física,Informática,Corporativo,Produto_90,10,7511.563043761282,5180.211925275009,2331.3511184862728,2023,7,July,3,Thursday,31.04,751.16,Lucrativo
2023-07-13 02:08:29.963985594,BA,Online,Acessórios,Varejo,Produto_1,11,1058.6072612168118,633.1403442629654,425.4669169538464,2023,7,July,3,Thursday,40.19,96.24,Lucrativo
2023-07-13 09:09:08.859543818,MG,Representante,Informática,Corporativo,Produto_110,9,19975.800644507995,12331.612405730437,7644.18823877756,2023,7,July,3,Thursday,38.27,2219.53,Lucrativo
2023-07-13 16:09:47.755102040,ES,Online,Serviços,Corporativo,Produto_99,3,6979.151317854998,5687.549696955643,1291.6016208993542,2023,7,July,3,Thursday,18.51,2326.38,Lucrativo
2023-07-13 23:10:26.650660264,SC,Marketplace,Informática,Corporativo,Produto_74,9,5976.964359916608,4886.01396362719,1090.950396289419,2023,7,July,3,Thursday,18.25,664.11,Lucrativo
2023-07-13 23:10:26.650660264,SP,Marketplace,Informática,Varejo,Produto_96,1,189.4086272191728,122.18829531846112,67.2203319007117,2023,7,July,3,Thursday,35.49,189.41,Lucrativo
2023-07-14 06:11:05.546218488,MG,Online,Serviços,Distribuidor,Produto_97,1,951.6526001261028,783.9696217066211,167.68297841948174,2023,7,July,3,Friday,17.62,951.65,Lucrativo
2023-07-14 13:11:44.441776710,BA,Loja Física,Serviços,Corporativo,Produto_116,12,14077.720696920518,9243.305840557903,4834.414856362613,2023,7,July,3,Friday,34.34,1173.14,Lucrativo
2023-07-14 20:12:23.337334934,RS,Loja Física,Móveis,Distribuidor,Produto_26,1,2271.896159502878,1881.7891331409091,390.1070263619688,2023,7,July,3,Friday,17.17,2271.9,Lucrativo
2023-07-15 03:13:02.232893158,ES,Representante,Acessórios,Varejo,Produto_98,10,1776.1851050753137,1326.8351585603718,449.34994651494185,2023,7,July,3,Saturday,25.3,177.62,Lucrativo
2023-07-15 10:13:41.128451380,ES,Loja Física,Móveis,Distribuidor,Produto_111,6,10520.599850100933,6226.31226689445,4294.287583206483,2023,7,July,3,Saturday,40.82,1753.43,Lucrativo
2023-07-15 17:14:20.024009604,SC,Representante,Eletrônicos,Varejo,Produto_74,13,2925.312498831182,1897.2705871861988,1028.0419116449832,2023,7,July,3,Saturday,35.14,225.02,Lucrativo
2023-07-16 00:14:58.919567826,RS,Marketplace,Eletrônicos,Corporativo,Produto_93,3,6058.984951203983,4379.894736069236,1679.0902151347464,2023,7,July,3,Sunday,27.71,2019.66,Lucrativo
2023-07-16 00:14:58.919567826,RS,Online,Informática,Varejo,Produto_4,13,1623.6025000220127,1244.0060165677958,379.5964834542169,2023,7,July,3,Sunday,23.38,124.89,Lucrativo
2023-07-16 07:15:37.815126050,BA,Loja Física,Informática,Corporativo,Produto_54,5,1675.903893422104,1349.3964887800014,326.5074046421028,2023,7,July,3,Sunday,19.48,335.18,Lucrativo
2023-07-16 14:16:16.710684274,RJ,Loja Física,Acessórios,Corporativo,Produto_5,2,4115.636263277874,2549.322998686579,1566.313264591295,2023,7,July,3,Sunday,38.06,2057.82,Lucrativo
2023-07-16 14:16:16.710684274,MG,Representante,Informática,Varejo,Produto_6,7,2767.795629380457,2006.2684130244731,761.5272163559835,2023,7,July,3,Sunday,27.51,395.4,Lucrativo
2023-07-16 21:16:55.606242496,RJ,Representante,Eletrônicos,Distribuidor,Produto_8,8,13332.341077645971,11037.989182529003,2294.35189511697,2023,7,July,3,Sunday,17.21,1666.54,Lucrativo
2023-07-18 01:19:31.188475390,MG,Online,Acessórios,Corporativo,Produto_77,8,8228.148821653596,5250.18174936603,2977.967072287566,2023,7,July,3,Tuesday,36.19,1028.52,Lucrativo
2023-07-18 08:20:10.084033614,BA,Loja Física,Móveis,Distribuidor,Produto_96,5,10917.69961074554,8889.476536384389,2028.2230743611508,2023,7,July,3,Tuesday,18.58,2183.54,Lucrativo
2023-07-18 15:20:48.979591836,ES,Marketplace,Serviços,Distribuidor,Produto_106,5,2593.1676017369937,2135.0058650270566,458.161736709937,2023,7,July,3,Tuesday,17.67,518.63,Lucrativo
2023-07-18 15:20:48.979591836,PR,Loja Física,Serviços,Distribuidor,Produto_30,8,6148.015280559472,4621.588903309365,1526.4263772501065,2023,7,July,3,Tuesday,24.83,768.5,Lucrativo
2023-07-18 15:20:48.979591836,ES,Online,Móveis,Corporativo,Produto_23,11,23156.90012682164,15150.8484737058,8006.051653115837,2023,7,July,3,Tuesday,34.57,2105.17,Lucrativo
2023-07-19 05:22:06.770708284,MG,Marketplace,Informática,Varejo,Produto_26,6,10263.079267131268,6711.667137412052,3551.412129719214,2023,7,July,3,Wednesday,34.6,1710.51,Lucrativo
2023-07-19 19:23:24.561824730,SC,Loja Física,Móveis,Corporativo,Produto_117,9,12304.205833317408,9086.372742237729,3217.8330910796794,2023,7,July,3,Wednesday,26.15,1367.13,Lucrativo
2023-07-19 19:23:24.561824730,RJ,Marketplace,Serviços,Distribuidor,Produto_38,11,20322.90397748434,13268.394844467037,7054.509133017305,2023,7,July,3,Wednesday,34.71,1847.54,Lucrativo
2023-07-20 02:24:03.457382954,BA,Representante,Serviços,Varejo,Produto_87,11,26609.34002339719,20051.217646401077,6558.122376996118,2023,7,July,3,Thursday,24.65,2419.03,Lucrativo
2023-07-20 02:24:03.457382954,BA,Loja Física,Acessórios,Varejo,Produto_109,8,780.929041573119,514.4283987902628,266.5006427828562,2023,7,July,3,Thursday,34.13,97.62,Lucrativo
2023-07-20 02:24:03.457382954,RJ,Representante,Móveis,Distribuidor,Produto_26,8,11841.58210014817,9198.599884181962,2642.982215966209,2023,7,July,3,Thursday,22.32,1480.2,Lucrativo
2023-07-20 16:25:21.248499400,MG,Online,Móveis,Corporativo,Produto_10,12,16667.571723506564,13426.808197850109,3240.7635256564554,2023,7,July,3,Thursday,19.44,1388.96,Lucrativo
2023-07-20 16:25:21.248499400,ES,Loja Física,Serviços,Corporativo,Produto_62,1,1602.847745263365,906.6878514626628,696.159893800702,2023,7,July,3,Thursday,43.43,1602.85,Lucrativo
2023-07-21 06:26:39.039615846,BA,Loja Física,Móveis,Varejo,Produto_17,2,2189.5598969329167,1734.8040405260213,454.7558564068954,2023,7,July,3,Friday,20.77,1094.78,Lucrativo
2023-07-21 06:26:39.039615846,ES,Online,Móveis,Varejo,Produto_44,4,4046.028471711377,3408.459687920481,637.5687837908963,2023,7,July,3,Friday,15.76,1011.51,Lucrativo
2023-07-21 06:26:39.039615846,MG,Online,Eletrônicos,Distribuidor,Produto_45,3,1921.5832735915403,1469.479332530192,452.1039410613487,2023,7,July,3,Friday,23.53,640.53,Lucrativo
2023-07-21 06:26:39.039615846,SC,Online,Eletrônicos,Distribuidor,Produto_77,4,8201.347782040019,4602.560281744026,3598.7875002959927,2023,7,July,3,Friday,43.88,2050.34,Lucrativo
2023-07-21 13:27:17.935174070,RS,Online,Eletrônicos,Distribuidor,Produto_17,1,588.410319453655,491.30542240918646,97.10489704446854,2023,7,July,3,Friday,16.5,588.41,Lucrativo
2023-07-22 03:28:35.726290516,PR,Marketplace,Móveis,Varejo,Produto_17,4,1441.2529659989646,852.2718207151744,588.9811452837902,2023,7,July,3,Saturday,40.87,360.31,Lucrativo
2023-07-22 17:29:53.517406962,ES,Marketplace,Eletrônicos,Corporativo,Produto_33,8,5598.458909420976,3484.1064803808745,2114.352429040101,2023,7,July,3,Saturday,37.77,699.81,Lucrativo
2023-07-22 17:29:53.517406962,MG,Marketplace,Acessórios,Corporativo,Produto_67,8,17601.721883120394,11333.6838450676,6268.038038052795,2023,7,July,3,Saturday,35.61,2200.22,Lucrativo
2023-07-23 00:30:32.412965186,RJ,Online,Eletrônicos,Distribuidor,Produto_38,6,5938.644412385891,4216.569445192201,1722.07496719369,2023,7,July,3,Sunday,29.0,989.77,Lucrativo
2023-07-23 14:31:50.204081632,PR,Loja Física,Informática,Distribuidor,Produto_2,3,4518.908970996687,2846.632237582734,1672.2767334139526,2023,7,July,3,Sunday,37.01,1506.3,Lucrativo
2023-07-24 04:33:07.995198080,SC,Marketplace,Eletrônicos,Distribuidor,Produto_75,9,3330.806738911096,2014.593690019348,1316.2130488917478,2023,7,July,3,Monday,39.52,370.09,Lucrativo
2023-07-24 04:33:07.995198080,MG,Marketplace,Móveis,Corporativo,Produto_57,5,6394.338461354088,4873.689716724546,1520.6487446295414,2023,7,July,3,Monday,23.78,1278.87,Lucrativo
2023-07-24 04:33:07.995198080,BA,Marketplace,Eletrônicos,Varejo,Produto_99,12,21436.41221020838,15487.618928906088,5948.793281302291,2023,7,July,3,Monday,27.75,1786.37,Lucrativo
2023-07-24 04:33:07.995198080,SC,Marketplace,Acessórios,Varejo,Produto_85,7,9476.714828683504,6350.6647204535575,3126.050108229946,2023,7,July,3,Monday,32.99,1353.82,Lucrativo
2023-07-24 11:33:46.890756302,PR,Representante,Informática,Corporativo,Produto_99,11,23511.69239371174,17338.432160465054,6173.260233246685,2023,7,July,3,Monday,26.26,2137.43,Lucrativo
2023-07-24 11:33:46.890756302,RS,Loja Física,Acessórios,Varejo,Produto_65,13,20321.17730249348,14581.2895980039,5739.887704489582,2023,7,July,3,Monday,28.25,1563.17,Lucrativo
2023-07-25 01:35:04.681872748,RJ,Representante,Eletrônicos,Varejo,Produto_25,7,14138.990840253096,10287.802509395471,3851.188330857625,2023,7,July,3,Tuesday,27.24,2019.86,Lucrativo
2023-07-25 01:35:04.681872748,RJ,Representante,Móveis,Corporativo,Produto_19,10,17547.156713231612,9722.43166765966,7824.725045571953,2023,7,July,3,Tuesday,44.59,1754.72,Lucrativo
2023-07-25 08:35:43.577430972,SC,Online,Informática,Varejo,Produto_33,4,2882.2661689882398,1633.6302979724437,1248.6358710157956,2023,7,July,3,Tuesday,43.32,720.57,Lucrativo
2023-07-25 08:35:43.577430972,ES,Online,Serviços,Distribuidor,Produto_90,10,19518.900768448177,15464.79820716424,4054.1025612839367,2023,7,July,3,Tuesday,20.77,1951.89,Lucrativo
2023-07-25 08:35:43.577430972,PR,Loja Física,Móveis,Varejo,Produto_118,12,1850.2242254613236,1366.7937676604977,483.43045780082593,2023,7,July,3,Tuesday,26.13,154.19,Lucrativo
2023-07-25 08:35:43.577430972,BA,Online,Eletrônicos,Distribuidor,Produto_109,13,9904.447843741951,6719.136330214784,3185.311513527168,2023,7,July,3,Tuesday,32.16,761.88,Lucrativo
2023-07-26 12:38:19.159663866,ES,Loja Física,Serviços,Distribuidor,Produto_93,3,3553.9175495358104,2077.9171877592944,1476.000361776516,2023,7,July,3,Wednesday,41.53,1184.64,Lucrativo
2023-07-26 19:38:58.055222088,SC,Loja Física,Informática,Distribuidor,Produto_19,11,5166.280448293792,3275.59647973513,1890.683968558662,2023,7,July,3,Wednesday,36.6,469.66,Lucrativo
2023-07-27 09:40:15.846338536,SC,Loja Física,Eletrônicos,Distribuidor,Produto_5,1,1969.9138402621995,1284.7835404295872,685.1302998326123,2023,7,July,3,Thursday,34.78,1969.91,Lucrativo
2023-07-28 13:42:51.428571428,SP,Online,Serviços,Corporativo,Produto_62,2,4225.663381665749,2742.8930071914638,1482.7703744742853,2023,7,July,3,Friday,35.09,2112.83,Lucrativo
2023-07-28 13:42:51.428571428,PR,Loja Física,Eletrônicos,Varejo,Produto_97,7,14520.51745184484,10214.702802262074,4305.814649582766,2023,7,July,3,Friday,29.65,2074.36,Lucrativo
2023-07-28 13:42:51.428571428,SC,Marketplace,Acessórios,Varejo,Produto_62,9,10653.856696712108,6292.831542190746,4361.025154521361,2023,7,July,3,Friday,40.93,1183.76,Lucrativo
2023-07-29 10:44:48.115246100,MG,Representante,Serviços,Varejo,Produto_117,6,11852.242793576508,8148.650790028671,3703.5920035478375,2023,7,July,3,Saturday,31.25,1975.37,Lucrativo
2023-07-29 17:45:27.010804320,SP,Online,Informática,Corporativo,Produto_114,4,7081.6910104015815,4119.928840370918,2961.762170030664,2023,7,July,3,Saturday,41.82,1770.42,Lucrativo
2023-07-30 00:46:05.906362544,ES,Loja Física,Informática,Distribuidor,Produto_12,8,12456.481017986109,9784.019170849102,2672.4618471370068,2023,7,July,3,Sunday,21.45,1557.06,Lucrativo
2023-07-30 00:46:05.906362544,PR,Loja Física,Móveis,Corporativo,Produto_19,7,2214.359000622793,1224.2655157423203,990.0934848804724,2023,7,July,3,Sunday,44.71,316.34,Lucrativo
2023-07-30 07:46:44.801920768,MG,Marketplace,Acessórios,Corporativo,Produto_56,10,16386.398250084167,12056.256656045944,4330.141594038221,2023,7,July,3,Sunday,26.43,1638.64,Lucrativo
2023-07-31 04:48:41.488595436,ES,Online,Acessórios,Distribuidor,Produto_34,9,15794.338286812444,12011.105624202428,3783.2326626100166,2023,7,July,3,Monday,23.95,1754.93,Lucrativo
2023-07-31 18:49:59.279711884,MG,Representante,Eletrônicos,Corporativo,Produto_59,6,13869.361542819614,9268.925357703003,4600.436185116609,2023,7,July,3,Monday,33.17,2311.56,Lucrativo
2023-08-01 01:50:38.175270108,SP,Loja Física,Móveis,Varejo,Produto_109,7,2637.75150033488,1646.7986050779368,990.9528952569432,2023,8,August,3,Tuesday,37.57,376.82,Lucrativo
2023-08-01 08:51:17.070828332,RS,Online,Móveis,Corporativo,Produto_46,13,15052.018528769962,9488.84545800968,5563.173070760282,2023,8,August,3,Tuesday,36.96,1157.85,Lucrativo
2023-08-01 22:52:34.861944776,MG,Loja Física,Informática,Distribuidor,Produto_26,7,9845.015488686877,6609.392868300052,3235.622620386825,2023,8,August,3,Tuesday,32.87,1406.43,Lucrativo
2023-08-02 12:53:52.653061224,SC,Representante,Acessórios,Varejo,Produto_111,11,19436.008590798032,11465.324913296958,7970.683677501074,2023,8,August,3,Wednesday,41.01,1766.91,Lucrativo
2023-08-03 16:56:28.235294116,RS,Online,Informática,Corporativo,Produto_9,14,34587.5535095238,25054.804998741667,9532.748510782134,2023,8,August,3,Thursday,27.56,2470.54,Lucrativo
2023-08-04 20:59:03.817527012,BA,Online,Móveis,Varejo,Produto_23,6,13336.263809949767,9388.246916507802,3948.016893441965,2023,8,August,3,Friday,29.6,2222.71,Lucrativo
2023-08-04 20:59:03.817527012,PR,Online,Móveis,Corporativo,Produto_107,9,20023.98856013843,14144.950038596771,5879.038521541657,2023,8,August,3,Friday,29.36,2224.89,Lucrativo
2023-08-05 11:00:21.608643456,RS,Loja Física,Serviços,Corporativo,Produto_74,9,5718.380416566783,4358.035850866259,1360.3445657005232,2023,8,August,3,Saturday,23.79,635.38,Lucrativo
2023-08-05 11:00:21.608643456,ES,Online,Eletrônicos,Varejo,Produto_106,5,1588.4540682380011,883.6123726406403,704.8416955973609,2023,8,August,3,Saturday,44.37,317.69,Lucrativo
2023-08-06 01:01:39.399759904,PR,Representante,Informática,Distribuidor,Produto_110,2,1815.513540994362,1173.3515285539029,642.1620124404594,2023,8,August,3,Sunday,35.37,907.76,Lucrativo
2023-08-06 01:01:39.399759904,SP,Representante,Móveis,Varejo,Produto_86,2,826.9045283029653,490.1716919732691,336.7328363296962,2023,8,August,3,Sunday,40.72,413.45,Lucrativo
2023-08-06 08:02:18.295318128,SP,Marketplace,Informática,Varejo,Produto_25,5,9176.705892349788,7746.40387590926,1430.302016440528,2023,8,August,3,Sunday,15.59,1835.34,Lucrativo
2023-08-06 15:02:57.190876352,RJ,Online,Eletrônicos,Varejo,Produto_52,5,1827.0963861314167,1491.7479504412686,335.34843569014856,2023,8,August,3,Sunday,18.35,365.42,Lucrativo
2023-08-09 06:08:47.250900360,MG,Representante,Acessórios,Corporativo,Produto_22,4,3249.436254760071,2486.427043789648,763.0092109704228,2023,8,August,3,Wednesday,23.48,812.36,Lucrativo
2023-08-10 03:10:43.937575028,RJ,Marketplace,Informática,Corporativo,Produto_81,9,7355.203200111047,4585.437746739288,2769.76545337176,2023,8,August,3,Thursday,37.66,817.24,Lucrativo
2023-08-10 10:11:22.833133252,PR,Representante,Informática,Corporativo,Produto_22,4,4745.576560910512,3391.203543967562,1354.37301694295,2023,8,August,3,Thursday,28.54,1186.39,Lucrativo
2023-08-10 10:11:22.833133252,RS,Loja Física,Móveis,Varejo,Produto_94,12,29844.155278270584,23458.629092007344,6385.52618626324,2023,8,August,3,Thursday,21.4,2487.01,Lucrativo
2023-08-10 17:12:01.728691476,MG,Marketplace,Acessórios,Varejo,Produto_57,3,7313.838432044486,6060.6143349924405,1253.2240970520452,2023,8,August,3,Thursday,17.13,2437.95,Lucrativo
2023-08-11 07:13:19.519807924,PR,Online,Serviços,Varejo,Produto_18,6,13218.374083863118,8375.822101713622,4842.551982149496,2023,8,August,3,Friday,36.64,2203.06,Lucrativo
2023-08-11 14:13:58.415366148,RS,Online,Eletrônicos,Distribuidor,Produto_34,1,178.52820763438544,118.94334146411369,59.584866170271766,2023,8,August,3,Friday,33.38,178.53,Lucrativo
2023-08-13 01:17:12.893157264,SC,Online,Informática,Varejo,Produto_54,5,10036.198062004303,6325.529229610647,3710.668832393656,2023,8,August,3,Sunday,36.97,2007.24,Lucrativo
2023-08-13 08:17:51.788715488,RS,Representante,Informática,Distribuidor,Produto_82,6,804.6829157999427,527.7729104899811,276.91000530996166,2023,8,August,3,Sunday,34.41,134.11,Lucrativo
2023-08-13 15:18:30.684273708,RS,Marketplace,Acessórios,Distribuidor,Produto_32,3,2335.285164913545,1609.8523573592993,725.4328075542458,2023,8,August,3,Sunday,31.06,778.43,Lucrativo
2023-08-13 15:18:30.684273708,MG,Representante,Móveis,Varejo,Produto_1,1,364.8347473279636,270.86577509473614,93.96897223322748,2023,8,August,3,Sunday,25.76,364.83,Lucrativo
2023-08-13 15:18:30.684273708,RS,Representante,Eletrônicos,Distribuidor,Produto_85,4,5109.199179148965,3189.5070940633377,1919.692085085628,2023,8,August,3,Sunday,37.57,1277.3,Lucrativo
2023-08-13 22:19:09.579831932,RS,Loja Física,Informática,Distribuidor,Produto_24,2,4205.011482216662,3503.954748537737,701.0567336789254,2023,8,August,3,Sunday,16.67,2102.51,Lucrativo
2023-08-14 05:19:48.475390156,ES,Representante,Móveis,Distribuidor,Produto_8,5,10087.908554537784,7031.393942181543,3056.514612356241,2023,8,August,3,Monday,30.3,2017.58,Lucrativo
2023-08-14 12:20:27.370948380,ES,Loja Física,Eletrônicos,Varejo,Produto_99,1,1278.993031861581,944.6523126168132,334.3407192447676,2023,8,August,3,Monday,26.14,1278.99,Lucrativo
2023-08-14 19:21:06.266506604,PR,Loja Física,Móveis,Corporativo,Produto_8,7,7896.108363978898,5831.59467374641,2064.5136902324875,2023,8,August,3,Monday,26.15,1128.02,Lucrativo
2023-08-15 09:22:24.057623048,BA,Online,Acessórios,Corporativo,Produto_58,13,24889.773229364117,15179.681529114596,9710.091700249515,2023,8,August,3,Tuesday,39.01,1914.6,Lucrativo
2023-08-15 09:22:24.057623048,BA,Online,Móveis,Varejo,Produto_87,13,2864.2610570642755,2088.022709031565,776.2383480327103,2023,8,August,3,Tuesday,27.1,220.33,Lucrativo
2023-08-15 23:23:41.848739496,SP,Loja Física,Informática,Corporativo,Produto_3,6,11443.72304019348,6554.070729286964,4889.652310906516,2023,8,August,3,Tuesday,42.73,1907.29,Lucrativo
2023-08-16 06:24:20.744297720,RJ,Representante,Serviços,Corporativo,Produto_101,8,18351.45644083938,14518.354856749034,3833.1015840903474,2023,8,August,3,Wednesday,20.89,2293.93,Lucrativo
2023-08-16 06:24:20.744297720,SC,Marketplace,Eletrônicos,Distribuidor,Produto_51,1,604.7872171545358,342.9027037322791,261.8845134222567,2023,8,August,3,Wednesday,43.3,604.79,Lucrativo
2023-08-16 13:24:59.639855944,RS,Representante,Móveis,Distribuidor,Produto_2,9,11770.33790304777,9226.926282158434,2543.411620889336,2023,8,August,3,Wednesday,21.61,1307.82,Lucrativo
2023-08-16 13:24:59.639855944,RS,Online,Móveis,Distribuidor,Produto_29,5,10741.427296906517,7099.975473884189,3641.451823022328,2023,8,August,3,Wednesday,33.9,2148.29,Lucrativo
2023-08-16 20:25:38.535414164,RS,Online,Eletrônicos,Varejo,Produto_34,4,8416.444765440234,5393.368656476951,3023.076108963284,2023,8,August,3,Wednesday,35.92,2104.11,Lucrativo
2023-08-17 03:26:17.430972388,ES,Representante,Móveis,Varejo,Produto_96,2,1658.742637800753,1055.35366200292,603.3889757978329,2023,8,August,3,Thursday,36.38,829.37,Lucrativo
2023-08-17 10:26:56.326530612,RS,Representante,Serviços,Varejo,Produto_1,7,7182.6917491131535,4957.412974647267,2225.2787744658863,2023,8,August,3,Thursday,30.98,1026.1,Lucrativo
2023-08-18 07:28:53.013205280,RJ,Marketplace,Informática,Distribuidor,Produto_60,4,5074.335215210908,3145.233747067234,1929.101468143674,2023,8,August,3,Friday,38.02,1268.58,Lucrativo
2023-08-18 14:29:31.908763504,RJ,Marketplace,Serviços,Distribuidor,Produto_53,1,895.9225113255007,550.0509634885221,345.8715478369786,2023,8,August,3,Friday,38.61,895.92,Lucrativo
2023-08-18 14:29:31.908763504,BA,Representante,Eletrônicos,Corporativo,Produto_108,2,1782.4315934386543,1343.983834114218,438.4477593244367,2023,8,August,3,Friday,24.6,891.22,Lucrativo
2023-08-19 04:30:49.699879952,PR,Marketplace,Informática,Distribuidor,Produto_6,8,778.6407092730727,581.677512424765,196.9631968483077,2023,8,August,3,Saturday,25.3,97.33,Lucrativo
2023-08-19 04:30:49.699879952,PR,Representante,Móveis,Distribuidor,Produto_63,12,21534.40329052208,13558.175553128274,7976.227737393807,2023,8,August,3,Saturday,37.04,1794.53,Lucrativo
2023-08-19 18:32:07.490996400,RS,Loja Física,Informática,Corporativo,Produto_76,14,19343.288149301014,11867.131421980244,7476.156727320769,2023,8,August,3,Saturday,38.65,1381.66,Lucrativo
2023-08-20 08:33:25.282112844,PR,Online,Serviços,Varejo,Produto_30,2,3717.090463382497,2567.330646227972,1149.7598171545255,2023,8,August,3,Sunday,30.93,1858.55,Lucrativo
2023-08-20 08:33:25.282112844,ES,Representante,Eletrônicos,Distribuidor,Produto_17,4,5975.8884519515495,4604.41566692237,1371.4727850291792,2023,8,August,3,Sunday,22.95,1493.97,Lucrativo
2023-08-20 15:34:04.177671068,PR,Online,Móveis,Varejo,Produto_64,5,1868.7563825807915,1530.602510908407,338.1538716723842,2023,8,August,3,Sunday,18.1,373.75,Lucrativo
2023-08-21 12:36:00.864345740,SP,Marketplace,Eletrônicos,Varejo,Produto_11,8,15394.045550237772,11991.987899398868,3402.057650838904,2023,8,August,3,Monday,22.1,1924.26,Lucrativo
2023-08-21 12:36:00.864345740,SP,Representante,Informática,Varejo,Produto_46,2,2419.39481654533,1789.943824493909,629.4509920514208,2023,8,August,3,Monday,26.02,1209.7,Lucrativo
2023-08-22 09:37:57.551020408,MG,Marketplace,Móveis,Varejo,Produto_99,4,381.7723180991932,286.14199013694014,95.63032796225303,2023,8,August,3,Tuesday,25.05,95.44,Lucrativo
2023-08-22 23:39:15.342136856,SP,Marketplace,Acessórios,Distribuidor,Produto_108,8,13484.646827251789,11141.422673676318,2343.224153575471,2023,8,August,3,Tuesday,17.38,1685.58,Lucrativo
2023-08-22 23:39:15.342136856,SP,Online,Serviços,Distribuidor,Produto_115,9,8195.688112547674,5002.45090343352,3193.237209114154,2023,8,August,3,Tuesday,38.96,910.63,Lucrativo
2023-08-23 06:39:54.237695076,RJ,Representante,Móveis,Varejo,Produto_50,2,1646.3092100818778,1111.2846206442227,535.0245894376551,2023,8,August,3,Wednesday,32.5,823.15,Lucrativo
2023-08-23 13:40:33.133253300,PR,Online,Eletrônicos,Distribuidor,Produto_114,8,10036.276302184891,6664.439313036815,3371.836989148078,2023,8,August,3,Wednesday,33.6,1254.53,Lucrativo
2023-08-26 11:47:02.088835536,MG,Representante,Eletrônicos,Corporativo,Produto_106,6,9501.215641675992,7348.166437421338,2153.049204254654,2023,8,August,3,Saturday,22.66,1583.54,Lucrativo
2023-08-27 08:48:58.775510204,RJ,Online,Serviços,Distribuidor,Produto_53,4,6736.301389572422,4829.331589651946,1906.9697999204757,2023,8,August,3,Sunday,28.31,1684.08,Lucrativo
2023-08-27 08:48:58.775510204,PR,Loja Física,Móveis,Varejo,Produto_10,10,621.8258903975548,354.3639054966248,267.46198490093,2023,8,August,3,Sunday,43.01,62.18,Lucrativo
2023-08-27 08:48:58.775510204,ES,Online,Serviços,Distribuidor,Produto_2,6,1822.976882672415,1249.1743472978208,573.8025353745943,2023,8,August,3,Sunday,31.48,303.83,Lucrativo
2023-08-27 08:48:58.775510204,SC,Representante,Serviços,Varejo,Produto_45,6,3766.7899629281055,2529.301903414999,1237.4880595131067,2023,8,August,3,Sunday,32.85,627.8,Lucrativo
2023-08-27 15:49:37.671068428,PR,Marketplace,Informática,Corporativo,Produto_117,1,954.8363133186052,604.8870104927393,349.949302825866,2023,8,August,3,Sunday,36.65,954.84,Lucrativo
2023-08-27 22:50:16.566626652,ES,Representante,Eletrônicos,Varejo,Produto_105,1,1007.64583013778,577.2809940317537,430.3648361060261,2023,8,August,3,Sunday,42.71,1007.65,Lucrativo
2023-08-28 05:50:55.462184872,RS,Loja Física,Móveis,Corporativo,Produto_33,14,9264.037307731533,7434.221977803462,1829.8153299280705,2023,8,August,3,Monday,19.75,661.72,Lucrativo
2023-08-28 05:50:55.462184872,BA,Online,Acessórios,Varejo,Produto_87,5,8526.098385133031,6435.282932627879,2090.8154525051523,2023,8,August,3,Monday,24.52,1705.22,Lucrativo
2023-08-28 05:50:55.462184872,SC,Marketplace,Móveis,Distribuidor,Produto_111,10,2286.4667922116323,1495.16195283108,791.3048393805523,2023,8,August,3,Monday,34.61,228.65,Lucrativo
2023-08-28 12:51:34.357743096,SP,Loja Física,Eletrônicos,Varejo,Produto_60,2,4676.893118413982,3147.381660242792,1529.51145817119,2023,8,August,3,Monday,32.7,2338.45,Lucrativo
2023-08-28 12:51:34.357743096,ES,Loja Física,Móveis,Corporativo,Produto_26,14,26358.254569722387,17218.571047030753,9139.683522691634,2023,8,August,3,Monday,34.67,1882.73,Lucrativo
2023-08-28 12:51:34.357743096,SC,Representante,Acessórios,Varejo,Produto_48,5,4682.046078322441,3242.743454874275,1439.3026234481658,2023,8,August,3,Monday,30.74,936.41,Lucrativo
2023-08-28 12:51:34.357743096,SC,Online,Serviços,Distribuidor,Produto_95,5,5610.791452044788,4708.946835166676,901.844616878112,2023,8,August,3,Monday,16.07,1122.16,Lucrativo
2023-08-28 19:52:13.253301320,PR,Marketplace,Serviços,Varejo,Produto_78,1,512.24711350868,354.36433800844804,157.8827755002319,2023,8,August,3,Monday,30.82,512.25,Lucrativo
2023-08-28 19:52:13.253301320,MG,Representante,Acessórios,Varejo,Produto_8,4,5151.50282445892,3499.580439613336,1651.922384845584,2023,8,August,3,Monday,32.07,1287.88,Lucrativo
2023-08-28 19:52:13.253301320,PR,Online,Eletrônicos,Varejo,Produto_74,10,3799.149453919194,2733.6544012833706,1065.4950526358234,2023,8,August,3,Monday,28.05,379.91,Lucrativo
2023-08-28 19:52:13.253301320,ES,Representante,Informática,Distribuidor,Produto_22,3,4816.045746447247,3910.15665536129,905.8890910859571,2023,8,August,3,Monday,18.81,1605.35,Lucrativo
2023-08-28 19:52:13.253301320,RJ,Marketplace,Serviços,Corporativo,Produto_96,2,2221.7241575511525,1622.052220100205,599.6719374509476,2023,8,August,3,Monday,26.99,1110.86,Lucrativo
2023-08-29 02:52:52.148859544,RS,Marketplace,Eletrônicos,Varejo,Produto_114,1,716.2273667708438,402.3030650595306,313.9243017113132,2023,8,August,3,Tuesday,43.83,716.23,Lucrativo
2023-08-29 16:54:09.939975992,BA,Representante,Informática,Corporativo,Produto_26,8,7767.3039318339315,4373.42751455705,3393.876417276881,2023,8,August,3,Tuesday,43.69,970.91,Lucrativo
2023-08-31 10:58:03.313325328,PR,Representante,Serviços,Distribuidor,Produto_55,2,4685.769330625844,2998.459077397056,1687.310253228789,2023,8,August,3,Thursday,36.01,2342.88,Lucrativo
2023-08-31 17:58:42.208883552,MG,Loja Física,Acessórios,Corporativo,Produto_79,12,7882.702570303982,4495.1140467665045,3387.588523537477,2023,8,August,3,Thursday,42.97,656.89,Lucrativo
2023-09-01 00:59:21.104441776,RS,Representante,Eletrônicos,Varejo,Produto_9,4,6989.258762997767,5389.679457845784,1599.5793051519831,2023,9,September,3,Friday,22.89,1747.31,Lucrativo
2023-09-01 00:59:21.104441776,SP,Online,Informática,Corporativo,Produto_50,9,19966.56492124597,15871.428838580778,4095.1360826651935,2023,9,September,3,Friday,20.51,2218.51,Lucrativo
2023-09-01 15:00:38.895558224,RS,Representante,Eletrônicos,Distribuidor,Produto_72,8,2883.74475067247,1627.796733923598,1255.948016748872,2023,9,September,3,Friday,43.55,360.47,Lucrativo
2023-09-01 22:01:17.791116448,BA,Representante,Móveis,Distribuidor,Produto_38,13,19297.681617095677,12531.077533447871,6766.6040836478005,2023,9,September,3,Friday,35.06,1484.44,Lucrativo
2023-09-02 05:01:56.686674668,PR,Representante,Serviços,Distribuidor,Produto_71,12,7046.411626821854,4364.935763201035,2681.475863620819,2023,9,September,3,Saturday,38.05,587.2,Lucrativo
2023-09-02 12:02:35.582232892,PR,Marketplace,Móveis,Distribuidor,Produto_26,9,8983.32925655751,6026.110564984913,2957.218691572597,2023,9,September,3,Saturday,32.92,998.15,Lucrativo
2023-09-02 12:02:35.582232892,RS,Marketplace,Acessórios,Varejo,Produto_51,13,25973.535622029267,19393.653876444198,6579.881745585073,2023,9,September,3,Saturday,25.33,1997.96,Lucrativo
2023-09-03 02:03:53.373349340,SP,Marketplace,Serviços,Distribuidor,Produto_98,5,5369.491639185116,4376.866574039559,992.6250651455566,2023,9,September,3,Sunday,18.49,1073.9,Lucrativo
2023-09-03 02:03:53.373349340,PR,Marketplace,Eletrônicos,Distribuidor,Produto_47,4,6506.024936008136,5410.787249876098,1095.237686132038,2023,9,September,3,Sunday,16.83,1626.51,Lucrativo
2023-09-03 02:03:53.373349340,ES,Marketplace,Móveis,Corporativo,Produto_12,1,687.6938330543074,570.1446693842187,117.54916367008876,2023,9,September,3,Sunday,17.09,687.69,Lucrativo
2023-09-03 09:04:32.268907564,PR,Marketplace,Móveis,Distribuidor,Produto_37,2,4211.548343395317,3438.700780300117,772.8475630951998,2023,9,September,3,Sunday,18.35,2105.77,Lucrativo
2023-09-03 16:05:11.164465788,SC,Representante,Eletrônicos,Varejo,Produto_40,12,5283.305118650238,3860.793185379447,1422.5119332707914,2023,9,September,3,Sunday,26.92,440.28,Lucrativo
2023-09-04 06:06:28.955582232,ES,Representante,Acessórios,Varejo,Produto_93,8,15905.836716748214,12948.77172082716,2957.064995921055,2023,9,September,3,Monday,18.59,1988.23,Lucrativo
2023-09-04 13:07:07.851140456,SP,Representante,Eletrônicos,Corporativo,Produto_98,1,560.4009484337016,435.76473890876406,124.63620952493756,2023,9,September,3,Monday,22.24,560.4,Lucrativo
2023-09-04 13:07:07.851140456,MG,Representante,Acessórios,Distribuidor,Produto_107,4,1029.4975506800631,705.0579367238668,324.4396139561966,2023,9,September,3,Monday,31.51,257.37,Lucrativo
2023-09-04 20:07:46.746698680,SP,Loja Física,Eletrônicos,Varejo,Produto_22,14,20353.68199309624,17174.81786797352,3178.8641251227164,2023,9,September,3,Monday,15.62,1453.83,Lucrativo
2023-09-04 20:07:46.746698680,SP,Marketplace,Eletrônicos,Distribuidor,Produto_30,1,1907.280078480958,1246.087855556445,661.1922229245131,2023,9,September,3,Monday,34.67,1907.28,Lucrativo
2023-09-05 10:09:04.537815124,PR,Loja Física,Móveis,Distribuidor,Produto_29,6,12720.237049768322,9026.33164605353,3693.905403714793,2023,9,September,3,Tuesday,29.04,2120.04,Lucrativo
2023-09-06 00:10:22.328931572,BA,Marketplace,Móveis,Varejo,Produto_91,14,27601.00197069808,16778.749571037923,10822.252399660156,2023,9,September,3,Wednesday,39.21,1971.5,Lucrativo
2023-09-06 07:11:01.224489796,SC,Loja Física,Móveis,Corporativo,Produto_65,10,20942.257659581992,14336.183366928772,6606.074292653218,2023,9,September,3,Wednesday,31.54,2094.23,Lucrativo
2023-09-06 07:11:01.224489796,ES,Loja Física,Serviços,Corporativo,Produto_111,13,20266.565767280452,12574.432914368834,7692.132852911622,2023,9,September,3,Wednesday,37.95,1558.97,Lucrativo
2023-09-06 21:12:19.015606244,ES,Online,Acessórios,Varejo,Produto_32,8,13032.49055892201,10043.961841687307,2988.5287172347016,2023,9,September,3,Wednesday,22.93,1629.06,Lucrativo
2023-09-06 21:12:19.015606244,MG,Marketplace,Móveis,Distribuidor,Produto_92,7,17305.78556495037,10416.949515761327,6888.836049189042,2023,9,September,3,Wednesday,39.81,2472.26,Lucrativo
2023-09-07 11:13:36.806722688,SC,Online,Serviços,Distribuidor,Produto_5,3,327.3759233902689,263.2018559399814,64.17406745028751,2023,9,September,3,Thursday,19.6,109.13,Lucrativo
2023-09-07 18:14:15.702280912,ES,Representante,Acessórios,Corporativo,Produto_105,4,5589.102193846183,4403.757107862634,1185.3450859835484,2023,9,September,3,Thursday,21.21,1397.28,Lucrativo
2023-09-07 18:14:15.702280912,SC,Online,Informática,Corporativo,Produto_46,12,2227.0547573833137,1533.939542514778,693.1152148685358,2023,9,September,3,Thursday,31.12,185.59,Lucrativo
2023-09-07 18:14:15.702280912,MG,Marketplace,Móveis,Varejo,Produto_49,9,7895.3185220607165,5444.481945390703,2450.836576670013,2023,9,September,3,Thursday,31.04,877.26,Lucrativo
2023-09-08 08:15:33.493397360,ES,Representante,Acessórios,Corporativo,Produto_114,10,17774.458240502896,10224.777205193866,7549.681035309029,2023,9,September,3,Friday,42.47,1777.45,Lucrativo
2023-09-08 08:15:33.493397360,MG,Loja Física,Serviços,Distribuidor,Produto_46,1,1000.6676649367098,842.6143637708933,158.0533011658165,2023,9,September,3,Friday,15.79,1000.67,Lucrativo
2023-09-08 15:16:12.388955584,ES,Online,Acessórios,Varejo,Produto_2,4,6204.676109029218,4820.91697751598,1383.7591315132386,2023,9,September,3,Friday,22.3,1551.17,Lucrativo
2023-09-08 15:16:12.388955584,SP,Online,Acessórios,Varejo,Produto_98,4,583.6753339153643,396.4511533249229,187.2241805904413,2023,9,September,3,Friday,32.08,145.92,Lucrativo
2023-09-08 22:16:51.284513804,BA,Online,Serviços,Varejo,Produto_97,6,10639.696078028024,7390.040106693443,3249.6559713345814,2023,9,September,3,Friday,30.54,1773.28,Lucrativo
2023-09-09 05:17:30.180072028,SP,Loja Física,Móveis,Corporativo,Produto_73,11,22175.172839466053,12720.30625269659,9454.866586769464,2023,9,September,3,Saturday,42.64,2015.92,Lucrativo
2023-09-09 12:18:09.075630252,SC,Representante,Informática,Distribuidor,Produto_114,13,24042.818090129032,20238.641028324284,3804.177061804749,2023,9,September,3,Saturday,15.82,1849.45,Lucrativo
2023-09-09 19:18:47.971188476,MG,Marketplace,Eletrônicos,Varejo,Produto_16,1,1035.5683940316312,742.2554678431328,293.3129261884984,2023,9,September,3,Saturday,28.32,1035.57,Lucrativo
2023-09-09 19:18:47.971188476,RS,Loja Física,Móveis,Distribuidor,Produto_76,3,4663.7463852989895,3064.227416283229,1599.5189690157604,2023,9,September,3,Saturday,34.3,1554.58,Lucrativo
2023-09-10 02:19:26.866746700,MG,Online,Informática,Corporativo,Produto_27,12,29392.89071512245,22229.10057833305,7163.790136789394,2023,9,September,3,Sunday,24.37,2449.41,Lucrativo
2023-09-10 23:21:23.553421368,SC,Representante,Eletrônicos,Distribuidor,Produto_111,11,17774.950692418774,10035.528154014542,7739.422538404231,2023,9,September,3,Sunday,43.54,1615.9,Lucrativo
2023-09-11 06:22:02.448979592,BA,Loja Física,Móveis,Distribuidor,Produto_103,4,1790.271211078932,1221.3160063893845,568.9552046895474,2023,9,September,3,Monday,31.78,447.57,Lucrativo
2023-09-11 13:22:41.344537816,RS,Loja Física,Eletrônicos,Varejo,Produto_18,8,10791.793668209277,8845.193274661646,1946.600393547631,2023,9,September,3,Monday,18.04,1348.97,Lucrativo
2023-09-11 20:23:20.240096040,SP,Online,Acessórios,Distribuidor,Produto_71,13,16295.955014039466,13102.38586816385,3193.5691458756155,2023,9,September,3,Monday,19.6,1253.54,Lucrativo
2023-09-11 20:23:20.240096040,SP,Online,Informática,Distribuidor,Produto_13,8,2351.141554774088,1344.4998718285372,1006.6416829455508,2023,9,September,3,Monday,42.82,293.89,Lucrativo
2023-09-12 03:23:59.135654260,MG,Marketplace,Serviços,Distribuidor,Produto_34,6,11590.687591416112,9357.483007883133,2233.204583532981,2023,9,September,3,Tuesday,19.27,1931.78,Lucrativo
2023-09-12 10:24:38.031212484,RJ,Marketplace,Serviços,Distribuidor,Produto_22,8,2367.8624101617825,1540.79628872658,827.0661214352024,2023,9,September,3,Tuesday,34.93,295.98,Lucrativo
2023-09-12 17:25:16.926770708,BA,Loja Física,Serviços,Distribuidor,Produto_114,14,20003.886857643018,16389.194581028645,3614.692276614373,2023,9,September,3,Tuesday,18.07,1428.85,Lucrativo
2023-09-13 00:25:55.822328932,SC,Marketplace,Móveis,Varejo,Produto_8,14,4126.100707317911,3051.527516050537,1074.5731912673737,2023,9,September,3,Wednesday,26.04,294.72,Lucrativo
2023-09-13 00:25:55.822328932,PR,Representante,Informática,Varejo,Produto_33,9,2613.521169506299,2166.45308997702,447.0680795292788,2023,9,September,3,Wednesday,17.11,290.39,Lucrativo
2023-09-13 07:26:34.717887156,PR,Representante,Serviços,Varejo,Produto_65,12,3472.474406371603,2845.8096603547438,626.6647460168597,2023,9,September,3,Wednesday,18.05,289.37,Lucrativo
2023-09-13 07:26:34.717887156,MG,Representante,Serviços,Corporativo,Produto_20,6,3349.650261754213,2319.560808575625,1030.089453178588,2023,9,September,3,Wednesday,30.75,558.28,Lucrativo
2023-09-13 14:27:13.613445376,RS,Loja Física,Serviços,Distribuidor,Produto_74,4,7778.42496793645,5944.137202180519,1834.287765755931,2023,9,September,3,Wednesday,23.58,1944.61,Lucrativo
2023-09-15 01:30:28.091236496,RJ,Loja Física,Serviços,Distribuidor,Produto_29,4,8014.695506565838,5374.299768340403,2640.395738225435,2023,9,September,3,Friday,32.94,2003.67,Lucrativo
2023-09-15 01:30:28.091236496,MG,Loja Física,Móveis,Corporativo,Produto_89,12,27768.00886226844,22951.8171692682,4816.191693000244,2023,9,September,3,Friday,17.34,2314.0,Lucrativo
2023-09-15 01:30:28.091236496,PR,Online,Eletrônicos,Distribuidor,Produto_72,14,4212.331998002842,3117.062721395201,1095.269276607641,2023,9,September,3,Friday,26.0,300.88,Lucrativo
2023-09-15 15:31:45.882352940,SC,Representante,Serviços,Varejo,Produto_62,2,2210.456125322185,1426.9144380192922,783.5416873028933,2023,9,September,3,Friday,35.45,1105.23,Lucrativo
2023-09-15 15:31:45.882352940,BA,Online,Acessórios,Distribuidor,Produto_88,4,1303.0341721820544,1101.48711435469,201.5470578273644,2023,9,September,3,Friday,15.47,325.76,Lucrativo
2023-09-15 15:31:45.882352940,RS,Loja Física,Eletrônicos,Corporativo,Produto_46,12,12569.956705943794,8402.512718434178,4167.443987509616,2023,9,September,3,Friday,33.15,1047.5,Lucrativo
2023-09-15 15:31:45.882352940,RS,Online,Informática,Corporativo,Produto_38,8,705.9681962514933,584.5230819843796,121.4451142671137,2023,9,September,3,Friday,17.2,88.25,Lucrativo
2023-09-15 22:32:24.777911164,BA,Marketplace,Eletrônicos,Distribuidor,Produto_88,6,2755.49040521427,1980.5926271468911,774.897778067379,2023,9,September,3,Friday,28.12,459.25,Lucrativo
2023-09-15 22:32:24.777911164,SC,Representante,Acessórios,Distribuidor,Produto_3,4,1477.2179729789848,838.1728815701978,639.045091408787,2023,9,September,3,Friday,43.26,369.3,Lucrativo
2023-09-16 12:33:42.569027612,SP,Loja Física,Acessórios,Distribuidor,Produto_10,10,5264.425444113513,3277.0378835168203,1987.3875605966923,2023,9,September,3,Saturday,37.75,526.44,Lucrativo
2023-09-17 02:35:00.360144056,SC,Representante,Serviços,Varejo,Produto_25,7,14660.351806230512,11165.83206799134,3494.5197382391707,2023,9,September,3,Sunday,23.84,2094.34,Lucrativo
2023-09-17 09:35:39.255702280,RS,Marketplace,Informática,Distribuidor,Produto_63,4,1037.5746545773168,748.7896331893592,288.7850213879576,2023,9,September,3,Sunday,27.83,259.39,Lucrativo
2023-09-17 23:36:57.046818728,RS,Online,Serviços,Varejo,Produto_110,9,14372.14247959925,11803.741617373737,2568.400862225515,2023,9,September,3,Sunday,17.87,1596.9,Lucrativo
2023-09-17 23:36:57.046818728,BA,Representante,Serviços,Distribuidor,Produto_36,6,4661.656235371665,3146.6198933514647,1515.036342020201,2023,9,September,3,Sunday,32.5,776.94,Lucrativo
2023-09-18 06:37:35.942376952,ES,Representante,Eletrônicos,Varejo,Produto_41,3,1325.7274433872583,863.4027682908481,462.3246750964104,2023,9,September,3,Monday,34.87,441.91,Lucrativo
2023-09-18 06:37:35.942376952,PR,Representante,Eletrônicos,Distribuidor,Produto_39,12,29277.885721694976,19199.135711763887,10078.75000993109,2023,9,September,3,Monday,34.42,2439.82,Lucrativo
2023-09-18 06:37:35.942376952,ES,Loja Física,Eletrônicos,Varejo,Produto_94,7,5125.974121133833,4305.392907494364,820.5812136394698,2023,9,September,3,Monday,16.01,732.28,Lucrativo
2023-09-18 13:38:14.837935172,MG,Marketplace,Serviços,Varejo,Produto_32,10,17718.461815541057,14876.040669788596,2842.42114575246,2023,9,September,3,Monday,16.04,1771.85,Lucrativo
2023-09-19 03:39:32.629051620,RS,Online,Informática,Distribuidor,Produto_13,1,1441.015002428646,950.8667894402672,490.1482129883788,2023,9,September,3,Tuesday,34.01,1441.02,Lucrativo
2023-09-19 03:39:32.629051620,PR,Online,Informática,Corporativo,Produto_39,1,1211.692427569407,670.9418624931807,540.7505650762264,2023,9,September,3,Tuesday,44.63,1211.69,Lucrativo
2023-09-19 10:40:11.524609844,SP,Online,Acessórios,Distribuidor,Produto_108,3,7162.859932473178,4137.418415277029,3025.441517196148,2023,9,September,3,Tuesday,42.24,2387.62,Lucrativo
2023-09-19 10:40:11.524609844,MG,Representante,Informática,Corporativo,Produto_62,8,6211.586202785769,4290.534481600503,1921.0517211852664,2023,9,September,3,Tuesday,30.93,776.45,Lucrativo
2023-09-20 00:41:29.315726292,RJ,Representante,Serviços,Varejo,Produto_86,2,3222.671069603129,2218.912128837433,1003.758940765696,2023,9,September,3,Wednesday,31.15,1611.34,Lucrativo
2023-09-20 07:42:08.211284512,PR,Marketplace,Acessórios,Varejo,Produto_11,10,4893.16293420774,3693.080050245188,1200.0828839625528,2023,9,September,3,Wednesday,24.53,489.32,Lucrativo
2023-09-20 21:43:26.002400960,SC,Online,Serviços,Varejo,Produto_17,13,16663.6611880873,13164.033126802637,3499.628061284662,2023,9,September,3,Wednesday,21.0,1281.82,Lucrativo
2023-09-21 04:44:04.897959184,ES,Loja Física,Eletrônicos,Varejo,Produto_3,8,4630.400655352878,2692.7434667716816,1937.6571885811964,2023,9,September,3,Thursday,41.85,578.8,Lucrativo
2023-09-21 11:44:43.793517408,SC,Marketplace,Informática,Varejo,Produto_52,13,12061.8363205987,7837.4059457978365,4224.430374800862,2023,9,September,3,Thursday,35.02,927.83,Lucrativo
2023-09-21 11:44:43.793517408,PR,Representante,Eletrônicos,Varejo,Produto_7,5,11391.587126451896,7530.397354574019,3861.189771877877,2023,9,September,3,Thursday,33.9,2278.32,Lucrativo
2023-09-22 01:46:01.584633852,ES,Online,Eletrônicos,Corporativo,Produto_17,8,2328.355653136597,1856.7251833660096,471.630469770588,2023,9,September,3,Friday,20.26,291.04,Lucrativo
2023-09-22 08:46:40.480192076,SP,Marketplace,Eletrônicos,Varejo,Produto_96,3,1080.189121007651,857.2710521457343,222.9180688619167,2023,9,September,3,Friday,20.64,360.06,Lucrativo
2023-09-22 08:46:40.480192076,RJ,Online,Serviços,Varejo,Produto_9,4,2584.7700582032057,1673.056958498425,911.7130997047808,2023,9,September,3,Friday,35.27,646.19,Lucrativo
2023-09-22 15:47:19.375750300,ES,Marketplace,Informática,Distribuidor,Produto_34,10,11907.658023530072,9044.717017919427,2862.9410056106462,2023,9,September,3,Friday,24.04,1190.77,Lucrativo
2023-09-23 05:48:37.166866748,PR,Representante,Informática,Varejo,Produto_97,2,2711.081027891384,1547.3382516561453,1163.7427762352388,2023,9,September,3,Saturday,42.93,1355.54,Lucrativo
2023-09-23 12:49:16.062424968,RS,Marketplace,Acessórios,Corporativo,Produto_72,7,1723.5805590962086,1443.2811425114696,280.299416584739,2023,9,September,3,Saturday,16.26,246.23,Lucrativo
2023-09-23 12:49:16.062424968,ES,Marketplace,Acessórios,Corporativo,Produto_31,2,3977.358954341333,3037.544030342555,939.8149239987785,2023,9,September,3,Saturday,23.63,1988.68,Lucrativo
2023-09-23 19:49:54.957983192,RJ,Loja Física,Informática,Corporativo,Produto_9,9,9128.39093421396,6789.053490279238,2339.3374439347235,2023,9,September,3,Saturday,25.63,1014.27,Lucrativo
2023-09-24 09:51:12.749099640,RJ,Marketplace,Informática,Distribuidor,Produto_40,1,1816.5015462917413,1095.1674310190342,721.3341152727071,2023,9,September,3,Sunday,39.71,1816.5,Lucrativo
2023-09-24 16:51:51.644657864,RS,Marketplace,Informática,Distribuidor,Produto_5,14,22702.107234995136,18096.311072634424,4605.796162360712,2023,9,September,3,Sunday,20.29,1621.58,Lucrativo
2023-09-24 23:52:30.540216088,SC,Online,Móveis,Varejo,Produto_56,10,21402.060255685497,12575.428519939356,8826.631735746141,2023,9,September,3,Sunday,41.24,2140.21,Lucrativo
2023-09-25 13:53:48.331332532,SC,Representante,Eletrônicos,Corporativo,Produto_119,14,18276.459877127512,14196.459669656364,4080.000207471148,2023,9,September,3,Monday,22.32,1305.46,Lucrativo
2023-09-26 03:55:06.122448980,RJ,Online,Móveis,Varejo,Produto_82,3,2829.383480153316,1744.52623315221,1084.857247001106,2023,9,September,3,Tuesday,38.34,943.13,Lucrativo
2023-09-26 10:55:45.018007204,ES,Representante,Eletrônicos,Distribuidor,Produto_63,3,7104.551819628233,4133.508720558196,2971.043099070037,2023,9,September,3,Tuesday,41.82,2368.18,Lucrativo
2023-09-26 17:56:23.913565424,ES,Marketplace,Informática,Varejo,Produto_90,12,22258.56475055934,18308.74816263563,3949.816587923709,2023,9,September,3,Tuesday,17.75,1854.88,Lucrativo
2023-09-26 17:56:23.913565424,RJ,Representante,Informática,Varejo,Produto_17,12,28867.143296099694,22885.046225562557,5982.09707053714,2023,9,September,3,Tuesday,20.72,2405.6,Lucrativo
2023-09-27 00:57:02.809123648,RJ,Loja Física,Serviços,Corporativo,Produto_100,1,1151.4871678238571,658.5007154236039,492.98645240025326,2023,9,September,3,Wednesday,42.81,1151.49,Lucrativo
2023-09-27 07:57:41.704681872,ES,Marketplace,Informática,Corporativo,Produto_101,3,6506.037391877653,4478.018708776475,2028.0186831011777,2023,9,September,3,Wednesday,31.17,2168.68,Lucrativo
2023-09-27 07:57:41.704681872,RS,Loja Física,Serviços,Distribuidor,Produto_84,3,532.1517208730572,342.29998180680377,189.85173906625343,2023,9,September,3,Wednesday,35.68,177.38,Lucrativo
2023-09-27 14:58:20.600240096,PR,Marketplace,Serviços,Varejo,Produto_85,5,2104.171654551308,1511.1308247323475,593.0408298189607,2023,9,September,3,Wednesday,28.18,420.83,Lucrativo
2023-09-27 21:58:59.495798320,BA,Online,Móveis,Varejo,Produto_17,9,9239.887083344034,6963.839265568779,2276.0478177752548,2023,9,September,3,Wednesday,24.63,1026.65,Lucrativo
2023-09-29 02:01:35.078031212,SP,Online,Informática,Varejo,Produto_56,3,5863.400820975029,4206.652638727978,1656.7481822470509,2023,9,September,3,Friday,28.26,1954.47,Lucrativo
2023-09-29 02:01:35.078031212,PR,Loja Física,Informática,Varejo,Produto_71,2,2921.173232098856,1957.519675054613,963.6535570442428,2023,9,September,3,Friday,32.99,1460.59,Lucrativo
2023-09-29 09:02:13.973589436,ES,Marketplace,Serviços,Varejo,Produto_53,13,15712.312318412314,10221.722378171187,5490.589940241127,2023,9,September,3,Friday,34.94,1208.64,Lucrativo
2023-09-29 09:02:13.973589436,ES,Marketplace,Informática,Distribuidor,Produto_73,9,18769.96138805932,13210.751979746992,5559.209408312328,2023,9,September,3,Friday,29.62,2085.55,Lucrativo
2023-09-29 09:02:13.973589436,ES,Online,Eletrônicos,Distribuidor,Produto_105,4,8409.839843274087,5219.610563618363,3190.229279655724,2023,9,September,3,Friday,37.93,2102.46,Lucrativo
2023-09-29 16:02:52.869147660,RJ,Representante,Acessórios,Corporativo,Produto_104,2,228.65841216853963,165.71069826135437,62.94771390718526,2023,9,September,3,Friday,27.53,114.33,Lucrativo
2023-09-30 13:04:49.555822328,MG,Online,Eletrônicos,Distribuidor,Produto_107,7,1203.9028421692117,729.5338351444115,474.3690070248002,2023,9,September,3,Saturday,39.4,171.99,Lucrativo
2023-10-01 03:06:07.346938776,RJ,Representante,Eletrônicos,Varejo,Produto_112,7,483.884810484468,309.8892747875093,173.9955356969587,2023,10,October,4,Sunday,35.96,69.13,Lucrativo
2023-10-01 03:06:07.346938776,SC,Representante,Acessórios,Corporativo,Produto_61,14,10762.113543793774,6374.715600870734,4387.397942923039,2023,10,October,4,Sunday,40.77,768.72,Lucrativo
2023-10-01 03:06:07.346938776,RJ,Loja Física,Serviços,Varejo,Produto_26,3,1743.21442987644,1362.9967248239248,380.2177050525154,2023,10,October,4,Sunday,21.81,581.07,Lucrativo
2023-10-02 07:08:42.929171668,PR,Online,Eletrônicos,Corporativo,Produto_7,11,23321.13413240598,15836.64876345056,7484.485368955418,2023,10,October,4,Monday,32.09,2120.1,Lucrativo
2023-10-02 07:08:42.929171668,BA,Representante,Informática,Varejo,Produto_76,11,7356.52087071371,5412.482731600473,1944.0381391132369,2023,10,October,4,Monday,26.43,668.77,Lucrativo
2023-10-02 14:09:21.824729892,SP,Representante,Eletrônicos,Varejo,Produto_114,2,1047.5750315442422,764.3322537618989,283.2427777823433,2023,10,October,4,Monday,27.04,523.79,Lucrativo
2023-10-02 21:10:00.720288116,BA,Representante,Serviços,Corporativo,Produto_100,11,19560.76915358539,13350.986783195563,6209.782370389825,2023,10,October,4,Monday,31.75,1778.25,Lucrativo
2023-10-03 04:10:39.615846340,PR,Marketplace,Eletrônicos,Corporativo,Produto_1,8,18345.602916091444,15254.390120057093,3091.2127960343514,2023,10,October,4,Tuesday,16.85,2293.2,Lucrativo
2023-10-03 04:10:39.615846340,BA,Loja Física,Eletrônicos,Varejo,Produto_27,7,5953.063036913564,4473.423272036698,1479.639764876866,2023,10,October,4,Tuesday,24.86,850.44,Lucrativo
2023-10-03 11:11:18.511404560,RJ,Marketplace,Informática,Corporativo,Produto_58,4,2030.9780993573097,1119.0930669909844,911.8850323663252,2023,10,October,4,Tuesday,44.9,507.74,Lucrativo
2023-10-03 11:11:18.511404560,BA,Online,Serviços,Distribuidor,Produto_56,4,964.8853783189414,585.8926849800342,378.9926933389072,2023,10,October,4,Tuesday,39.28,241.22,Lucrativo
2023-10-03 11:11:18.511404560,SP,Marketplace,Móveis,Corporativo,Produto_109,11,3297.116055061301,2666.066478616964,631.0495764443372,2023,10,October,4,Tuesday,19.14,299.74,Lucrativo
2023-10-03 11:11:18.511404560,PR,Representante,Informática,Distribuidor,Produto_31,13,30438.354678234584,23099.782630143774,7338.572048090806,2023,10,October,4,Tuesday,24.11,2341.41,Lucrativo
2023-10-04 01:12:36.302521008,MG,Loja Física,Serviços,Distribuidor,Produto_10,6,5239.734063165698,3611.532219173642,1628.2018439920566,2023,10,October,4,Wednesday,31.07,873.29,Lucrativo
2023-10-04 01:12:36.302521008,SC,Marketplace,Acessórios,Corporativo,Produto_80,8,9402.642699933189,5649.820456751576,3752.822243181611,2023,10,October,4,Wednesday,39.91,1175.33,Lucrativo
2023-10-04 08:13:15.198079232,SP,Marketplace,Informática,Corporativo,Produto_44,7,9387.41657890718,6977.152431989046,2410.264146918133,2023,10,October,4,Wednesday,25.68,1341.06,Lucrativo
2023-10-04 08:13:15.198079232,MG,Online,Móveis,Varejo,Produto_89,12,16813.814683329303,13996.284722742112,2817.5299605871896,2023,10,October,4,Wednesday,16.76,1401.15,Lucrativo
2023-10-04 15:13:54.093637456,SC,Representante,Informática,Varejo,Produto_33,8,11778.177822856856,7660.493713811441,4117.684109045414,2023,10,October,4,Wednesday,34.96,1472.27,Lucrativo
2023-10-04 22:14:32.989195680,RJ,Online,Eletrônicos,Varejo,Produto_66,4,4155.176813498447,2837.0778946092028,1318.098918889244,2023,10,October,4,Wednesday,31.72,1038.79,Lucrativo
2023-10-05 05:15:11.884753900,BA,Marketplace,Móveis,Corporativo,Produto_74,2,2593.320155839483,1747.107531466682,846.212624372801,2023,10,October,4,Thursday,32.63,1296.66,Lucrativo
2023-10-05 05:15:11.884753900,ES,Representante,Informática,Distribuidor,Produto_67,3,5781.737712329739,3326.6020996346547,2455.1356126950845,2023,10,October,4,Thursday,42.46,1927.25,Lucrativo
2023-10-05 19:16:29.675870348,RS,Loja Física,Serviços,Corporativo,Produto_27,8,12038.430204542345,7640.101109811481,4398.3290947308615,2023,10,October,4,Thursday,36.54,1504.8,Lucrativo
2023-10-05 19:16:29.675870348,BA,Online,Serviços,Varejo,Produto_3,1,438.0139002965405,362.13361207577617,75.88028822076433,2023,10,October,4,Thursday,17.32,438.01,Lucrativo
2023-10-06 16:18:26.362545016,RS,Online,Móveis,Corporativo,Produto_67,14,28751.34004477165,16024.531183997313,12726.808860774338,2023,10,October,4,Friday,44.27,2053.67,Lucrativo
2023-10-06 23:19:05.258103240,MG,Marketplace,Serviços,Varejo,Produto_103,8,2245.726085645849,1361.1633383161648,884.562747329684,2023,10,October,4,Friday,39.39,280.72,Lucrativo
2023-10-06 23:19:05.258103240,MG,Representante,Móveis,Varejo,Produto_20,2,2992.528851404732,2323.126061912724,669.4027894920082,2023,10,October,4,Friday,22.37,1496.26,Lucrativo
2023-10-07 06:19:44.153661464,MG,Marketplace,Acessórios,Varejo,Produto_18,7,9856.162877375178,6055.435248151871,3800.7276292233073,2023,10,October,4,Saturday,38.56,1408.02,Lucrativo
2023-10-07 06:19:44.153661464,PR,Representante,Serviços,Corporativo,Produto_54,2,2174.78363506949,1848.4465110898643,326.33712397962563,2023,10,October,4,Saturday,15.01,1087.39,Lucrativo
2023-10-07 06:19:44.153661464,RS,Loja Física,Informática,Distribuidor,Produto_15,13,16233.891516494836,13755.714819191477,2478.176697303361,2023,10,October,4,Saturday,15.27,1248.76,Lucrativo
2023-10-07 20:21:01.944777912,BA,Online,Acessórios,Varejo,Produto_94,6,14856.49689608358,9396.16124832791,5460.33564775567,2023,10,October,4,Saturday,36.75,2476.08,Lucrativo
2023-10-08 03:21:40.840336136,RS,Marketplace,Eletrônicos,Distribuidor,Produto_105,4,9956.371137824875,6767.785724403802,3188.585413421073,2023,10,October,4,Sunday,32.03,2489.09,Lucrativo
2023-10-08 17:22:58.631452580,PR,Loja Física,Acessórios,Distribuidor,Produto_77,8,18265.700432076817,12754.615462652351,5511.084969424464,2023,10,October,4,Sunday,30.17,2283.21,Lucrativo
2023-10-08 17:22:58.631452580,PR,Loja Física,Informática,Corporativo,Produto_88,4,2479.7885668144563,1605.365602193598,874.4229646208582,2023,10,October,4,Sunday,35.26,619.95,Lucrativo
2023-10-09 00:23:37.527010804,ES,Marketplace,Informática,Distribuidor,Produto_19,12,14698.509078123112,9480.899859268222,5217.60921885489,2023,10,October,4,Monday,35.5,1224.88,Lucrativo
2023-10-09 07:24:16.422569028,RJ,Loja Física,Serviços,Distribuidor,Produto_51,12,4042.952606255167,2518.722532848379,1524.2300734067876,2023,10,October,4,Monday,37.7,336.91,Lucrativo
2023-10-09 07:24:16.422569028,RS,Online,Acessórios,Distribuidor,Produto_14,10,24781.590784316304,18224.181480186096,6557.409304130208,2023,10,October,4,Monday,26.46,2478.16,Lucrativo
2023-10-09 07:24:16.422569028,SP,Online,Serviços,Varejo,Produto_62,3,7226.251803568797,4948.855534150737,2277.39626941806,2023,10,October,4,Monday,31.52,2408.75,Lucrativo
2023-10-09 21:25:34.213685472,RJ,Online,Móveis,Distribuidor,Produto_58,3,7194.610119925568,5953.264152532942,1241.3459673926263,2023,10,October,4,Monday,17.25,2398.2,Lucrativo
2023-10-10 11:26:52.004801920,BA,Loja Física,Eletrônicos,Distribuidor,Produto_108,2,3982.220771321421,2755.2112327625478,1227.0095385588738,2023,10,October,4,Tuesday,30.81,1991.11,Lucrativo
2023-10-10 18:27:30.900360144,SP,Marketplace,Acessórios,Varejo,Produto_54,8,8303.904255960748,7034.0293685870365,1269.874887373711,2023,10,October,4,Tuesday,15.29,1037.99,Lucrativo
2023-10-10 18:27:30.900360144,RS,Marketplace,Informática,Corporativo,Produto_2,3,7409.382785166166,5035.529965491944,2373.8528196742227,2023,10,October,4,Tuesday,32.04,2469.79,Lucrativo
2023-10-11 08:28:48.691476592,RS,Representante,Acessórios,Corporativo,Produto_105,8,10538.82064825136,6098.401152313383,4440.419495937978,2023,10,October,4,Wednesday,42.13,1317.35,Lucrativo
2023-10-11 22:30:06.482593036,SP,Representante,Informática,Distribuidor,Produto_16,2,3722.787231480994,2444.081290698921,1278.705940782073,2023,10,October,4,Wednesday,34.35,1861.39,Lucrativo
2023-10-11 22:30:06.482593036,SC,Marketplace,Móveis,Varejo,Produto_36,3,1634.8311043195845,1011.017610887191,623.8134934323934,2023,10,October,4,Wednesday,38.16,544.94,Lucrativo
2023-10-12 05:30:45.378151260,SP,Loja Física,Informática,Varejo,Produto_87,13,11258.38447928619,8479.957090689159,2778.4273885970306,2023,10,October,4,Thursday,24.68,866.03,Lucrativo
2023-10-12 05:30:45.378151260,ES,Marketplace,Informática,Varejo,Produto_68,12,11892.74035146829,9219.332781347466,2673.407570120824,2023,10,October,4,Thursday,22.48,991.06,Lucrativo
2023-10-12 12:31:24.273709484,ES,Loja Física,Eletrônicos,Distribuidor,Produto_4,8,10731.628866842872,6667.762862780016,4063.866004062856,2023,10,October,4,Thursday,37.87,1341.45,Lucrativo
2023-10-13 02:32:42.064825932,BA,Online,Acessórios,Distribuidor,Produto_12,6,1782.9658123858576,1382.7793378377853,400.1864745480723,2023,10,October,4,Friday,22.44,297.16,Lucrativo
2023-10-13 02:32:42.064825932,BA,Marketplace,Eletrônicos,Corporativo,Produto_33,10,14132.268712247662,8835.39938108027,5296.869331167392,2023,10,October,4,Friday,37.48,1413.23,Lucrativo
2023-10-13 02:32:42.064825932,RJ,Loja Física,Serviços,Corporativo,Produto_90,12,4126.2414054115525,2555.708471618056,1570.5329337934963,2023,10,October,4,Friday,38.06,343.85,Lucrativo
2023-10-13 23:34:38.751500600,SP,Marketplace,Móveis,Varejo,Produto_17,7,13134.5088916454,10564.000705103368,2570.5081865420325,2023,10,October,4,Friday,19.57,1876.36,Lucrativo
2023-10-13 23:34:38.751500600,BA,Representante,Serviços,Corporativo,Produto_107,5,9882.136842304166,5855.8138313325135,4026.323010971653,2023,10,October,4,Friday,40.74,1976.43,Lucrativo
2023-10-13 23:34:38.751500600,PR,Loja Física,Eletrônicos,Corporativo,Produto_44,6,3552.875768949876,1968.8142451258725,1584.0615238240032,2023,10,October,4,Friday,44.59,592.15,Lucrativo
2023-10-14 06:35:17.647058824,PR,Online,Serviços,Corporativo,Produto_17,2,4383.4929431403725,2908.476618140507,1475.0163249998654,2023,10,October,4,Saturday,33.65,2191.75,Lucrativo
2023-10-14 13:35:56.542617048,ES,Online,Móveis,Distribuidor,Produto_102,12,3098.1132205081285,1966.1186489530576,1131.994571555071,2023,10,October,4,Saturday,36.54,258.18,Lucrativo
2023-10-14 20:36:35.438175268,PR,Loja Física,Acessórios,Varejo,Produto_6,5,10645.012017380066,8042.91528331819,2602.0967340618763,2023,10,October,4,Saturday,24.44,2129.0,Lucrativo
2023-10-15 03:37:14.333733492,RS,Online,Informática,Corporativo,Produto_113,11,19259.41269232393,12069.731583966426,7189.6811083575085,2023,10,October,4,Sunday,37.33,1750.86,Lucrativo
2023-10-15 10:37:53.229291716,MG,Loja Física,Acessórios,Distribuidor,Produto_111,7,14352.18362354957,7978.476379221463,6373.707244328107,2023,10,October,4,Sunday,44.41,2050.31,Lucrativo
2023-10-15 17:38:32.124849940,MG,Online,Eletrônicos,Distribuidor,Produto_53,9,17904.230875465455,15165.352171304845,2738.878704160612,2023,10,October,4,Sunday,15.3,1989.36,Lucrativo
2023-10-16 00:39:11.020408164,SC,Marketplace,Acessórios,Varejo,Produto_35,13,19133.580259714403,13614.54996555809,5519.030294156313,2023,10,October,4,Monday,28.84,1471.81,Lucrativo
2023-10-16 07:39:49.915966388,BA,Loja Física,Serviços,Varejo,Produto_26,6,8084.946578782858,4903.071422396109,3181.87515638675,2023,10,October,4,Monday,39.36,1347.49,Lucrativo
2023-10-16 07:39:49.915966388,ES,Representante,Eletrônicos,Corporativo,Produto_4,3,1888.081822642353,1237.3775902067364,650.7042324356166,2023,10,October,4,Monday,34.46,629.36,Lucrativo
2023-10-16 07:39:49.915966388,PR,Representante,Móveis,Varejo,Produto_97,3,2225.39059650762,1483.6566290297867,741.7339674778334,2023,10,October,4,Monday,33.33,741.8,Lucrativo
2023-10-16 21:41:07.707082832,SP,Representante,Informática,Corporativo,Produto_22,12,867.8323501367286,696.550523959056,171.28182617767254,2023,10,October,4,Monday,19.74,72.32,Lucrativo
2023-10-16 21:41:07.707082832,MG,Online,Acessórios,Varejo,Produto_42,6,2675.3362758436037,2109.629667271785,565.7066085718184,2023,10,October,4,Monday,21.15,445.89,Lucrativo
2023-10-17 04:41:46.602641056,SP,Marketplace,Móveis,Distribuidor,Produto_103,11,11897.874181318432,7025.146316242007,4872.727865076425,2023,10,October,4,Tuesday,40.95,1081.62,Lucrativo
2023-10-17 04:41:46.602641056,RJ,Online,Informática,Distribuidor,Produto_51,9,3335.5407470515,2200.006221487371,1135.534525564129,2023,10,October,4,Tuesday,34.04,370.62,Lucrativo
2023-10-17 11:42:25.498199280,ES,Marketplace,Informática,Varejo,Produto_114,10,8710.191570905128,6293.179928653623,2417.0116422515057,2023,10,October,4,Tuesday,27.75,871.02,Lucrativo
2023-10-17 11:42:25.498199280,SP,Marketplace,Serviços,Corporativo,Produto_97,5,11794.756589482218,8508.466955652848,3286.2896338293704,2023,10,October,4,Tuesday,27.86,2358.95,Lucrativo
2023-10-17 18:43:04.393757504,RJ,Representante,Eletrônicos,Distribuidor,Produto_45,1,2124.277957615061,1395.464435573525,728.8135220415365,2023,10,October,4,Tuesday,34.31,2124.28,Lucrativo
2023-10-18 01:43:43.289315728,SP,Online,Eletrônicos,Corporativo,Produto_105,7,13912.57426437,11221.452628354047,2691.1216360159524,2023,10,October,4,Wednesday,19.34,1987.51,Lucrativo
2023-10-18 15:45:01.080432172,SP,Loja Física,Eletrônicos,Varejo,Produto_97,10,13742.966651678924,10245.826136471314,3497.140515207609,2023,10,October,4,Wednesday,25.45,1374.3,Lucrativo
2023-10-19 05:46:18.871548620,BA,Online,Serviços,Varejo,Produto_82,3,7459.067868689312,4649.3453373288985,2809.722531360413,2023,10,October,4,Thursday,37.67,2486.36,Lucrativo
2023-10-19 05:46:18.871548620,ES,Marketplace,Móveis,Distribuidor,Produto_115,6,13723.81368013893,8657.126641771967,5066.687038366963,2023,10,October,4,Thursday,36.92,2287.3,Lucrativo
2023-10-19 12:46:57.767106844,SC,Representante,Informática,Varejo,Produto_55,9,15098.583320393229,8858.064882606915,6240.518437786312,2023,10,October,4,Thursday,41.33,1677.62,Lucrativo
2023-10-19 12:46:57.767106844,PR,Loja Física,Eletrônicos,Varejo,Produto_104,5,7174.957970390518,5975.603808888504,1199.354161502014,2023,10,October,4,Thursday,16.72,1434.99,Lucrativo
2023-10-19 19:47:36.662665064,SP,Representante,Móveis,Distribuidor,Produto_37,12,7847.579937645623,4999.0278109187375,2848.552126726886,2023,10,October,4,Thursday,36.3,653.96,Lucrativo
2023-10-20 02:48:15.558223288,RS,Loja Física,Eletrônicos,Corporativo,Produto_35,10,18738.1604938714,15158.033960093648,3580.126533777753,2023,10,October,4,Friday,19.11,1873.82,Lucrativo
2023-10-20 09:48:54.453781512,PR,Loja Física,Eletrônicos,Distribuidor,Produto_18,13,8469.232681224978,6149.304953496627,2319.927727728351,2023,10,October,4,Friday,27.39,651.48,Lucrativo
2023-10-20 23:50:12.244897960,SC,Online,Informática,Corporativo,Produto_39,3,7211.423115911115,5187.691813906006,2023.7313020051088,2023,10,October,4,Friday,28.06,2403.81,Lucrativo
2023-10-21 06:50:51.140456184,MG,Loja Física,Informática,Varejo,Produto_32,12,904.6934370070062,693.1993308290585,211.4941061779477,2023,10,October,4,Saturday,23.38,75.39,Lucrativo
2023-10-21 13:51:30.036014404,RS,Representante,Acessórios,Corporativo,Produto_98,7,12472.869301069972,7080.887080334335,5391.9822207356365,2023,10,October,4,Saturday,43.23,1781.84,Lucrativo
2023-10-21 20:52:08.931572628,PR,Representante,Móveis,Corporativo,Produto_81,6,738.056526824874,498.02562899805866,240.03089782681536,2023,10,October,4,Saturday,32.52,123.01,Lucrativo
2023-10-21 20:52:08.931572628,SP,Online,Serviços,Corporativo,Produto_109,14,4596.5612729575005,3304.990470540326,1291.5708024171745,2023,10,October,4,Saturday,28.1,328.33,Lucrativo
2023-10-22 03:52:47.827130852,RJ,Loja Física,Serviços,Corporativo,Produto_22,12,10550.834286509817,8034.184705277104,2516.649581232713,2023,10,October,4,Sunday,23.85,879.24,Lucrativo
2023-10-22 10:53:26.722689076,PR,Online,Eletrônicos,Distribuidor,Produto_100,1,1621.9134568949191,1219.879045887876,402.034411007043,2023,10,October,4,Sunday,24.79,1621.91,Lucrativo
2023-10-22 17:54:05.618247300,RS,Online,Acessórios,Distribuidor,Produto_34,7,5152.912476323942,3796.119648370974,1356.7928279529683,2023,10,October,4,Sunday,26.33,736.13,Lucrativo
2023-10-22 17:54:05.618247300,SC,Loja Física,Serviços,Varejo,Produto_14,14,18789.898449933,15367.303187606054,3422.595262326946,2023,10,October,4,Sunday,18.22,1342.14,Lucrativo
2023-10-23 07:55:23.409363744,RS,Representante,Acessórios,Varejo,Produto_3,13,5797.265141962341,3695.768846511481,2101.49629545086,2023,10,October,4,Monday,36.25,445.94,Lucrativo
2023-10-23 07:55:23.409363744,ES,Loja Física,Acessórios,Varejo,Produto_63,7,2316.921800454511,1310.6635053388168,1006.2582951156942,2023,10,October,4,Monday,43.43,330.99,Lucrativo
2023-10-23 07:55:23.409363744,SC,Online,Informática,Varejo,Produto_36,14,28674.50171007039,19685.81676323978,8988.68494683061,2023,10,October,4,Monday,31.35,2048.18,Lucrativo
2023-10-23 14:56:02.304921968,MG,Marketplace,Móveis,Corporativo,Produto_48,12,10883.3102327153,8308.713797170316,2574.596435544985,2023,10,October,4,Monday,23.66,906.94,Lucrativo
2023-10-23 14:56:02.304921968,ES,Marketplace,Móveis,Corporativo,Produto_96,13,1552.1307878728312,1228.6413319887763,323.4894558840547,2023,10,October,4,Monday,20.84,119.39,Lucrativo
2023-10-23 21:56:41.200480192,RS,Loja Física,Acessórios,Varejo,Produto_90,9,12821.215111501531,10441.289295347764,2379.925816153769,2023,10,October,4,Monday,18.56,1424.58,Lucrativo
2023-10-24 04:57:20.096038416,RS,Marketplace,Acessórios,Distribuidor,Produto_89,14,26065.6880953658,21162.86595934377,4902.822136022034,2023,10,October,4,Tuesday,18.81,1861.83,Lucrativo
2023-10-24 04:57:20.096038416,SC,Online,Móveis,Varejo,Produto_12,6,10018.43353197921,6222.24874564447,3796.18478633474,2023,10,October,4,Tuesday,37.89,1669.74,Lucrativo
2023-10-24 04:57:20.096038416,RS,Online,Informática,Distribuidor,Produto_46,2,1601.417170034338,1331.7597292510395,269.6574407832986,2023,10,October,4,Tuesday,16.84,800.71,Lucrativo
2023-10-24 04:57:20.096038416,SC,Online,Serviços,Corporativo,Produto_47,4,5973.34016951109,4812.7019704186405,1160.6381990924492,2023,10,October,4,Tuesday,19.43,1493.34,Lucrativo
2023-10-24 04:57:20.096038416,RJ,Loja Física,Eletrônicos,Corporativo,Produto_115,10,7810.322582255991,6463.948045905264,1346.3745363507269,2023,10,October,4,Tuesday,17.24,781.03,Lucrativo
2023-10-24 18:58:37.887154860,PR,Marketplace,Informática,Distribuidor,Produto_89,12,10009.62743863106,7039.185075590849,2970.4423630402107,2023,10,October,4,Tuesday,29.68,834.14,Lucrativo
2023-10-25 01:59:16.782713084,MG,Representante,Eletrônicos,Corporativo,Produto_36,8,1635.1288659572683,1345.2195341853717,289.90933177189686,2023,10,October,4,Wednesday,17.73,204.39,Lucrativo
2023-10-25 16:00:34.573829532,SP,Online,Informática,Distribuidor,Produto_30,6,1393.6450782676434,813.0223999616318,580.6226783060116,2023,10,October,4,Wednesday,41.66,232.27,Lucrativo
2023-10-26 20:03:10.156062424,MG,Online,Eletrônicos,Varejo,Produto_78,9,9703.36723089578,6366.973309777183,3336.393921118598,2023,10,October,4,Thursday,34.38,1078.15,Lucrativo
2023-10-26 20:03:10.156062424,BA,Marketplace,Serviços,Distribuidor,Produto_38,4,7944.770806653849,5625.659360520232,2319.1114461336174,2023,10,October,4,Thursday,29.19,1986.19,Lucrativo
2023-10-27 17:05:06.842737096,MG,Marketplace,Eletrônicos,Corporativo,Produto_51,4,9980.028247737726,8294.213947071858,1685.8143006658684,2023,10,October,4,Friday,16.89,2495.01,Lucrativo
2023-10-28 14:07:03.529411764,RS,Loja Física,Serviços,Distribuidor,Produto_4,3,1204.1414286706415,865.3977435511869,338.7436851194549,2023,10,October,4,Saturday,28.13,401.38,Lucrativo
2023-10-28 21:07:42.424969988,ES,Loja Física,Informática,Distribuidor,Produto_64,12,6412.317923181269,4062.8988605530185,2349.4190626282507,2023,10,October,4,Saturday,36.64,534.36,Lucrativo
2023-10-28 21:07:42.424969988,RJ,Loja Física,Móveis,Distribuidor,Produto_40,5,10155.448390890842,6089.908134849101,4065.5402560417415,2023,10,October,4,Saturday,40.03,2031.09,Lucrativo
2023-10-29 04:08:21.320528212,ES,Representante,Eletrônicos,Corporativo,Produto_34,12,23371.77962772653,15486.57510635789,7885.20452136864,2023,10,October,4,Sunday,33.74,1947.65,Lucrativo
2023-10-29 04:08:21.320528212,MG,Marketplace,Serviços,Distribuidor,Produto_54,13,4562.453326598768,3729.363408197542,833.0899184012255,2023,10,October,4,Sunday,18.26,350.96,Lucrativo
2023-10-30 08:10:56.902761104,PR,Representante,Informática,Varejo,Produto_95,12,27123.979103338024,15311.53153487737,11812.447568460657,2023,10,October,4,Monday,43.55,2260.33,Lucrativo
2023-10-30 08:10:56.902761104,PR,Loja Física,Móveis,Varejo,Produto_91,3,3172.033098970666,2090.6798286545304,1081.3532703161354,2023,10,October,4,Monday,34.09,1057.34,Lucrativo
2023-10-30 08:10:56.902761104,BA,Online,Informática,Corporativo,Produto_56,8,9338.97063003865,7915.145760647186,1423.8248693914638,2023,10,October,4,Monday,15.25,1167.37,Lucrativo
2023-10-30 15:11:35.798319328,BA,Representante,Móveis,Distribuidor,Produto_2,10,9043.145323910036,7313.797964143934,1729.3473597661032,2023,10,October,4,Monday,19.12,904.31,Lucrativo
2023-10-30 15:11:35.798319328,RS,Marketplace,Eletrônicos,Distribuidor,Produto_46,9,20636.79432121141,14711.898878741518,5924.895442469893,2023,10,October,4,Monday,28.71,2292.98,Lucrativo
2023-10-30 15:11:35.798319328,ES,Marketplace,Eletrônicos,Corporativo,Produto_67,5,800.4592925458963,461.7957022828622,338.66359026303417,2023,10,October,4,Monday,42.31,160.09,Lucrativo
2023-10-30 15:11:35.798319328,ES,Marketplace,Informática,Varejo,Produto_51,8,3631.1921225523824,2706.363762372352,924.8283601800304,2023,10,October,4,Monday,25.47,453.9,Lucrativo
2023-10-30 22:12:14.693877552,ES,Online,Serviços,Distribuidor,Produto_44,4,4787.501426458282,2844.144045099172,1943.35738135911,2023,10,October,4,Monday,40.59,1196.88,Lucrativo
2023-11-01 16:16:08.067226892,ES,Marketplace,Acessórios,Varejo,Produto_94,9,19385.995039287653,12115.410065242302,7270.5849740453505,2023,11,November,4,Wednesday,37.5,2154.0,Lucrativo
2023-11-01 16:16:08.067226892,RJ,Online,Eletrônicos,Corporativo,Produto_87,14,1245.1433847021233,1042.3559197650325,202.7874649370908,2023,11,November,4,Wednesday,16.29,88.94,Lucrativo
2023-11-01 16:16:08.067226892,RJ,Online,Eletrônicos,Corporativo,Produto_63,1,2377.252510385908,1487.5012766384043,889.7512337475036,2023,11,November,4,Wednesday,37.43,2377.25,Lucrativo
2023-11-02 06:17:25.858343336,RJ,Loja Física,Informática,Corporativo,Produto_90,3,4817.17401273391,2695.409540559908,2121.764472174002,2023,11,November,4,Thursday,44.05,1605.72,Lucrativo
2023-11-02 06:17:25.858343336,RJ,Online,Móveis,Corporativo,Produto_31,6,1924.112154970474,1078.1726838530208,845.9394711174532,2023,11,November,4,Thursday,43.97,320.69,Lucrativo
2023-11-03 03:19:22.545018008,ES,Marketplace,Informática,Varejo,Produto_102,2,4513.556469607519,3724.4354300261,789.1210395814187,2023,11,November,4,Friday,17.48,2256.78,Lucrativo
2023-11-03 17:20:40.336134452,RJ,Marketplace,Eletrônicos,Corporativo,Produto_63,10,10207.393539803632,8380.474981716547,1826.918558087085,2023,11,November,4,Friday,17.9,1020.74,Lucrativo
2023-11-04 00:21:19.231692676,RJ,Representante,Móveis,Distribuidor,Produto_32,8,18860.75098288615,14576.78455961822,4283.966423267932,2023,11,November,4,Saturday,22.71,2357.59,Lucrativo
2023-11-04 14:22:37.022809124,SC,Representante,Informática,Distribuidor,Produto_75,7,10318.203314254082,7071.584509579283,3246.6188046748,2023,11,November,4,Saturday,31.46,1474.03,Lucrativo
2023-11-04 14:22:37.022809124,SP,Loja Física,Eletrônicos,Varejo,Produto_84,10,7580.655200994355,5941.821579592772,1638.8336214015835,2023,11,November,4,Saturday,21.62,758.07,Lucrativo
2023-11-04 14:22:37.022809124,SP,Marketplace,Informática,Corporativo,Produto_109,12,22595.47091163235,18652.79836402816,3942.67254760419,2023,11,November,4,Saturday,17.45,1882.96,Lucrativo
2023-11-04 21:23:15.918367348,RJ,Representante,Acessórios,Distribuidor,Produto_75,1,540.0398401012749,388.46193174933205,151.57790835194282,2023,11,November,4,Saturday,28.07,540.04,Lucrativo
2023-11-06 01:25:51.500600240,MG,Online,Móveis,Corporativo,Produto_44,13,12379.409865427102,9978.632646536022,2400.7772188910803,2023,11,November,4,Monday,19.39,952.26,Lucrativo
2023-11-06 01:25:51.500600240,RS,Marketplace,Eletrônicos,Corporativo,Produto_61,9,11871.127172226628,7688.214784607611,4182.912387619017,2023,11,November,4,Monday,35.24,1319.01,Lucrativo
2023-11-06 01:25:51.500600240,SC,Representante,Eletrônicos,Distribuidor,Produto_105,3,4673.987881198067,2914.446021407792,1759.541859790275,2023,11,November,4,Monday,37.65,1558.0,Lucrativo
2023-11-07 05:28:27.082833132,PR,Loja Física,Móveis,Distribuidor,Produto_11,4,9827.752918169102,5492.515692116596,4335.237226052506,2023,11,November,4,Tuesday,44.11,2456.94,Lucrativo
2023-11-07 05:28:27.082833132,SC,Representante,Eletrônicos,Distribuidor,Produto_105,8,1067.2723215251876,849.3153644883969,217.95695703679075,2023,11,November,4,Tuesday,20.42,133.41,Lucrativo
2023-11-07 19:29:44.873949580,MG,Online,Serviços,Distribuidor,Produto_1,9,15212.050457809786,9932.752706434789,5279.2977513749975,2023,11,November,4,Tuesday,34.7,1690.23,Lucrativo
2023-11-07 19:29:44.873949580,BA,Online,Eletrônicos,Corporativo,Produto_48,3,1661.19615493763,1271.1348781575489,390.0612767800815,2023,11,November,4,Tuesday,23.48,553.73,Lucrativo
2023-11-07 19:29:44.873949580,MG,Representante,Eletrônicos,Varejo,Produto_3,6,11782.417639272506,8501.999439617188,3280.418199655318,2023,11,November,4,Tuesday,27.84,1963.74,Lucrativo
2023-11-08 16:31:41.560624248,BA,Online,Móveis,Varejo,Produto_8,11,14510.16296588795,10123.010140082688,4387.152825805262,2023,11,November,4,Wednesday,30.24,1319.11,Lucrativo
2023-11-08 16:31:41.560624248,BA,Loja Física,Acessórios,Varejo,Produto_101,14,17296.444314968277,11520.916142866652,5775.528172101625,2023,11,November,4,Wednesday,33.39,1235.46,Lucrativo
2023-11-08 16:31:41.560624248,SP,Loja Física,Móveis,Distribuidor,Produto_118,4,3930.8162496379705,2987.6086657836627,943.2075838543078,2023,11,November,4,Wednesday,24.0,982.7,Lucrativo
2023-11-08 23:32:20.456182472,BA,Marketplace,Acessórios,Distribuidor,Produto_2,14,33111.3063560331,23659.41993882224,9451.88641721086,2023,11,November,4,Wednesday,28.55,2365.09,Lucrativo
2023-11-09 13:33:38.247298920,ES,Representante,Informática,Varejo,Produto_59,7,9170.60399050413,5120.787952609885,4049.8160378942457,2023,11,November,4,Thursday,44.16,1310.09,Lucrativo
2023-11-09 13:33:38.247298920,PR,Loja Física,Móveis,Corporativo,Produto_27,4,7313.360226516271,5450.150192175149,1863.210034341122,2023,11,November,4,Thursday,25.48,1828.34,Lucrativo
2023-11-09 13:33:38.247298920,RJ,Representante,Eletrônicos,Distribuidor,Produto_118,7,13834.741570027363,8561.2645470539,5273.477022973466,2023,11,November,4,Thursday,38.12,1976.39,Lucrativo
2023-11-09 20:34:17.142857144,ES,Loja Física,Móveis,Distribuidor,Produto_97,2,2436.5297391857525,1792.6719005738628,643.8578386118897,2023,11,November,4,Thursday,26.43,1218.26,Lucrativo
2023-11-10 03:34:56.038415364,RS,Online,Móveis,Corporativo,Produto_39,6,996.7590955881104,826.1609125201139,170.59818306799662,2023,11,November,4,Friday,17.12,166.13,Lucrativo
2023-11-10 03:34:56.038415364,RJ,Online,Acessórios,Distribuidor,Produto_81,4,3797.334517301339,2900.3350766569897,896.9994406443493,2023,11,November,4,Friday,23.62,949.33,Lucrativo
2023-11-11 07:37:31.620648260,RS,Loja Física,Eletrônicos,Varejo,Produto_21,6,10082.452587518304,6460.411775583792,3622.040811934511,2023,11,November,4,Saturday,35.92,1680.41,Lucrativo
2023-11-11 21:38:49.411764704,PR,Online,Acessórios,Corporativo,Produto_36,8,2947.420557728726,1904.9297939335652,1042.4907637951612,2023,11,November,4,Saturday,35.37,368.43,Lucrativo
2023-11-12 04:39:28.307322928,RS,Online,Serviços,Corporativo,Produto_93,12,20690.086669638287,12762.31254927213,7927.774120366157,2023,11,November,4,Sunday,38.32,1724.17,Lucrativo
2023-11-12 11:40:07.202881152,RS,Representante,Informática,Corporativo,Produto_47,12,13655.496047763616,9848.7354633609,3806.7605844027166,2023,11,November,4,Sunday,27.88,1137.96,Lucrativo
2023-11-12 11:40:07.202881152,MG,Loja Física,Serviços,Corporativo,Produto_117,9,21925.275702039697,17810.25469506796,4115.021006971736,2023,11,November,4,Sunday,18.77,2436.14,Lucrativo
2023-11-13 01:41:24.993997600,ES,Online,Eletrônicos,Distribuidor,Produto_74,5,675.6885012420639,548.7352486558516,126.95325258621232,2023,11,November,4,Monday,18.79,135.14,Lucrativo
2023-11-13 01:41:24.993997600,RS,Representante,Eletrônicos,Distribuidor,Produto_69,7,5778.457775895182,4797.685524973733,980.7722509214492,2023,11,November,4,Monday,16.97,825.49,Lucrativo
2023-11-13 01:41:24.993997600,MG,Representante,Informática,Corporativo,Produto_75,4,7634.648322354375,4680.71560737139,2953.932714982984,2023,11,November,4,Monday,38.69,1908.66,Lucrativo
2023-11-13 01:41:24.993997600,RJ,Loja Física,Eletrônicos,Distribuidor,Produto_59,13,21505.739905966893,14809.593948568756,6696.145957398137,2023,11,November,4,Monday,31.14,1654.29,Lucrativo
2023-11-13 08:42:03.889555824,SP,Online,Serviços,Varejo,Produto_48,1,942.5123489502683,777.7165440501277,164.79580490014075,2023,11,November,4,Monday,17.48,942.51,Lucrativo
2023-11-13 22:43:21.680672268,MG,Representante,Móveis,Distribuidor,Produto_27,6,4706.023425397596,3417.829141415039,1288.194283982557,2023,11,November,4,Monday,27.37,784.34,Lucrativo
2023-11-13 22:43:21.680672268,SC,Marketplace,Informática,Corporativo,Produto_92,4,7919.478450449688,4425.624877607441,3493.853572842248,2023,11,November,4,Monday,44.12,1979.87,Lucrativo
2023-11-14 19:45:18.367346940,RS,Online,Serviços,Varejo,Produto_12,5,4211.985102697136,3053.7606394017407,1158.2244632953957,2023,11,November,4,Tuesday,27.5,842.4,Lucrativo
2023-11-14 19:45:18.367346940,PR,Online,Serviços,Corporativo,Produto_79,5,2048.261992868851,1294.655773361177,753.6062195076743,2023,11,November,4,Tuesday,36.79,409.65,Lucrativo
2023-11-14 19:45:18.367346940,RJ,Representante,Eletrônicos,Distribuidor,Produto_57,5,5166.513051921847,3897.731719365101,1268.7813325567463,2023,11,November,4,Tuesday,24.56,1033.3,Lucrativo
2023-11-15 02:45:57.262905160,SC,Loja Física,Serviços,Varejo,Produto_78,14,30623.771953493877,22677.82678266189,7945.945170831983,2023,11,November,4,Wednesday,25.95,2187.41,Lucrativo
2023-11-15 02:45:57.262905160,RJ,Representante,Serviços,Distribuidor,Produto_72,6,743.3721611505325,440.6256301161396,302.74653103439294,2023,11,November,4,Wednesday,40.73,123.9,Lucrativo
2023-11-15 16:47:15.054021608,MG,Representante,Móveis,Corporativo,Produto_96,11,701.8567782655153,573.9139498752036,127.94282839031176,2023,11,November,4,Wednesday,18.23,63.81,Lucrativo
2023-11-15 16:47:15.054021608,BA,Loja Física,Eletrônicos,Corporativo,Produto_114,10,9157.5517587729,6776.854804870435,2380.696953902466,2023,11,November,4,Wednesday,26.0,915.76,Lucrativo
2023-11-15 16:47:15.054021608,BA,Marketplace,Informática,Varejo,Produto_54,14,31017.50374765989,22734.579136490207,8282.924611169688,2023,11,November,4,Wednesday,26.7,2215.54,Lucrativo
2023-11-15 23:47:53.949579832,SC,Loja Física,Móveis,Corporativo,Produto_72,14,21043.768296538143,15459.822392827802,5583.945903710344,2023,11,November,4,Wednesday,26.53,1503.13,Lucrativo
2023-11-16 06:48:32.845138056,SC,Online,Informática,Corporativo,Produto_70,4,3530.3048417998,2653.131367999412,877.1734738003879,2023,11,November,4,Thursday,24.85,882.58,Lucrativo
2023-11-16 06:48:32.845138056,PR,Marketplace,Eletrônicos,Corporativo,Produto_118,11,27030.105205777265,16814.716671673268,10215.388534103997,2023,11,November,4,Thursday,37.79,2457.28,Lucrativo
2023-11-16 06:48:32.845138056,SP,Loja Física,Serviços,Varejo,Produto_95,7,6057.014864743441,3977.041077196348,2079.9737875470933,2023,11,November,4,Thursday,34.34,865.29,Lucrativo
2023-11-17 03:50:29.531812724,SP,Loja Física,Móveis,Varejo,Produto_100,3,386.3941910813194,223.371196831206,163.0229942501134,2023,11,November,4,Friday,42.19,128.8,Lucrativo
2023-11-17 17:51:47.322929172,BA,Representante,Serviços,Varejo,Produto_43,14,31565.867555590517,24494.770296752788,7071.097258837726,2023,11,November,4,Friday,22.4,2254.7,Lucrativo
2023-11-17 17:51:47.322929172,RJ,Online,Serviços,Corporativo,Produto_37,4,2655.0320370061354,1994.7973942553847,660.2346427507503,2023,11,November,4,Friday,24.87,663.76,Lucrativo
2023-11-17 17:51:47.322929172,MG,Online,Acessórios,Distribuidor,Produto_77,1,1705.575875152249,1096.2799080841926,609.2959670680564,2023,11,November,4,Friday,35.72,1705.58,Lucrativo
2023-11-18 00:52:26.218487396,RS,Marketplace,Acessórios,Varejo,Produto_99,9,17397.082551627238,10658.709355560375,6738.373196066863,2023,11,November,4,Saturday,38.73,1933.01,Lucrativo
2023-11-18 00:52:26.218487396,RJ,Online,Serviços,Distribuidor,Produto_116,8,6489.102715874154,5358.59176804891,1130.5109478252434,2023,11,November,4,Saturday,17.42,811.14,Lucrativo
2023-11-18 07:53:05.114045616,SP,Online,Eletrônicos,Corporativo,Produto_53,4,4839.662051690197,3428.284761874704,1411.3772898154923,2023,11,November,4,Saturday,29.16,1209.92,Lucrativo
2023-11-18 21:54:22.905162064,RJ,Online,Eletrônicos,Distribuidor,Produto_12,14,3559.8504074229504,2240.1354142312134,1319.714993191737,2023,11,November,4,Saturday,37.07,254.28,Lucrativo
2023-11-19 11:55:40.696278512,RJ,Loja Física,Serviços,Corporativo,Produto_79,9,14703.794244723673,12320.686075311036,2383.108169412635,2023,11,November,4,Sunday,16.21,1633.75,Lucrativo
2023-11-19 11:55:40.696278512,PR,Representante,Acessórios,Distribuidor,Produto_25,3,4481.949894367428,3770.584152455605,711.3657419118226,2023,11,November,4,Sunday,15.87,1493.98,Lucrativo
2023-11-19 18:56:19.591836736,BA,Loja Física,Informática,Corporativo,Produto_1,11,9886.862732895475,7428.552020496186,2458.310712399292,2023,11,November,4,Sunday,24.86,898.81,Lucrativo
2023-11-19 18:56:19.591836736,SC,Representante,Eletrônicos,Distribuidor,Produto_19,6,4313.276334438467,2400.8203366239995,1912.455997814467,2023,11,November,4,Sunday,44.34,718.88,Lucrativo
2023-11-20 01:56:58.487394956,MG,Marketplace,Acessórios,Varejo,Produto_20,8,12660.906218560784,8818.695414015267,3842.210804545517,2023,11,November,4,Monday,30.35,1582.61,Lucrativo
2023-11-20 08:57:37.382953180,RS,Marketplace,Eletrônicos,Distribuidor,Produto_62,9,7590.912048581921,5287.11871804202,2303.793330539901,2023,11,November,4,Monday,30.35,843.43,Lucrativo
2023-11-20 08:57:37.382953180,BA,Online,Acessórios,Distribuidor,Produto_4,4,6998.101386717809,4183.314607900627,2814.7867788171816,2023,11,November,4,Monday,40.22,1749.53,Lucrativo
2023-11-20 08:57:37.382953180,PR,Marketplace,Serviços,Corporativo,Produto_117,1,993.1296656249406,634.1812959229336,358.94836970200697,2023,11,November,4,Monday,36.14,993.13,Lucrativo
2023-11-20 08:57:37.382953180,RS,Representante,Móveis,Corporativo,Produto_32,2,4355.466636842605,2762.642740625796,1592.823896216809,2023,11,November,4,Monday,36.57,2177.73,Lucrativo
2023-11-21 05:59:34.069627852,BA,Loja Física,Móveis,Distribuidor,Produto_87,10,4997.299501209509,4068.3559339206377,928.9435672888712,2023,11,November,4,Tuesday,18.59,499.73,Lucrativo
2023-11-21 13:00:12.965186076,RS,Loja Física,Eletrônicos,Corporativo,Produto_82,1,2428.962699917123,1781.1391445642778,647.823555352845,2023,11,November,4,Tuesday,26.67,2428.96,Lucrativo
2023-11-21 13:00:12.965186076,BA,Loja Física,Serviços,Corporativo,Produto_70,10,4463.44723142523,2755.855660822564,1707.5915706026658,2023,11,November,4,Tuesday,38.26,446.34,Lucrativo
2023-11-21 20:00:51.860744296,MG,Online,Serviços,Distribuidor,Produto_23,13,7002.174733871056,5316.344096115813,1685.8306377552426,2023,11,November,4,Tuesday,24.08,538.63,Lucrativo
2023-11-22 03:01:30.756302520,BA,Marketplace,Informática,Distribuidor,Produto_81,9,21701.242767669388,18434.32366385017,3266.9191038192184,2023,11,November,4,Wednesday,15.05,2411.25,Lucrativo
2023-11-22 10:02:09.651860744,ES,Marketplace,Serviços,Varejo,Produto_83,10,16837.488878651682,10244.95068464699,6592.538194004692,2023,11,November,4,Wednesday,39.15,1683.75,Lucrativo
2023-11-23 00:03:27.442977192,MG,Loja Física,Eletrônicos,Corporativo,Produto_41,12,17845.728376301988,11934.823789075295,5910.904587226691,2023,11,November,4,Thursday,33.12,1487.14,Lucrativo
2023-11-24 04:06:03.025210084,SC,Loja Física,Serviços,Distribuidor,Produto_51,8,2786.6210009514825,2063.133802223105,723.4871987283777,2023,11,November,4,Friday,25.96,348.33,Lucrativo
2023-11-24 18:07:20.816326532,SC,Online,Informática,Distribuidor,Produto_105,9,18750.563076893817,15370.52339097063,3380.039685923188,2023,11,November,4,Friday,18.03,2083.4,Lucrativo
2023-11-25 01:07:59.711884752,PR,Marketplace,Eletrônicos,Corporativo,Produto_1,10,7465.832330968141,4815.740495869686,2650.091835098455,2023,11,November,4,Saturday,35.5,746.58,Lucrativo
2023-11-25 08:08:38.607442976,MG,Online,Móveis,Corporativo,Produto_19,4,6500.263346914278,4371.57814322305,2128.6852036912287,2023,11,November,4,Saturday,32.75,1625.07,Lucrativo
2023-11-25 08:08:38.607442976,SP,Online,Informática,Corporativo,Produto_46,1,986.1814180483206,618.3081042786052,367.8733137697153,2023,11,November,4,Saturday,37.3,986.18,Lucrativo
2023-11-25 08:08:38.607442976,PR,Representante,Informática,Varejo,Produto_51,5,11713.561956669106,8110.39670228605,3603.165254383056,2023,11,November,4,Saturday,30.76,2342.71,Lucrativo
2023-11-25 15:09:17.503001200,RJ,Representante,Informática,Varejo,Produto_24,7,576.9164381705525,427.8048470900585,149.111591080494,2023,11,November,4,Saturday,25.85,82.42,Lucrativo
2023-11-25 15:09:17.503001200,RS,Representante,Móveis,Varejo,Produto_26,12,3636.827946047708,2414.40742328894,1222.4205227587677,2023,11,November,4,Saturday,33.61,303.07,Lucrativo
2023-11-25 22:09:56.398559424,BA,Representante,Serviços,Distribuidor,Produto_24,1,1145.300811075018,799.6584725733946,345.64233850162327,2023,11,November,4,Saturday,30.18,1145.3,Lucrativo
2023-11-26 05:10:35.294117648,BA,Marketplace,Acessórios,Distribuidor,Produto_84,8,13804.125879546897,9676.877021980066,4127.2488575668285,2023,11,November,4,Sunday,29.9,1725.52,Lucrativo
2023-11-26 05:10:35.294117648,SC,Marketplace,Eletrônicos,Distribuidor,Produto_94,4,509.4939190349221,351.2748918489487,158.21902718597337,2023,11,November,4,Sunday,31.05,127.37,Lucrativo
2023-11-27 02:12:31.980792316,SC,Marketplace,Acessórios,Varejo,Produto_5,5,6327.490753232698,5329.558564775807,997.9321884568908,2023,11,November,4,Monday,15.77,1265.5,Lucrativo
2023-11-27 16:13:49.771908764,BA,Online,Informática,Distribuidor,Produto_41,1,215.5045632949592,128.2921288423198,87.2124344526394,2023,11,November,4,Monday,40.47,215.5,Lucrativo
2023-11-27 16:13:49.771908764,RJ,Representante,Eletrônicos,Varejo,Produto_49,14,16432.06616160298,11335.535044048149,5096.53111755483,2023,11,November,4,Monday,31.02,1173.72,Lucrativo
2023-11-27 16:13:49.771908764,SC,Loja Física,Eletrônicos,Varejo,Produto_74,12,9305.181737253111,7053.409498694542,2251.7722385585694,2023,11,November,4,Monday,24.2,775.43,Lucrativo
2023-11-27 23:14:28.667466988,RJ,Loja Física,Eletrônicos,Distribuidor,Produto_86,14,5179.949069239344,3931.232539826566,1248.7165294127776,2023,11,November,4,Monday,24.11,370.0,Lucrativo
2023-11-28 06:15:07.563025208,PR,Loja Física,Acessórios,Varejo,Produto_25,1,1612.1847656183468,1054.9899444849386,557.1948211334081,2023,11,November,4,Tuesday,34.56,1612.18,Lucrativo
2023-11-28 06:15:07.563025208,ES,Marketplace,Eletrônicos,Distribuidor,Produto_80,7,3305.1480096512605,1957.4407701878724,1347.707239463388,2023,11,November,4,Tuesday,40.78,472.16,Lucrativo
2023-11-28 06:15:07.563025208,SC,Marketplace,Eletrônicos,Corporativo,Produto_42,4,5705.203434935022,4739.321387382036,965.8820475529864,2023,11,November,4,Tuesday,16.93,1426.3,Lucrativo
2023-11-28 06:15:07.563025208,BA,Online,Eletrônicos,Varejo,Produto_39,14,16218.503182531964,12339.913217546533,3878.5899649854327,2023,11,November,4,Tuesday,23.91,1158.46,Lucrativo
2023-11-28 13:15:46.458583432,SC,Representante,Acessórios,Corporativo,Produto_59,1,2258.588211554533,1560.908114250358,697.6800973041748,2023,11,November,4,Tuesday,30.89,2258.59,Lucrativo
2023-11-28 20:16:25.354141656,BA,Loja Física,Eletrônicos,Distribuidor,Produto_23,11,9514.853772255234,7515.57865353936,1999.2751187158735,2023,11,November,4,Tuesday,21.01,864.99,Lucrativo
2023-11-28 20:16:25.354141656,BA,Marketplace,Eletrônicos,Corporativo,Produto_94,1,840.5369368988121,497.80444157434647,342.7324953244656,2023,11,November,4,Tuesday,40.78,840.54,Lucrativo
2023-11-29 03:17:04.249699880,SC,Marketplace,Acessórios,Varejo,Produto_115,6,3418.7705650861294,2791.444672588531,627.3258924975985,2023,11,November,4,Wednesday,18.35,569.8,Lucrativo
2023-11-29 10:17:43.145258104,SC,Loja Física,Serviços,Distribuidor,Produto_50,2,1029.0179018657946,673.1661935056272,355.8517083601673,2023,11,November,4,Wednesday,34.58,514.51,Lucrativo
2023-11-30 00:19:00.936374548,RS,Loja Física,Serviços,Corporativo,Produto_113,12,1726.2395250860438,998.9370445842349,727.302480501809,2023,11,November,4,Thursday,42.13,143.85,Lucrativo
2023-11-30 00:19:00.936374548,PR,Marketplace,Serviços,Corporativo,Produto_7,7,12612.283766595354,8161.596296201624,4450.68747039373,2023,11,November,4,Thursday,35.29,1801.75,Lucrativo
2023-11-30 07:19:39.831932772,RJ,Marketplace,Serviços,Varejo,Produto_17,5,10253.051263651174,8411.57262313353,1841.478640517644,2023,11,November,4,Thursday,17.96,2050.61,Lucrativo
2023-11-30 07:19:39.831932772,MG,Online,Informática,Distribuidor,Produto_38,14,30101.97146733152,17112.966630892144,12989.004836439372,2023,11,November,4,Thursday,43.15,2150.14,Lucrativo
2023-11-30 14:20:18.727490996,ES,Representante,Móveis,Varejo,Produto_63,13,2939.2268306196893,2368.5770347168827,570.6497959028065,2023,11,November,4,Thursday,19.41,226.09,Lucrativo
2023-11-30 21:20:57.623049220,SP,Marketplace,Móveis,Distribuidor,Produto_77,8,18039.047516565955,12169.466680494215,5869.58083607174,2023,11,November,4,Thursday,32.54,2254.88,Lucrativo
2023-12-01 11:22:15.414165664,MG,Online,Serviços,Distribuidor,Produto_29,2,1880.4014439777377,1106.638287258013,773.7631567197247,2023,12,December,4,Friday,41.15,940.2,Lucrativo
2023-12-01 18:22:54.309723888,RS,Representante,Serviços,Corporativo,Produto_118,2,4945.304400622458,2767.58649442203,2177.7179062004284,2023,12,December,4,Friday,44.04,2472.65,Lucrativo
2023-12-02 01:23:33.205282112,RS,Representante,Eletrônicos,Distribuidor,Produto_66,14,19852.84959007351,12147.7113874289,7705.13820264461,2023,12,December,4,Saturday,38.81,1418.06,Lucrativo
2023-12-02 01:23:33.205282112,RJ,Representante,Serviços,Distribuidor,Produto_20,2,4202.720309386576,3364.108349827824,838.6119595587525,2023,12,December,4,Saturday,19.95,2101.36,Lucrativo
2023-12-02 22:25:29.891956784,SC,Loja Física,Móveis,Corporativo,Produto_79,8,17802.876031235086,11441.483023388811,6361.3930078462745,2023,12,December,4,Saturday,35.73,2225.36,Lucrativo
2023-12-03 05:26:08.787515004,ES,Loja Física,Serviços,Corporativo,Produto_16,10,24751.11385791144,18223.84481432987,6527.269043581568,2023,12,December,4,Sunday,26.37,2475.11,Lucrativo
2023-12-03 12:26:47.683073228,SP,Online,Móveis,Distribuidor,Produto_118,8,16894.153966750204,11902.237316732926,4991.916650017278,2023,12,December,4,Sunday,29.55,2111.77,Lucrativo
2023-12-03 12:26:47.683073228,SC,Loja Física,Informática,Corporativo,Produto_47,1,2181.0079263009297,1829.4754098754795,351.53251642545047,2023,12,December,4,Sunday,16.12,2181.01,Lucrativo
2023-12-03 12:26:47.683073228,BA,Loja Física,Informática,Corporativo,Produto_111,5,4500.346676399927,3073.340761025132,1427.0059153747948,2023,12,December,4,Sunday,31.71,900.07,Lucrativo
2023-12-03 19:27:26.578631452,ES,Loja Física,Acessórios,Corporativo,Produto_52,2,4228.142387187668,2497.2998063754594,1730.8425808122083,2023,12,December,4,Sunday,40.94,2114.07,Lucrativo
2023-12-04 02:28:05.474189676,SC,Online,Informática,Varejo,Produto_3,6,1865.7210643674807,1412.0951581644133,453.6259062030679,2023,12,December,4,Monday,24.31,310.95,Lucrativo
2023-12-04 09:28:44.369747900,PR,Online,Informática,Varejo,Produto_35,14,7450.643006488535,4184.589250246077,3266.053756242458,2023,12,December,4,Monday,43.84,532.19,Lucrativo
2023-12-04 16:29:23.265306124,ES,Representante,Serviços,Distribuidor,Produto_94,5,5485.929329025596,4508.121300533302,977.8080284922936,2023,12,December,4,Monday,17.82,1097.19,Lucrativo
2023-12-04 23:30:02.160864344,RS,Marketplace,Eletrônicos,Corporativo,Produto_98,10,23698.95262088003,16425.372695552123,7273.579925327907,2023,12,December,4,Monday,30.69,2369.9,Lucrativo
2023-12-05 13:31:19.951980792,PR,Online,Móveis,Corporativo,Produto_97,14,10476.114287603192,5880.533576732079,4595.580710871113,2023,12,December,4,Tuesday,43.87,748.29,Lucrativo
2023-12-05 13:31:19.951980792,SP,Representante,Eletrônicos,Corporativo,Produto_101,9,11531.601838206216,8324.271065988396,3207.33077221782,2023,12,December,4,Tuesday,27.81,1281.29,Lucrativo
2023-12-06 10:33:16.638655460,MG,Marketplace,Móveis,Distribuidor,Produto_91,4,4415.1590813553685,3064.6463647353976,1350.512716619971,2023,12,December,4,Wednesday,30.59,1103.79,Lucrativo
2023-12-06 10:33:16.638655460,MG,Online,Acessórios,Varejo,Produto_37,1,2132.597644733324,1432.2583301002214,700.3393146331027,2023,12,December,4,Wednesday,32.84,2132.6,Lucrativo
2023-12-07 00:34:34.429771908,PR,Loja Física,Móveis,Varejo,Produto_54,13,23104.88811057165,15968.303085056708,7136.585025514942,2023,12,December,4,Thursday,30.89,1777.3,Lucrativo
2023-12-07 00:34:34.429771908,ES,Loja Física,Informática,Corporativo,Produto_13,7,3295.1894437670567,1900.6136120968456,1394.575831670211,2023,12,December,4,Thursday,42.32,470.74,Lucrativo
2023-12-07 21:36:31.116446580,SP,Loja Física,Serviços,Corporativo,Produto_108,4,4179.547665196928,2849.2101709732456,1330.337494223682,2023,12,December,4,Thursday,31.83,1044.89,Lucrativo
2023-12-08 11:37:48.907563024,BA,Loja Física,Serviços,Corporativo,Produto_113,11,16264.552670800053,13606.694764107986,2657.8579066920665,2023,12,December,4,Friday,16.34,1478.6,Lucrativo
2023-12-09 01:39:06.698679472,MG,Representante,Informática,Distribuidor,Produto_36,6,14557.40272566192,9849.12622733777,4708.27649832415,2023,12,December,4,Saturday,32.34,2426.23,Lucrativo
2023-12-10 19:43:00.072028812,RS,Loja Física,Informática,Corporativo,Produto_1,7,15040.208125462608,11548.89058574679,3491.317539715817,2023,12,December,4,Sunday,23.21,2148.6,Lucrativo
2023-12-10 19:43:00.072028812,SP,Online,Informática,Varejo,Produto_52,8,6160.245630706609,3809.66012667219,2350.5855040344186,2023,12,December,4,Sunday,38.16,770.03,Lucrativo
2023-12-10 19:43:00.072028812,SC,Representante,Informática,Distribuidor,Produto_38,8,13969.78883223058,11567.496935383364,2402.291896847215,2023,12,December,4,Sunday,17.2,1746.22,Lucrativo
2023-12-11 02:43:38.967587036,PR,Loja Física,Móveis,Corporativo,Produto_49,4,1376.8889244012016,887.6310548960001,489.2578695052015,2023,12,December,4,Monday,35.53,344.22,Lucrativo
2023-12-11 09:44:17.863145256,RJ,Representante,Móveis,Varejo,Produto_92,4,6037.67023106653,3910.72644416816,2126.94378689837,2023,12,December,4,Monday,35.23,1509.42,Lucrativo
2023-12-11 09:44:17.863145256,SP,Loja Física,Eletrônicos,Varejo,Produto_47,1,1086.031783538837,640.0106584184787,446.02112512035865,2023,12,December,4,Monday,41.07,1086.03,Lucrativo
2023-12-11 09:44:17.863145256,SC,Online,Informática,Distribuidor,Produto_93,9,12363.488050925678,9618.077513092803,2745.410537832875,2023,12,December,4,Monday,22.21,1373.72,Lucrativo
2023-12-11 16:44:56.758703480,SP,Representante,Informática,Distribuidor,Produto_22,3,6338.394639974862,4387.558879417507,1950.835760557355,2023,12,December,4,Monday,30.78,2112.8,Lucrativo
2023-12-12 20:47:32.340936376,ES,Marketplace,Acessórios,Distribuidor,Produto_19,6,10953.152844683806,8606.989122292118,2346.163722391688,2023,12,December,4,Tuesday,21.42,1825.53,Lucrativo
2023-12-12 20:47:32.340936376,RS,Loja Física,Informática,Corporativo,Produto_62,7,15594.365300537727,12270.2162293166,3324.149071221127,2023,12,December,4,Tuesday,21.32,2227.77,Lucrativo
2023-12-12 20:47:32.340936376,BA,Representante,Móveis,Corporativo,Produto_107,3,3248.9047797280605,1943.2090640469771,1305.6957156810831,2023,12,December,4,Tuesday,40.19,1082.97,Lucrativo
2023-12-13 03:48:11.236494596,SC,Marketplace,Acessórios,Corporativo,Produto_86,1,234.13848507830787,190.2840628536302,43.85442222467768,2023,12,December,4,Wednesday,18.73,234.14,Lucrativo
2023-12-13 17:49:29.027611044,MG,Loja Física,Acessórios,Varejo,Produto_12,14,5951.415914598838,4252.821900893594,1698.594013705244,2023,12,December,4,Wednesday,28.54,425.1,Lucrativo
2023-12-14 07:50:46.818727492,MG,Representante,Serviços,Distribuidor,Produto_56,3,3902.285936406567,2822.101680033342,1080.1842563732248,2023,12,December,4,Thursday,27.68,1300.76,Lucrativo
2023-12-14 14:51:25.714285712,RJ,Loja Física,Acessórios,Distribuidor,Produto_116,12,1161.47107473421,712.6294873842832,448.84158734992695,2023,12,December,4,Thursday,38.64,96.79,Lucrativo
2023-12-14 21:52:04.609843936,ES,Loja Física,Serviços,Distribuidor,Produto_14,1,1066.094959106843,790.9287420593258,275.1662170475171,2023,12,December,4,Thursday,25.81,1066.09,Lucrativo
2023-12-16 01:54:40.192076832,SC,Loja Física,Informática,Corporativo,Produto_44,12,23033.98175063343,18844.934947656555,4189.0468029768745,2023,12,December,4,Saturday,18.19,1919.5,Lucrativo
2023-12-16 01:54:40.192076832,MG,Loja Física,Acessórios,Distribuidor,Produto_105,8,12094.171545717209,9635.029780546078,2459.141765171129,2023,12,December,4,Saturday,20.33,1511.77,Lucrativo
2023-12-16 08:55:19.087635052,RJ,Marketplace,Acessórios,Varejo,Produto_20,6,3434.2486762041235,2677.5442605003045,756.704415703819,2023,12,December,4,Saturday,22.03,572.37,Lucrativo
2023-12-16 08:55:19.087635052,RS,Online,Móveis,Corporativo,Produto_83,9,2329.9438532427766,1306.0630811970495,1023.8807720457272,2023,12,December,4,Saturday,43.94,258.88,Lucrativo
2023-12-16 22:56:36.878751500,RS,Online,Acessórios,Corporativo,Produto_8,12,1999.88769057422,1328.9383531068847,670.949337467335,2023,12,December,4,Saturday,33.55,166.66,Lucrativo
2023-12-17 12:57:54.669867948,BA,Loja Física,Acessórios,Corporativo,Produto_26,3,1161.646635604027,889.0945044060842,272.55213119794314,2023,12,December,4,Sunday,23.46,387.22,Lucrativo
2023-12-17 19:58:33.565426172,SC,Loja Física,Móveis,Varejo,Produto_50,6,7913.235261412205,5379.617224833494,2533.6180365787104,2023,12,December,4,Sunday,32.02,1318.87,Lucrativo
2023-12-18 09:59:51.356542616,PR,Marketplace,Serviços,Varejo,Produto_36,4,7383.6373056638495,4884.179374991332,2499.4579306725173,2023,12,December,4,Monday,33.85,1845.91,Lucrativo
2023-12-19 00:01:09.147659064,SP,Loja Física,Eletrônicos,Distribuidor,Produto_35,11,19476.94779924116,15885.830952535303,3591.1168467058505,2023,12,December,4,Tuesday,18.44,1770.63,Lucrativo
2023-12-19 00:01:09.147659064,RJ,Loja Física,Móveis,Corporativo,Produto_55,4,9287.85962870531,7201.557525565903,2086.3021031394064,2023,12,December,4,Tuesday,22.46,2321.96,Lucrativo
2023-12-19 07:01:48.043217288,RS,Online,Eletrônicos,Corporativo,Produto_47,14,34915.90400366657,24470.638652643545,10445.265351023025,2023,12,December,4,Tuesday,29.92,2493.99,Lucrativo
2023-12-19 07:01:48.043217288,MG,Marketplace,Móveis,Varejo,Produto_12,14,26578.37159257673,18874.17657792781,7704.195014648918,2023,12,December,4,Tuesday,28.99,1898.46,Lucrativo
2023-12-19 14:02:26.938775508,ES,Loja Física,Informática,Distribuidor,Produto_116,3,3954.437008984264,2446.8299327572386,1507.6070762270256,2023,12,December,4,Tuesday,38.12,1318.15,Lucrativo
2023-12-19 21:03:05.834333732,BA,Loja Física,Informática,Distribuidor,Produto_85,12,13741.396930157687,9937.688802715924,3803.7081274417633,2023,12,December,4,Tuesday,27.68,1145.12,Lucrativo
2023-12-20 18:05:02.521008404,RJ,Marketplace,Informática,Distribuidor,Produto_71,13,22824.94440374397,17249.223282394578,5575.721121349397,2023,12,December,4,Wednesday,24.43,1755.76,Lucrativo
2023-12-21 08:06:20.312124848,SC,Online,Móveis,Varejo,Produto_119,5,12126.042050233056,7298.415573126704,4827.6264771063525,2023,12,December,4,Thursday,39.81,2425.21,Lucrativo
2023-12-21 15:06:59.207683072,MG,Marketplace,Serviços,Distribuidor,Produto_93,4,6545.5760225321255,5150.205741841337,1395.3702806907886,2023,12,December,4,Thursday,21.32,1636.39,Lucrativo
2023-12-22 05:08:16.998799520,SP,Online,Eletrônicos,Varejo,Produto_44,12,22059.39262549549,16935.59036418727,5123.802261308221,2023,12,December,4,Friday,23.23,1838.28,Lucrativo
2023-12-23 23:12:10.372148860,PR,Online,Serviços,Varejo,Produto_118,5,6830.768065732173,5546.648745197598,1284.1193205345753,2023,12,December,4,Saturday,18.8,1366.15,Lucrativo
2023-12-25 03:14:45.954381752,MG,Marketplace,Eletrônicos,Corporativo,Produto_80,13,27712.158540725824,16751.258607321015,10960.89993340481,2023,12,December,4,Monday,39.55,2131.7,Lucrativo
2023-12-25 10:15:24.849939976,SC,Marketplace,Informática,Corporativo,Produto_74,9,17989.780779216904,11687.981333653308,6301.799445563596,2023,12,December,4,Monday,35.03,1998.86,Lucrativo
2023-12-25 17:16:03.745498200,RJ,Online,Móveis,Distribuidor,Produto_93,6,9166.875704046426,5547.546949563584,3619.3287544828418,2023,12,December,4,Monday,39.48,1527.81,Lucrativo
2023-12-25 17:16:03.745498200,MG,Marketplace,Eletrônicos,Distribuidor,Produto_2,8,6159.204330190427,3666.259179273333,2492.945150917093,2023,12,December,4,Monday,40.48,769.9,Lucrativo
2023-12-26 00:16:42.641056424,ES,Marketplace,Eletrônicos,Distribuidor,Produto_14,8,13013.667552345816,9536.333044110304,3477.334508235512,2023,12,December,4,Tuesday,26.72,1626.71,Lucrativo
2023-12-26 07:17:21.536614644,MG,Loja Física,Acessórios,Varejo,Produto_6,9,10717.18387037897,7772.8046441767165,2944.3792262022544,2023,12,December,4,Tuesday,27.47,1190.8,Lucrativo
2023-12-26 21:18:39.327731092,RJ,Online,Serviços,Varejo,Produto_33,14,25548.92233142033,21118.0293635956,4430.89296782473,2023,12,December,4,Tuesday,17.34,1824.92,Lucrativo
2023-12-27 04:19:18.223289316,SP,Representante,Informática,Distribuidor,Produto_101,11,7567.591716817042,4634.575145808601,2933.016571008441,2023,12,December,4,Wednesday,38.76,687.96,Lucrativo
2023-12-27 04:19:18.223289316,RJ,Online,Serviços,Varejo,Produto_77,2,196.68726877518588,145.8619268908057,50.82534188438018,2023,12,December,4,Wednesday,25.84,98.34,Lucrativo
2023-12-27 11:19:57.118847540,RJ,Loja Física,Móveis,Distribuidor,Produto_109,4,1452.3761849266557,942.6846618586712,509.6915230679841,2023,12,December,4,Wednesday,35.09,363.09,Lucrativo
2023-12-27 11:19:57.118847540,PR,Marketplace,Informática,Distribuidor,Produto_77,7,2799.190227172784,2365.0485505065667,434.1416766662169,2023,12,December,4,Wednesday,15.51,399.88,Lucrativo
2023-12-28 01:21:14.909963984,ES,Loja Física,Informática,Varejo,Produto_98,4,9336.59569089982,5421.000516991916,3915.5951739079055,2023,12,December,4,Thursday,41.94,2334.15,Lucrativo
2023-12-28 01:21:14.909963984,SC,Representante,Móveis,Corporativo,Produto_62,11,21575.51472396705,17625.882102281077,3949.6326216859743,2023,12,December,4,Thursday,18.31,1961.41,Lucrativo
2023-12-28 08:21:53.805522208,RS,Representante,Móveis,Varejo,Produto_78,5,8647.039166805427,5475.3074643446,3171.731702460828,2023,12,December,4,Thursday,36.68,1729.41,Lucrativo
2023-12-28 15:22:32.701080432,SC,Marketplace,Móveis,Distribuidor,Produto_54,3,7166.676000517204,4814.667341833527,2352.008658683677,2023,12,December,4,Thursday,32.82,2388.89,Lucrativo
2023-12-28 22:23:11.596638656,RS,Loja Física,Acessórios,Varejo,Produto_78,8,14951.442032679406,8321.764071192252,6629.677961487154,2023,12,December,4,Thursday,44.34,1868.93,Lucrativo
2023-12-28 22:23:11.596638656,MG,Representante,Móveis,Corporativo,Produto_66,1,426.5020502233706,357.22624043840386,69.27580978496673,2023,12,December,4,Thursday,16.24,426.5,Lucrativo
2023-12-29 05:23:50.492196880,SP,Loja Física,Acessórios,Corporativo,Produto_115,11,13958.16428172036,9861.954563936475,4096.209717783884,2023,12,December,4,Friday,29.35,1268.92,Lucrativo
2023-12-29 12:24:29.387755100,BA,Online,Informática,Corporativo,Produto_38,11,23743.21715873483,15821.759793178398,7921.457365556433,2023,12,December,4,Friday,33.36,2158.47,Lucrativo
2023-12-29 12:24:29.387755100,SP,Online,Eletrônicos,Corporativo,Produto_5,1,1551.884204577331,1151.0476442638287,400.83656031350233,2023,12,December,4,Friday,25.83,1551.88,Lucrativo
2023-12-29 12:24:29.387755100,RS,Marketplace,Serviços,Varejo,Produto_74,4,9290.89851398423,7459.540413170342,1831.358100813888,2023,12,December,4,Friday,19.71,2322.72,Lucrativo
2023-12-30 02:25:47.178871548,BA,Representante,Eletrônicos,Varejo,Produto_96,6,3895.80625002202,2957.563251177012,938.242998845008,2023,12,December,4,Saturday,24.08,649.3,Lucrativo
2023-12-30 02:25:47.178871548,RJ,Loja Física,Acessórios,Varejo,Produto_102,3,4461.75485035167,3737.0880720182,724.6667783334701,2023,12,December,4,Saturday,16.24,1487.25,Lucrativo
2023-12-30 16:27:04.969987996,ES,Loja Física,Acessórios,Distribuidor,Produto_86,4,7051.938828323414,5484.154057804818,1567.784770518596,2023,12,December,4,Saturday,22.23,1762.98,Lucrativo
2023-12-30 23:27:43.865546220,SP,Marketplace,Acessórios,Corporativo,Produto_80,7,4740.141957511851,3609.642577416064,1130.4993800957864,2023,12,December,4,Saturday,23.85,677.16,Lucrativo
2023-12-30 23:27:43.865546220,PR,Loja Física,Serviços,Corporativo,Produto_30,14,18726.353686152877,11300.58532147701,7425.768364675863,2023,12,December,4,Saturday,39.65,1337.6,Lucrativo
2023-12-31 06:28:22.761104440,RJ,Marketplace,Acessórios,Corporativo,Produto_50,2,680.1445229955049,535.8247485951326,144.31977440037224,2023,12,December,4,Sunday,21.22,340.07,Lucrativo
2023-12-31 20:29:40.552220888,SP,Representante,Móveis,Distribuidor,Produto_92,12,10821.370720310675,7882.899468075177,2938.4712522355003,2023,12,December,4,Sunday,27.15,901.78,Lucrativo
2023-12-31 20:29:40.552220888,RJ,Representante,Informática,Corporativo,Produto_87,7,1316.8859806329742,839.9583781021123,476.9276025308619,2023,12,December,4,Sunday,36.22,188.13,Lucrativo
2023-12-31 20:29:40.552220888,RS,Online,Acessórios,Distribuidor,Produto_5,5,9069.868080150873,5138.210772814546,3931.657307336327,2023,12,December,4,Sunday,43.35,1813.97,Lucrativo
2023-12-31 20:29:40.552220888,SP,Representante,Eletrônicos,Corporativo,Produto_104,2,1165.5642095977998,656.5481182356509,509.0160913621489,2023,12,December,4,Sunday,43.67,582.78,Lucrativo
2024-01-01 10:30:58.343337336,BA,Marketplace,Móveis,Corporativo,Produto_68,3,1100.949843346428,678.9749586671032,421.9748846793248,2024,1,January,1,Monday,38.33,366.98,Lucrativo
2024-01-01 10:30:58.343337336,SC,Representante,Móveis,Varejo,Produto_83,1,2183.279451297879,1715.2418178720334,468.0376334258456,2024,1,January,1,Monday,21.44,2183.28,Lucrativo
2024-01-01 17:31:37.238895556,MG,Online,Informática,Varejo,Produto_64,3,1744.5327067439189,1169.0548725585047,575.4778341854142,2024,1,January,1,Monday,32.99,581.51,Lucrativo
2024-01-02 14:33:33.925570228,RJ,Representante,Informática,Distribuidor,Produto_72,11,14830.436161766089,11704.357896868942,3126.078264897147,2024,1,January,1,Tuesday,21.08,1348.22,Lucrativo
2024-01-02 21:34:12.821128452,SC,Marketplace,Eletrônicos,Corporativo,Produto_78,4,7005.093809303151,4171.1467873113,2833.947021991851,2024,1,January,1,Tuesday,40.46,1751.27,Lucrativo
2024-01-03 04:34:51.716686676,RJ,Online,Eletrônicos,Varejo,Produto_108,11,25033.09170931761,19134.356822883638,5898.7348864339765,2024,1,January,1,Wednesday,23.56,2275.74,Lucrativo
2024-01-03 04:34:51.716686676,BA,Loja Física,Acessórios,Distribuidor,Produto_57,4,7525.123714121189,4916.249237686068,2608.8744764351204,2024,1,January,1,Wednesday,34.67,1881.28,Lucrativo
2024-01-03 11:35:30.612244896,PR,Loja Física,Informática,Corporativo,Produto_49,1,349.5197026899468,261.4095890691062,88.1101136208406,2024,1,January,1,Wednesday,25.21,349.52,Lucrativo
2024-01-03 18:36:09.507803120,SC,Marketplace,Eletrônicos,Distribuidor,Produto_113,9,7550.810141759491,5281.309612141784,2269.500529617707,2024,1,January,1,Wednesday,30.06,838.98,Lucrativo
2024-01-05 05:39:23.985594236,PR,Marketplace,Serviços,Corporativo,Produto_54,3,4997.547844870358,3311.754947128146,1685.792897742212,2024,1,January,1,Friday,33.73,1665.85,Lucrativo
2024-01-06 16:42:38.463385352,RS,Representante,Informática,Varejo,Produto_88,10,4625.439808424835,3792.712240713055,832.72756771178,2024,1,January,1,Saturday,18.0,462.54,Lucrativo
2024-01-06 23:43:17.358943576,RS,Marketplace,Móveis,Distribuidor,Produto_36,3,5665.095449701319,3686.774859806969,1978.3205898943504,2024,1,January,1,Saturday,34.92,1888.37,Lucrativo
2024-01-07 06:43:56.254501800,RS,Online,Informática,Varejo,Produto_1,1,381.3082348401515,270.063865227284,111.2443696128675,2024,1,January,1,Sunday,29.17,381.31,Lucrativo
2024-01-07 06:43:56.254501800,SC,Representante,Informática,Varejo,Produto_70,10,10159.036183594564,7491.700543618074,2667.33563997649,2024,1,January,1,Sunday,26.26,1015.9,Lucrativo
2024-01-07 06:43:56.254501800,BA,Marketplace,Eletrônicos,Corporativo,Produto_92,5,8124.087942527781,5347.363730858294,2776.724211669487,2024,1,January,1,Sunday,34.18,1624.82,Lucrativo
2024-01-07 20:45:14.045618248,SC,Marketplace,Informática,Distribuidor,Produto_88,13,31494.53613717516,17744.433682748004,13750.102454427157,2024,1,January,1,Sunday,43.66,2422.66,Lucrativo
2024-01-08 03:45:52.941176472,SP,Loja Física,Eletrônicos,Varejo,Produto_87,10,23749.90379164008,19731.943768745485,4017.960022894593,2024,1,January,1,Monday,16.92,2374.99,Lucrativo
2024-01-08 03:45:52.941176472,PR,Online,Serviços,Varejo,Produto_6,6,14310.225863562911,12121.470573844868,2188.755289718043,2024,1,January,1,Monday,15.3,2385.04,Lucrativo
2024-01-08 10:46:31.836734692,ES,Marketplace,Informática,Distribuidor,Produto_27,11,1043.7062831655037,743.0084367403714,300.6978464251323,2024,1,January,1,Monday,28.81,94.88,Lucrativo
2024-01-08 17:47:10.732292916,RJ,Loja Física,Móveis,Corporativo,Produto_92,10,7343.29416205039,5326.5058187007535,2016.7883433496363,2024,1,January,1,Monday,27.46,734.33,Lucrativo
2024-01-09 00:47:49.627851140,ES,Loja Física,Informática,Corporativo,Produto_28,14,30083.198442156507,20903.654480026547,9179.54396212996,2024,1,January,1,Tuesday,30.51,2148.8,Lucrativo
2024-01-09 07:48:28.523409364,SP,Online,Informática,Distribuidor,Produto_96,13,27318.878767310893,22386.901519117968,4931.977248192925,2024,1,January,1,Tuesday,18.05,2101.45,Lucrativo
2024-01-09 14:49:07.418967588,BA,Marketplace,Acessórios,Varejo,Produto_20,2,3528.8683130590475,2300.6556288573074,1228.21268420174,2024,1,January,1,Tuesday,34.8,1764.43,Lucrativo
2024-01-09 21:49:46.314525808,RJ,Loja Física,Eletrônicos,Corporativo,Produto_9,7,8420.649641000591,4778.477291772929,3642.1723492276624,2024,1,January,1,Tuesday,43.25,1202.95,Lucrativo
2024-01-10 18:51:43.001200480,MG,Representante,Serviços,Corporativo,Produto_89,10,17813.75054477553,14259.662882739343,3554.087662036185,2024,1,January,1,Wednesday,19.95,1781.38,Lucrativo
2024-01-10 18:51:43.001200480,BA,Loja Física,Informática,Corporativo,Produto_85,1,968.3348954894484,633.9659824504189,334.3689130390296,2024,1,January,1,Wednesday,34.53,968.33,Lucrativo
2024-01-10 18:51:43.001200480,SC,Marketplace,Eletrônicos,Distribuidor,Produto_11,7,11730.00117042932,9552.75345157998,2177.2477188493413,2024,1,January,1,Wednesday,18.56,1675.71,Lucrativo
2024-01-11 01:52:21.896758704,RS,Marketplace,Móveis,Corporativo,Produto_32,2,4446.236640664267,3248.7485275024283,1197.4881131618386,2024,1,January,1,Thursday,26.93,2223.12,Lucrativo
2024-01-11 01:52:21.896758704,PR,Loja Física,Informática,Varejo,Produto_47,7,8848.247289798135,6039.974754190552,2808.2725356075834,2024,1,January,1,Thursday,31.74,1264.04,Lucrativo
2024-01-11 15:53:39.687875148,ES,Loja Física,Informática,Corporativo,Produto_77,5,5147.947627040012,3595.7526801036247,1552.1949469363872,2024,1,January,1,Thursday,30.15,1029.59,Lucrativo
2024-01-12 05:54:57.478991596,RJ,Online,Eletrônicos,Corporativo,Produto_22,6,8535.39746691446,4816.7431458791925,3718.654321035269,2024,1,January,1,Friday,43.57,1422.57,Lucrativo
2024-01-12 12:55:36.374549820,SP,Loja Física,Acessórios,Distribuidor,Produto_115,10,4630.789703872288,3314.165083677975,1316.624620194313,2024,1,January,1,Friday,28.43,463.08,Lucrativo
2024-01-12 12:55:36.374549820,MG,Marketplace,Informática,Varejo,Produto_39,10,23324.398338915133,16173.886144374836,7150.512194540297,2024,1,January,1,Friday,30.66,2332.44,Lucrativo
2024-01-13 02:56:54.165666268,SC,Representante,Eletrônicos,Varejo,Produto_30,1,1886.1446304379704,1100.4899500466213,785.6546803913491,2024,1,January,1,Saturday,41.65,1886.14,Lucrativo
2024-01-13 09:57:33.061224488,SC,Representante,Eletrônicos,Corporativo,Produto_71,14,28964.20473057572,18523.10932705198,10441.095403523736,2024,1,January,1,Saturday,36.05,2068.87,Lucrativo
2024-01-13 16:58:11.956782712,SC,Loja Física,Serviços,Varejo,Produto_84,8,17585.927367348893,13089.441399041934,4496.485968306959,2024,1,January,1,Saturday,25.57,2198.24,Lucrativo
2024-01-14 14:00:08.643457384,SC,Representante,Informática,Varejo,Produto_2,13,25017.434093908632,20339.79832697144,4677.63576693719,2024,1,January,1,Sunday,18.7,1924.42,Lucrativo
2024-01-15 04:01:26.434573828,ES,Representante,Móveis,Corporativo,Produto_17,8,9034.226182089273,7297.786240184402,1736.4399419048705,2024,1,January,1,Monday,19.22,1129.28,Lucrativo
2024-01-15 11:02:05.330132052,ES,Online,Informática,Varejo,Produto_22,5,11014.689200722549,7099.813968467424,3914.8752322551222,2024,1,January,1,Monday,35.54,2202.94,Lucrativo
2024-01-15 18:02:44.225690276,PR,Online,Informática,Corporativo,Produto_32,5,791.581613212332,460.8637169973172,330.7178962150147,2024,1,January,1,Monday,41.78,158.32,Lucrativo
2024-01-16 01:03:23.121248500,ES,Online,Acessórios,Varejo,Produto_85,14,30489.70059746924,24291.67278799537,6198.027809473864,2024,1,January,1,Tuesday,20.33,2177.84,Lucrativo
2024-01-16 15:04:40.912364944,SP,Marketplace,Serviços,Corporativo,Produto_15,12,16423.09150744872,10976.566385169312,5446.525122279407,2024,1,January,1,Tuesday,33.16,1368.59,Lucrativo
2024-01-16 22:05:19.807923168,BA,Loja Física,Serviços,Distribuidor,Produto_47,13,20293.107866310656,15383.275183839414,4909.832682471242,2024,1,January,1,Tuesday,24.19,1561.01,Lucrativo
2024-01-16 22:05:19.807923168,SP,Online,Móveis,Distribuidor,Produto_24,2,2138.649435170169,1315.0527383007052,823.5966968694643,2024,1,January,1,Tuesday,38.51,1069.32,Lucrativo
2024-01-17 12:06:37.599039616,SC,Loja Física,Serviços,Corporativo,Produto_42,14,2263.4278567816627,1732.070247345698,531.3576094359648,2024,1,January,1,Wednesday,23.48,161.67,Lucrativo
2024-01-17 19:07:16.494597840,RS,Loja Física,Informática,Corporativo,Produto_60,10,24825.154123287037,18417.746970036755,6407.407153250279,2024,1,January,1,Wednesday,25.81,2482.52,Lucrativo
2024-01-17 19:07:16.494597840,RS,Representante,Serviços,Distribuidor,Produto_51,5,3558.6729654746587,2267.8427882262863,1290.8301772483724,2024,1,January,1,Wednesday,36.27,711.73,Lucrativo
2024-01-18 02:07:55.390156064,ES,Loja Física,Serviços,Corporativo,Produto_29,13,23571.01408390794,15260.978691275506,8310.035392632433,2024,1,January,1,Thursday,35.26,1813.15,Lucrativo
2024-01-18 09:08:34.285714284,ES,Loja Física,Acessórios,Corporativo,Produto_6,13,1150.5731691643164,809.1322564882428,341.4409126760736,2024,1,January,1,Thursday,29.68,88.51,Lucrativo
2024-01-18 16:09:13.181272508,RS,Online,Móveis,Corporativo,Produto_41,4,6300.358279321051,5351.215093861603,949.1431854594476,2024,1,January,1,Thursday,15.06,1575.09,Lucrativo
2024-01-18 23:09:52.076830732,RJ,Loja Física,Acessórios,Corporativo,Produto_89,7,6562.216441548023,5456.290020175518,1105.9264213725046,2024,1,January,1,Thursday,16.85,937.46,Lucrativo
2024-01-19 06:10:30.972388956,BA,Representante,Móveis,Distribuidor,Produto_48,4,3825.295333995455,2958.442990013857,866.8523439815976,2024,1,January,1,Friday,22.66,956.32,Lucrativo
2024-01-19 13:11:09.867947180,ES,Representante,Acessórios,Distribuidor,Produto_92,6,4275.381563738162,3622.053805236186,653.3277585019764,2024,1,January,1,Friday,15.28,712.56,Lucrativo
2024-01-19 13:11:09.867947180,MG,Online,Móveis,Varejo,Produto_110,12,7531.143492140633,4664.572487529858,2866.5710046107743,2024,1,January,1,Friday,38.06,627.6,Lucrativo
2024-01-19 20:11:48.763505400,PR,Marketplace,Informática,Varejo,Produto_107,13,29509.65928357604,24710.225058097894,4799.434225478144,2024,1,January,1,Friday,16.26,2269.97,Lucrativo
2024-01-20 10:13:06.554621848,PR,Marketplace,Móveis,Varejo,Produto_3,12,7232.050358336194,4090.254955046946,3141.795403289248,2024,1,January,1,Saturday,43.44,602.67,Lucrativo
2024-01-20 10:13:06.554621848,ES,Online,Móveis,Distribuidor,Produto_16,14,30681.17423969109,19809.704687172904,10871.469552518189,2024,1,January,1,Saturday,35.43,2191.51,Lucrativo
2024-01-20 10:13:06.554621848,RS,Online,Móveis,Distribuidor,Produto_93,3,7026.259715411481,4654.207553182372,2372.052162229109,2024,1,January,1,Saturday,33.76,2342.09,Lucrativo
2024-01-20 17:13:45.450180072,BA,Online,Eletrônicos,Varejo,Produto_36,10,20537.9776282582,12790.26877831277,7747.708849945433,2024,1,January,1,Saturday,37.72,2053.8,Lucrativo
2024-01-20 17:13:45.450180072,PR,Loja Física,Serviços,Varejo,Produto_111,2,3951.893168377588,2972.641246009091,979.2519223684972,2024,1,January,1,Saturday,24.78,1975.95,Lucrativo
2024-01-21 14:15:42.136854740,RS,Representante,Acessórios,Corporativo,Produto_27,1,1890.8608378119816,1300.2257975153616,590.6350402966202,2024,1,January,1,Sunday,31.24,1890.86,Lucrativo
2024-01-23 01:18:56.614645860,BA,Marketplace,Informática,Distribuidor,Produto_64,3,3674.549562501473,2157.6988042693147,1516.850758232158,2024,1,January,1,Tuesday,41.28,1224.85,Lucrativo
2024-01-23 08:19:35.510204080,MG,Loja Física,Acessórios,Distribuidor,Produto_99,6,14180.578482791076,11338.2199428536,2842.358539937475,2024,1,January,1,Tuesday,20.04,2363.43,Lucrativo
2024-01-23 15:20:14.405762304,RS,Loja Física,Eletrônicos,Corporativo,Produto_1,6,10927.66670931173,7456.061099767537,3471.6056095441936,2024,1,January,1,Tuesday,31.77,1821.28,Lucrativo
2024-01-23 15:20:14.405762304,ES,Loja Física,Eletrônicos,Corporativo,Produto_61,4,2475.410878008861,1788.1410554142294,687.2698225946315,2024,1,January,1,Tuesday,27.76,618.85,Lucrativo
2024-01-23 15:20:14.405762304,BA,Loja Física,Acessórios,Varejo,Produto_73,12,17113.432847319542,13510.390337128498,3603.042510191044,2024,1,January,1,Tuesday,21.05,1426.12,Lucrativo
2024-01-23 15:20:14.405762304,ES,Online,Serviços,Corporativo,Produto_93,1,2435.814540543347,1367.0512037872843,1068.7633367560625,2024,1,January,1,Tuesday,43.88,2435.81,Lucrativo
2024-01-23 15:20:14.405762304,PR,Marketplace,Serviços,Varejo,Produto_82,5,4725.872838052942,2980.9385906472235,1744.9342474057185,2024,1,January,1,Tuesday,36.92,945.17,Lucrativo
2024-01-24 19:22:49.987995196,PR,Loja Física,Eletrônicos,Corporativo,Produto_96,2,475.6946716446208,262.6559220331476,213.03874961147324,2024,1,January,1,Wednesday,44.78,237.85,Lucrativo
2024-01-25 16:24:46.674669868,SC,Online,Serviços,Varejo,Produto_79,14,7106.461617617203,5309.033034326908,1797.4285832902951,2024,1,January,1,Thursday,25.29,507.6,Lucrativo
2024-01-26 06:26:04.465786316,SC,Online,Móveis,Varejo,Produto_14,3,3896.6070078132616,2810.3131455272373,1086.2938622860245,2024,1,January,1,Friday,27.88,1298.87,Lucrativo
2024-01-26 06:26:04.465786316,SC,Marketplace,Informática,Distribuidor,Produto_39,3,5958.2968978734325,4708.816778460306,1249.4801194131269,2024,1,January,1,Friday,20.97,1986.1,Lucrativo
2024-01-26 13:26:43.361344536,SC,Representante,Eletrônicos,Corporativo,Produto_44,13,12245.40246672362,8683.849568692516,3561.5528980311046,2024,1,January,1,Friday,29.08,941.95,Lucrativo
2024-01-26 13:26:43.361344536,MG,Loja Física,Informática,Distribuidor,Produto_36,1,810.7317437462342,660.4876418095848,150.24410193664937,2024,1,January,1,Friday,18.53,810.73,Lucrativo
2024-01-26 13:26:43.361344536,RJ,Representante,Informática,Distribuidor,Produto_32,5,1072.0786536978076,781.7696415091372,290.3090121886704,2024,1,January,1,Friday,27.08,214.42,Lucrativo
2024-01-26 13:26:43.361344536,SC,Loja Física,Acessórios,Corporativo,Produto_45,4,7113.255013926602,5464.621029603652,1648.6339843229507,2024,1,January,1,Friday,23.18,1778.31,Lucrativo
2024-01-27 03:28:01.152460984,MG,Representante,Acessórios,Corporativo,Produto_93,7,11146.102024917942,7876.768573699062,3269.3334512188803,2024,1,January,1,Saturday,29.33,1592.3,Lucrativo
2024-01-27 17:29:18.943577432,RJ,Representante,Móveis,Varejo,Produto_71,9,3762.2384450457134,2920.476447851973,841.7619971937406,2024,1,January,1,Saturday,22.37,418.03,Lucrativo
2024-01-27 17:29:18.943577432,MG,Marketplace,Serviços,Varejo,Produto_61,1,923.0957036365436,577.5605104069883,345.5351932295554,2024,1,January,1,Saturday,37.43,923.1,Lucrativo
2024-01-28 07:30:36.734693876,SC,Loja Física,Serviços,Distribuidor,Produto_52,3,5588.013626640443,4296.522456944395,1291.491169696048,2024,1,January,1,Sunday,23.11,1862.67,Lucrativo
2024-01-28 07:30:36.734693876,RJ,Marketplace,Acessórios,Corporativo,Produto_70,10,1934.7864077517197,1310.3276764519833,624.4587312997362,2024,1,January,1,Sunday,32.28,193.48,Lucrativo
2024-01-29 04:32:33.421368548,ES,Loja Física,Eletrônicos,Distribuidor,Produto_76,2,2217.210192975133,1324.8202914448027,892.3899015303302,2024,1,January,1,Monday,40.25,1108.61,Lucrativo
2024-01-29 11:33:12.316926772,MG,Representante,Serviços,Varejo,Produto_53,13,20292.66298949734,16957.019963180494,3335.643026316848,2024,1,January,1,Monday,16.44,1560.97,Lucrativo
2024-01-29 11:33:12.316926772,SP,Marketplace,Eletrônicos,Corporativo,Produto_37,9,8886.083561943788,5690.4614773131125,3195.622084630675,2024,1,January,1,Monday,35.96,987.34,Lucrativo
2024-01-29 11:33:12.316926772,RJ,Loja Física,Serviços,Varejo,Produto_5,11,22232.15345527719,14320.744584816868,7911.40887046032,2024,1,January,1,Monday,35.59,2021.1,Lucrativo
2024-01-29 18:33:51.212484992,SP,Loja Física,Eletrônicos,Varejo,Produto_3,14,19735.6539854424,11099.63294203198,8636.021043410421,2024,1,January,1,Monday,43.76,1409.69,Lucrativo
2024-01-29 18:33:51.212484992,RS,Marketplace,Serviços,Varejo,Produto_42,4,3314.052966884552,2485.956684065263,828.0962828192892,2024,1,January,1,Monday,24.99,828.51,Lucrativo
2024-01-29 18:33:51.212484992,MG,Loja Física,Acessórios,Distribuidor,Produto_20,7,12229.931072110016,6908.490194562761,5321.440877547255,2024,1,January,1,Monday,43.51,1747.13,Lucrativo
2024-01-30 01:34:30.108043216,MG,Loja Física,Eletrônicos,Corporativo,Produto_86,12,28293.638334348478,16668.051337544526,11625.586996803948,2024,1,January,1,Tuesday,41.09,2357.8,Lucrativo
2024-01-30 01:34:30.108043216,ES,Representante,Informática,Corporativo,Produto_43,13,22835.023997499677,13718.860042866652,9116.16395463302,2024,1,January,1,Tuesday,39.92,1756.54,Lucrativo
2024-01-30 22:36:26.794717888,PR,Representante,Eletrônicos,Distribuidor,Produto_24,3,6197.443031766336,4792.171143222704,1405.2718885436316,2024,1,January,1,Tuesday,22.68,2065.81,Lucrativo
2024-01-31 12:37:44.585834332,BA,Representante,Acessórios,Corporativo,Produto_101,14,2856.6393265269257,2423.641693650423,432.9976328765029,2024,1,January,1,Wednesday,15.16,204.05,Lucrativo
2024-01-31 19:38:23.481392556,PR,Representante,Serviços,Varejo,Produto_6,14,24539.850613860952,16454.285419661668,8085.565194199284,2024,1,January,1,Wednesday,32.95,1752.85,Lucrativo
2024-02-01 02:39:02.376950780,SP,Online,Móveis,Varejo,Produto_111,10,11932.208407801749,7109.867128870945,4822.341278930802,2024,2,February,1,Thursday,40.41,1193.22,Lucrativo
2024-02-01 09:39:41.272509004,RS,Loja Física,Serviços,Distribuidor,Produto_84,6,3654.212441798816,2709.640398743465,944.5720430553502,2024,2,February,1,Thursday,25.85,609.04,Lucrativo
2024-02-01 16:40:20.168067228,RJ,Representante,Serviços,Distribuidor,Produto_60,13,18816.481981110035,14613.60460319002,4202.877377920016,2024,2,February,1,Thursday,22.34,1447.42,Lucrativo
2024-02-01 23:40:59.063625448,MG,Online,Acessórios,Varejo,Produto_60,4,6276.309755246701,3800.8105029262215,2475.499252320479,2024,2,February,1,Thursday,39.44,1569.08,Lucrativo
2024-02-01 23:40:59.063625448,MG,Loja Física,Eletrônicos,Corporativo,Produto_95,5,6300.169064526539,3996.618594992943,2303.550469533596,2024,2,February,1,Thursday,36.56,1260.03,Lucrativo
2024-02-02 13:42:16.854741896,MG,Online,Acessórios,Varejo,Produto_78,14,3478.8108241123614,2525.706362656525,953.104461455836,2024,2,February,1,Friday,27.4,248.49,Lucrativo
2024-02-03 03:43:34.645858344,MG,Marketplace,Móveis,Varejo,Produto_32,6,12804.087665350891,7774.96368108083,5029.123984270062,2024,2,February,1,Saturday,39.28,2134.01,Lucrativo
2024-02-03 03:43:34.645858344,RS,Marketplace,Acessórios,Varejo,Produto_41,8,4129.940961316104,2634.6279554883417,1495.3130058277625,2024,2,February,1,Saturday,36.21,516.24,Lucrativo
2024-02-03 10:44:13.541416568,SP,Representante,Informática,Varejo,Produto_12,10,744.2888031372572,529.9339768565109,214.35482628074635,2024,2,February,1,Saturday,28.8,74.43,Lucrativo
2024-02-03 10:44:13.541416568,PR,Loja Física,Acessórios,Corporativo,Produto_45,6,12240.75201472517,10287.991419808037,1952.7605949171336,2024,2,February,1,Saturday,15.95,2040.13,Lucrativo
2024-02-03 10:44:13.541416568,RS,Loja Física,Acessórios,Corporativo,Produto_33,11,12245.131062343702,9809.940017777351,2435.191044566349,2024,2,February,1,Saturday,19.89,1113.19,Lucrativo
2024-02-03 17:44:52.436974788,RJ,Marketplace,Móveis,Varejo,Produto_17,4,4415.821494429428,3501.1917767534987,914.629717675929,2024,2,February,1,Saturday,20.71,1103.96,Lucrativo
2024-02-04 00:45:31.332533012,SP,Online,Eletrônicos,Corporativo,Produto_56,14,3960.733727717176,2957.7777444155386,1002.9559833016368,2024,2,February,1,Sunday,25.32,282.91,Lucrativo
2024-02-04 07:46:10.228091236,MG,Online,Informática,Corporativo,Produto_25,11,13801.65385555744,11682.078625228494,2119.5752303289464,2024,2,February,1,Sunday,15.36,1254.7,Lucrativo
2024-02-04 07:46:10.228091236,PR,Marketplace,Informática,Corporativo,Produto_47,3,4725.807204414085,3409.0271758268864,1316.780028587199,2024,2,February,1,Sunday,27.86,1575.27,Lucrativo
2024-02-04 14:46:49.123649460,ES,Marketplace,Serviços,Distribuidor,Produto_48,8,7872.808094145326,4353.20967325248,3519.5984208928467,2024,2,February,1,Sunday,44.71,984.1,Lucrativo
2024-02-05 18:49:24.705882352,RJ,Representante,Eletrônicos,Distribuidor,Produto_23,14,3029.8554327642605,2151.472132946385,878.3832998178755,2024,2,February,1,Monday,28.99,216.42,Lucrativo
2024-02-06 01:50:03.601440576,SC,Representante,Acessórios,Distribuidor,Produto_62,4,7209.170465370368,4885.111600999812,2324.058864370556,2024,2,February,1,Tuesday,32.24,1802.29,Lucrativo
2024-02-06 22:52:00.288115244,RS,Online,Eletrônicos,Corporativo,Produto_73,6,10426.122375819776,7351.304923605901,3074.8174522138743,2024,2,February,1,Tuesday,29.49,1737.69,Lucrativo
2024-02-06 22:52:00.288115244,MG,Online,Acessórios,Corporativo,Produto_95,11,1724.8831423104186,1120.78085118592,604.1022911244986,2024,2,February,1,Tuesday,35.02,156.81,Lucrativo
2024-02-07 05:52:39.183673468,SC,Marketplace,Eletrônicos,Varejo,Produto_27,9,15433.13651467083,12482.938296540346,2950.1982181304847,2024,2,February,1,Wednesday,19.12,1714.79,Lucrativo
2024-02-07 05:52:39.183673468,MG,Marketplace,Serviços,Varejo,Produto_91,4,6442.184656603836,4368.22643749388,2073.958219109956,2024,2,February,1,Wednesday,32.19,1610.55,Lucrativo
2024-02-07 05:52:39.183673468,SC,Representante,Serviços,Corporativo,Produto_42,12,1063.7670592805114,612.3653319717776,451.4017273087338,2024,2,February,1,Wednesday,42.43,88.65,Lucrativo
2024-02-07 12:53:18.079231692,PR,Representante,Serviços,Distribuidor,Produto_47,7,1035.76210888297,769.2126904864987,266.5494183964712,2024,2,February,1,Wednesday,25.73,147.97,Lucrativo
2024-02-08 02:54:35.870348140,PR,Marketplace,Informática,Varejo,Produto_7,3,5157.22888187353,3377.7885675351986,1779.440314338331,2024,2,February,1,Thursday,34.5,1719.08,Lucrativo
2024-02-08 02:54:35.870348140,SP,Online,Móveis,Distribuidor,Produto_51,8,12118.54475270694,10093.373977395637,2025.170775311306,2024,2,February,1,Thursday,16.71,1514.82,Lucrativo
2024-02-08 09:55:14.765906364,MG,Online,Informática,Varejo,Produto_5,11,13168.464214570766,8256.469583171125,4911.994631399641,2024,2,February,1,Thursday,37.3,1197.13,Lucrativo
2024-02-08 09:55:14.765906364,RS,Representante,Serviços,Corporativo,Produto_9,13,8281.097022447715,6023.767947790833,2257.329074656882,2024,2,February,1,Thursday,27.26,637.01,Lucrativo
2024-02-08 16:55:53.661464584,BA,Online,Móveis,Varejo,Produto_85,14,19297.610533072504,13799.542172373309,5498.068360699195,2024,2,February,1,Thursday,28.49,1378.4,Lucrativo
2024-02-09 06:57:11.452581032,ES,Representante,Móveis,Distribuidor,Produto_90,5,7780.778012072944,5741.933259780018,2038.8447522929264,2024,2,February,1,Friday,26.2,1556.16,Lucrativo
2024-02-09 13:57:50.348139256,PR,Marketplace,Informática,Varejo,Produto_59,12,26083.58478561711,16405.472831405485,9678.111954211625,2024,2,February,1,Friday,37.1,2173.63,Lucrativo
2024-02-09 20:58:29.243697480,SC,Online,Eletrônicos,Distribuidor,Produto_25,5,3493.397878373241,2587.856988850813,905.5408895224276,2024,2,February,1,Friday,25.92,698.68,Lucrativo
2024-02-10 03:59:08.139255700,MG,Marketplace,Serviços,Corporativo,Produto_86,2,2983.582202184028,2453.0183583658645,530.5638438181631,2024,2,February,1,Saturday,17.78,1491.79,Lucrativo
2024-02-10 03:59:08.139255700,MG,Online,Eletrônicos,Varejo,Produto_69,8,17889.834016327844,11614.274106940453,6275.559909387392,2024,2,February,1,Saturday,35.08,2236.23,Lucrativo
2024-02-10 03:59:08.139255700,SP,Representante,Acessórios,Varejo,Produto_21,7,1818.5413069943847,1537.1072988457934,281.43400814859183,2024,2,February,1,Saturday,15.48,259.79,Lucrativo
2024-02-10 10:59:47.034813924,SC,Loja Física,Serviços,Distribuidor,Produto_99,2,1823.011369355459,1201.486430281953,621.524939073506,2024,2,February,1,Saturday,34.09,911.51,Lucrativo
2024-02-10 18:00:25.930372148,ES,Marketplace,Serviços,Varejo,Produto_5,10,15856.035864132644,10158.259010524544,5697.7768536080985,2024,2,February,1,Saturday,35.93,1585.6,Lucrativo
2024-02-11 01:01:04.825930372,MG,Loja Física,Acessórios,Varejo,Produto_12,8,3273.963974540599,2580.898277303317,693.0656972372817,2024,2,February,1,Sunday,21.17,409.25,Lucrativo
2024-02-11 01:01:04.825930372,SP,Online,Móveis,Distribuidor,Produto_50,10,22495.207649220105,14459.347092828377,8035.860556391728,2024,2,February,1,Sunday,35.72,2249.52,Lucrativo
2024-02-11 08:01:43.721488596,BA,Marketplace,Serviços,Distribuidor,Produto_87,1,1243.1877096656688,889.9968068419125,353.19090282375623,2024,2,February,1,Sunday,28.41,1243.19,Lucrativo
2024-02-11 15:02:22.617046820,PR,Online,Serviços,Varejo,Produto_72,8,6124.092938719136,5169.442413552652,954.650525166484,2024,2,February,1,Sunday,15.59,765.51,Lucrativo
2024-02-11 15:02:22.617046820,ES,Online,Serviços,Distribuidor,Produto_64,4,8475.345667151234,4749.884537974082,3725.461129177152,2024,2,February,1,Sunday,43.96,2118.84,Lucrativo
2024-02-12 05:03:40.408163264,RJ,Online,Móveis,Distribuidor,Produto_53,10,12513.771861547091,7375.442709794247,5138.329151752844,2024,2,February,1,Monday,41.06,1251.38,Lucrativo
2024-02-12 12:04:19.303721488,RS,Representante,Informática,Varejo,Produto_21,2,252.5651158597909,163.05876569119795,89.50635016859292,2024,2,February,1,Monday,35.44,126.28,Lucrativo
2024-02-13 09:06:15.990396160,MG,Online,Eletrônicos,Varejo,Produto_69,5,4227.317215138063,3436.0130369852263,791.3041781528368,2024,2,February,1,Tuesday,18.72,845.46,Lucrativo
2024-02-13 16:06:54.885954380,PR,Representante,Acessórios,Corporativo,Produto_119,10,23661.476129419985,14762.66469665478,8898.811432765204,2024,2,February,1,Tuesday,37.61,2366.15,Lucrativo
2024-02-13 16:06:54.885954380,MG,Marketplace,Serviços,Distribuidor,Produto_24,11,18454.33902417048,11571.264243309255,6883.07478086122,2024,2,February,1,Tuesday,37.3,1677.67,Lucrativo
2024-02-14 06:08:12.677070828,RJ,Representante,Eletrônicos,Distribuidor,Produto_108,3,1098.8163637030489,819.5159589435705,279.3004047594784,2024,2,February,1,Wednesday,25.42,366.27,Lucrativo
2024-02-14 06:08:12.677070828,PR,Loja Física,Informática,Corporativo,Produto_16,3,2005.489269132468,1269.7843737603912,735.7048953720764,2024,2,February,1,Wednesday,36.68,668.5,Lucrativo
2024-02-14 13:08:51.572629052,RS,Marketplace,Eletrônicos,Corporativo,Produto_62,4,1097.0441513314963,696.0347792758143,401.009372055682,2024,2,February,1,Wednesday,36.55,274.26,Lucrativo
2024-02-14 20:09:30.468187276,PR,Online,Serviços,Distribuidor,Produto_32,6,13371.029787660878,10125.700831329525,3245.3289563313538,2024,2,February,1,Wednesday,24.27,2228.5,Lucrativo
2024-02-14 20:09:30.468187276,MG,Representante,Serviços,Distribuidor,Produto_17,13,15896.174499756831,10613.536230497954,5282.638269258878,2024,2,February,1,Wednesday,33.23,1222.78,Lucrativo
2024-02-14 20:09:30.468187276,MG,Marketplace,Informática,Corporativo,Produto_11,10,11818.9879304231,7872.900058607484,3946.087871815616,2024,2,February,1,Wednesday,33.39,1181.9,Lucrativo
2024-02-15 03:10:09.363745496,SC,Representante,Acessórios,Varejo,Produto_114,3,2030.7392124290973,1544.492218917302,486.2469935117952,2024,2,February,1,Thursday,23.94,676.91,Lucrativo
2024-02-16 07:12:44.945978392,SC,Representante,Móveis,Distribuidor,Produto_106,4,7639.242703331107,5418.851197776091,2220.391505555016,2024,2,February,1,Friday,29.07,1909.81,Lucrativo
2024-02-17 18:15:59.423769508,SC,Representante,Informática,Corporativo,Produto_26,14,13792.646794908478,11571.418499940297,2221.228294968181,2024,2,February,1,Saturday,16.1,985.19,Lucrativo
2024-02-18 01:16:38.319327732,PR,Online,Acessórios,Distribuidor,Produto_96,14,33214.25098082204,21458.478544987876,11755.77243583417,2024,2,February,1,Sunday,35.39,2372.45,Lucrativo
2024-02-18 08:17:17.214885956,PR,Marketplace,Acessórios,Varejo,Produto_5,5,3542.1500797996614,2728.594452495198,813.5556273044635,2024,2,February,1,Sunday,22.97,708.43,Lucrativo
2024-02-18 08:17:17.214885956,SP,Online,Acessórios,Corporativo,Produto_101,14,24315.131241986484,18550.99302877621,5764.1382132102735,2024,2,February,1,Sunday,23.71,1736.8,Lucrativo
2024-02-18 15:17:56.110444176,PR,Loja Física,Móveis,Distribuidor,Produto_65,6,2770.931604688737,2060.0673675123,710.8642371764367,2024,2,February,1,Sunday,25.65,461.82,Lucrativo
2024-02-18 22:18:35.006002400,ES,Marketplace,Acessórios,Varejo,Produto_59,2,3697.3352766361377,3119.536107497602,577.7991691385355,2024,2,February,1,Sunday,15.63,1848.67,Lucrativo
2024-02-19 05:19:13.901560624,SP,Marketplace,Acessórios,Varejo,Produto_92,4,892.5754540120347,692.1895896832864,200.3858643287483,2024,2,February,1,Monday,22.45,223.14,Lucrativo
2024-02-20 09:21:49.483793516,SC,Loja Física,Informática,Distribuidor,Produto_89,11,10289.26138169137,7749.33650121362,2539.924880477751,2024,2,February,1,Tuesday,24.69,935.39,Lucrativo
2024-02-20 09:21:49.483793516,RJ,Representante,Acessórios,Varejo,Produto_21,10,10581.375446919385,6833.404625732363,3747.97082118702,2024,2,February,1,Tuesday,35.42,1058.14,Lucrativo
2024-02-20 16:22:28.379351740,SC,Representante,Acessórios,Corporativo,Produto_7,2,528.5005134075445,370.0174647284084,158.48304867913615,2024,2,February,1,Tuesday,29.99,264.25,Lucrativo
2024-02-20 23:23:07.274909964,BA,Loja Física,Eletrônicos,Corporativo,Produto_51,3,4054.819836462143,2490.8357023479757,1563.9841341141678,2024,2,February,1,Tuesday,38.57,1351.61,Lucrativo
2024-02-20 23:23:07.274909964,BA,Loja Física,Informática,Corporativo,Produto_47,2,4136.67155721372,2629.048729167051,1507.622828046669,2024,2,February,1,Tuesday,36.45,2068.34,Lucrativo
2024-02-20 23:23:07.274909964,ES,Representante,Móveis,Distribuidor,Produto_11,3,2847.9090494754914,1984.0836547717563,863.8253947037351,2024,2,February,1,Tuesday,30.33,949.3,Lucrativo
2024-02-21 20:25:03.961584632,SP,Online,Serviços,Corporativo,Produto_25,9,19215.36449469725,13641.79581970675,5573.5686749905,2024,2,February,1,Wednesday,29.01,2135.04,Lucrativo
2024-02-22 03:25:42.857142856,PR,Loja Física,Móveis,Corporativo,Produto_14,5,3514.5907001573546,2157.621026332364,1356.9696738249909,2024,2,February,1,Thursday,38.61,702.92,Lucrativo
2024-02-22 03:25:42.857142856,MG,Marketplace,Informática,Distribuidor,Produto_33,5,5724.718401247555,4638.321052856617,1086.3973483909383,2024,2,February,1,Thursday,18.98,1144.94,Lucrativo
2024-02-22 10:26:21.752701080,BA,Loja Física,Informática,Distribuidor,Produto_113,11,17044.73729802773,11444.994454655473,5599.742843372256,2024,2,February,1,Thursday,32.85,1549.52,Lucrativo
2024-02-22 17:27:00.648259304,BA,Representante,Informática,Corporativo,Produto_23,5,5835.074197912859,4378.280458353926,1456.7937395589324,2024,2,February,1,Thursday,24.97,1167.01,Lucrativo
2024-02-23 00:27:39.543817528,RJ,Loja Física,Informática,Distribuidor,Produto_8,5,7902.977435721277,6040.518687623129,1862.458748098148,2024,2,February,1,Friday,23.57,1580.6,Lucrativo
2024-02-23 00:27:39.543817528,RS,Marketplace,Serviços,Distribuidor,Produto_9,3,2670.0852355265,2217.1198687271817,452.965366799318,2024,2,February,1,Friday,16.96,890.03,Lucrativo
2024-02-23 07:28:18.439375752,ES,Online,Serviços,Distribuidor,Produto_6,10,2531.479257463466,1543.6227118312506,987.856545632216,2024,2,February,1,Friday,39.02,253.15,Lucrativo
2024-02-23 21:29:36.230492200,RS,Representante,Serviços,Distribuidor,Produto_106,13,23118.03135796228,17540.736229201437,5577.295128760845,2024,2,February,1,Friday,24.13,1778.31,Lucrativo
2024-02-24 04:30:15.126050416,RJ,Loja Física,Eletrônicos,Varejo,Produto_113,1,670.9615499823934,469.5815839462836,201.3799660361098,2024,2,February,1,Saturday,30.01,670.96,Lucrativo
2024-02-24 18:31:32.917166864,PR,Representante,Acessórios,Corporativo,Produto_25,6,12092.01806300974,8968.452534882277,3123.565528127463,2024,2,February,1,Saturday,25.83,2015.34,Lucrativo
2024-02-25 08:32:50.708283312,RJ,Representante,Eletrônicos,Varejo,Produto_89,1,2068.763393206695,1676.9477064109476,391.8156867957475,2024,2,February,1,Sunday,18.94,2068.76,Lucrativo
2024-02-25 08:32:50.708283312,PR,Marketplace,Eletrônicos,Distribuidor,Produto_52,10,12513.585805863691,9347.890883364727,3165.694922498964,2024,2,February,1,Sunday,25.3,1251.36,Lucrativo
2024-02-25 15:33:29.603841536,RJ,Loja Física,Serviços,Varejo,Produto_103,13,26750.46098616481,21655.85568579393,5094.605300370877,2024,2,February,1,Sunday,19.04,2057.73,Lucrativo
2024-02-25 15:33:29.603841536,RS,Loja Física,Serviços,Corporativo,Produto_83,7,4204.705082897358,2391.928382633032,1812.7767002643263,2024,2,February,1,Sunday,43.11,600.67,Lucrativo
2024-02-25 22:34:08.499399760,SP,Loja Física,Móveis,Varejo,Produto_104,2,699.4590222144922,578.6705725307754,120.78844968371676,2024,2,February,1,Sunday,17.27,349.73,Lucrativo
2024-02-26 05:34:47.394957984,MG,Online,Móveis,Distribuidor,Produto_112,9,9811.814845579873,6930.039325619398,2881.7755199604744,2024,2,February,1,Monday,29.37,1090.2,Lucrativo
2024-02-26 05:34:47.394957984,ES,Online,Informática,Corporativo,Produto_10,12,8614.27201957157,5984.0322539940735,2630.2397655774967,2024,2,February,1,Monday,30.53,717.86,Lucrativo
2024-02-26 12:35:26.290516208,RS,Online,Móveis,Varejo,Produto_97,14,737.2847793091859,475.88933682824967,261.3954424809362,2024,2,February,1,Monday,35.45,52.66,Lucrativo
2024-02-26 19:36:05.186074432,ES,Representante,Eletrônicos,Distribuidor,Produto_48,4,5686.884330042026,3678.210551070718,2008.673778971308,2024,2,February,1,Monday,35.32,1421.72,Lucrativo
2024-02-27 09:37:22.977190872,PR,Loja Física,Eletrônicos,Distribuidor,Produto_90,7,8726.759835136527,6696.769300196287,2029.99053494024,2024,2,February,1,Tuesday,23.26,1246.68,Lucrativo
2024-02-27 16:38:01.872749096,RS,Loja Física,Acessórios,Corporativo,Produto_7,11,14196.70978938126,11104.347213219326,3092.362576161933,2024,2,February,1,Tuesday,21.78,1290.61,Lucrativo
2024-02-27 16:38:01.872749096,RS,Marketplace,Eletrônicos,Varejo,Produto_78,13,15083.042306115096,12596.339443564391,2486.7028625507046,2024,2,February,1,Tuesday,16.49,1160.23,Lucrativo
2024-02-27 16:38:01.872749096,ES,Online,Informática,Distribuidor,Produto_23,1,2060.9170004736143,1551.2281759931748,509.6888244804395,2024,2,February,1,Tuesday,24.73,2060.92,Lucrativo
2024-02-28 06:39:19.663865544,SP,Loja Física,Móveis,Corporativo,Produto_56,9,1986.2866605401105,1344.5524840964922,641.7341764436183,2024,2,February,1,Wednesday,32.31,220.7,Lucrativo
2024-02-28 06:39:19.663865544,SC,Representante,Eletrônicos,Distribuidor,Produto_52,11,20298.120103247365,13442.456995851642,6855.663107395723,2024,2,February,1,Wednesday,33.77,1845.28,Lucrativo
2024-02-28 06:39:19.663865544,PR,Loja Física,Acessórios,Corporativo,Produto_61,2,2706.2656925295887,2131.850587601975,574.4151049276138,2024,2,February,1,Wednesday,21.23,1353.13,Lucrativo
2024-02-28 13:39:58.559423768,MG,Loja Física,Serviços,Varejo,Produto_28,11,19533.204816043293,12831.147664871192,6702.057151172101,2024,2,February,1,Wednesday,34.31,1775.75,Lucrativo
2024-02-28 13:39:58.559423768,PR,Marketplace,Acessórios,Corporativo,Produto_44,4,5867.414768811687,4080.560738154489,1786.854030657198,2024,2,February,1,Wednesday,30.45,1466.85,Lucrativo
2024-02-29 03:41:16.350540216,BA,Loja Física,Móveis,Corporativo,Produto_80,4,8263.086567580227,4666.310878792618,3596.7756887876094,2024,2,February,1,Thursday,43.53,2065.77,Lucrativo
2024-03-01 00:43:13.037214888,RS,Online,Eletrônicos,Corporativo,Produto_111,7,3590.0648962909863,2144.490309724175,1445.5745865668114,2024,3,March,1,Friday,40.27,512.87,Lucrativo
2024-03-01 07:43:51.932773112,PR,Loja Física,Móveis,Varejo,Produto_53,10,23070.57963402852,16033.391402624424,7037.188231404092,2024,3,March,1,Friday,30.5,2307.06,Lucrativo
2024-03-01 14:44:30.828331336,MG,Loja Física,Acessórios,Varejo,Produto_112,7,16940.93795853419,12759.04816063662,4181.889797897569,2024,3,March,1,Friday,24.69,2420.13,Lucrativo
2024-03-01 14:44:30.828331336,RJ,Online,Móveis,Varejo,Produto_38,14,29713.234882825844,22112.474766915213,7600.760115910631,2024,3,March,1,Friday,25.58,2122.37,Lucrativo
2024-03-02 04:45:48.619447776,BA,Marketplace,Móveis,Distribuidor,Produto_63,3,6275.540264300262,4210.007195508213,2065.5330687920487,2024,3,March,1,Saturday,32.91,2091.85,Lucrativo
2024-03-02 04:45:48.619447776,MG,Online,Serviços,Corporativo,Produto_14,6,5486.80854009045,3995.391008822613,1491.4175312678376,2024,3,March,1,Saturday,27.18,914.47,Lucrativo
2024-03-02 11:46:27.515006000,BA,Marketplace,Móveis,Corporativo,Produto_43,2,1815.9280880811373,1054.5548667406613,761.373221340476,2024,3,March,1,Saturday,41.93,907.96,Lucrativo
2024-03-02 18:47:06.410564224,RS,Loja Física,Móveis,Varejo,Produto_65,11,7215.938887313121,6064.03182753578,1151.9070597773407,2024,3,March,1,Saturday,15.96,655.99,Lucrativo
2024-03-02 18:47:06.410564224,RJ,Loja Física,Móveis,Distribuidor,Produto_44,6,10618.716949363788,6558.130986443292,4060.585962920496,2024,3,March,1,Saturday,38.24,1769.79,Lucrativo
2024-03-02 18:47:06.410564224,PR,Marketplace,Móveis,Distribuidor,Produto_99,6,14407.879430260096,9790.958892992832,4616.920537267262,2024,3,March,1,Saturday,32.04,2401.31,Lucrativo
2024-03-03 01:47:45.306122448,SC,Representante,Informática,Corporativo,Produto_81,6,4034.320357178373,2961.118446935317,1073.2019102430554,2024,3,March,1,Sunday,26.6,672.39,Lucrativo
2024-03-03 08:48:24.201680672,SP,Representante,Serviços,Distribuidor,Produto_17,10,10515.940306798551,8719.948136931309,1795.9921698672424,2024,3,March,1,Sunday,17.08,1051.59,Lucrativo
2024-03-03 15:49:03.097238896,ES,Representante,Eletrônicos,Varejo,Produto_108,8,18052.08794919821,12568.602727746313,5483.485221451896,2024,3,March,1,Sunday,30.38,2256.51,Lucrativo
2024-03-03 15:49:03.097238896,BA,Representante,Eletrônicos,Varejo,Produto_86,7,10913.23392153637,6625.8067864063605,4287.427135130009,2024,3,March,1,Sunday,39.29,1559.03,Lucrativo
2024-03-03 22:49:41.992797120,RJ,Marketplace,Acessórios,Distribuidor,Produto_11,4,1447.7287701018552,887.7194098477943,560.0093602540609,2024,3,March,1,Sunday,38.68,361.93,Lucrativo
2024-03-04 05:50:20.888355344,PR,Loja Física,Acessórios,Corporativo,Produto_79,11,15683.08793693626,9863.271845451569,5819.816091484692,2024,3,March,1,Monday,37.11,1425.74,Lucrativo
2024-03-04 05:50:20.888355344,RS,Online,Eletrônicos,Corporativo,Produto_5,10,14389.031258279534,10236.85380044185,4152.177457837684,2024,3,March,1,Monday,28.86,1438.9,Lucrativo
2024-03-05 02:52:17.575030008,MG,Loja Física,Informática,Corporativo,Produto_74,9,18074.34463018793,10298.149605407578,7776.195024780352,2024,3,March,1,Tuesday,43.02,2008.26,Lucrativo
2024-03-05 23:54:14.261704680,SP,Representante,Informática,Corporativo,Produto_51,1,1132.5278135759495,766.7060933573681,365.8217202185816,2024,3,March,1,Tuesday,32.3,1132.53,Lucrativo
2024-03-05 23:54:14.261704680,SC,Representante,Informática,Corporativo,Produto_77,1,1790.1684789946617,1447.0227683397457,343.145710654916,2024,3,March,1,Tuesday,19.17,1790.17,Lucrativo
2024-03-06 06:54:53.157262904,SC,Loja Física,Móveis,Distribuidor,Produto_103,11,7962.717364989484,5122.524341408945,2840.1930235805394,2024,3,March,1,Wednesday,35.67,723.88,Lucrativo
2024-03-06 06:54:53.157262904,SC,Marketplace,Eletrônicos,Corporativo,Produto_20,10,8567.209058932145,7124.823229169617,1442.3858297625284,2024,3,March,1,Wednesday,16.84,856.72,Lucrativo
2024-03-06 06:54:53.157262904,MG,Online,Eletrônicos,Varejo,Produto_81,8,11003.06111592355,8532.589186624433,2470.4719292991176,2024,3,March,1,Wednesday,22.45,1375.38,Lucrativo
2024-03-06 13:55:32.052821128,SC,Loja Física,Informática,Corporativo,Produto_22,5,11644.221778998044,6687.571194201506,4956.650584796538,2024,3,March,1,Wednesday,42.57,2328.84,Lucrativo
2024-03-06 13:55:32.052821128,ES,Representante,Acessórios,Corporativo,Produto_113,10,22275.275784547324,12504.633896677247,9770.641887870075,2024,3,March,1,Wednesday,43.86,2227.53,Lucrativo
2024-03-06 20:56:10.948379352,SC,Online,Acessórios,Varejo,Produto_37,10,16094.992580642596,8981.881110921146,7113.111469721451,2024,3,March,1,Wednesday,44.19,1609.5,Lucrativo
2024-03-06 20:56:10.948379352,RJ,Loja Física,Serviços,Varejo,Produto_84,14,17494.79646539225,11540.593627205502,5954.202838186748,2024,3,March,1,Wednesday,34.03,1249.63,Lucrativo
2024-03-07 03:56:49.843937576,SP,Marketplace,Móveis,Varejo,Produto_68,9,17286.304711009445,12245.793969820515,5040.510741188928,2024,3,March,1,Thursday,29.16,1920.7,Lucrativo
2024-03-07 17:58:07.635054024,BA,Representante,Móveis,Corporativo,Produto_36,4,9475.723729751458,8016.382830372212,1459.3408993792464,2024,3,March,1,Thursday,15.4,2368.93,Lucrativo
2024-03-07 17:58:07.635054024,RJ,Marketplace,Acessórios,Varejo,Produto_38,5,1421.6953445610818,936.4336678492132,485.2616767118688,2024,3,March,1,Thursday,34.13,284.34,Lucrativo
2024-03-08 00:58:46.530612248,PR,Loja Física,Serviços,Varejo,Produto_47,14,14650.636766311576,8584.075517035146,6066.56124927643,2024,3,March,1,Friday,41.41,1046.47,Lucrativo
2024-03-08 00:58:46.530612248,ES,Marketplace,Serviços,Corporativo,Produto_52,13,10408.236026420824,7187.438768626173,3220.7972577946502,2024,3,March,1,Friday,30.94,800.63,Lucrativo
2024-03-08 15:00:04.321728688,SC,Online,Móveis,Corporativo,Produto_79,3,1929.4273363486288,1518.491326226937,410.93601012169165,2024,3,March,1,Friday,21.3,643.14,Lucrativo
2024-03-08 22:00:43.217286912,BA,Representante,Eletrônicos,Varejo,Produto_103,7,5028.908771295469,2946.765641952064,2082.143129343405,2024,3,March,1,Friday,41.4,718.42,Lucrativo
2024-03-10 02:03:18.799519808,SC,Representante,Acessórios,Varejo,Produto_46,12,8316.333155180091,6204.234238107002,2112.098917073089,2024,3,March,1,Sunday,25.4,693.03,Lucrativo
2024-03-10 02:03:18.799519808,RS,Loja Física,Acessórios,Varejo,Produto_101,7,3240.128155265473,2591.181063242079,648.9470920233944,2024,3,March,1,Sunday,20.03,462.88,Lucrativo
2024-03-10 23:05:15.486194480,MG,Loja Física,Acessórios,Corporativo,Produto_82,7,6909.904681260344,4028.431385510257,2881.473295750087,2024,3,March,1,Sunday,41.7,987.13,Lucrativo
2024-03-11 06:05:54.381752704,ES,Loja Física,Acessórios,Distribuidor,Produto_59,14,18486.32523316593,13953.954737787892,4532.370495378042,2024,3,March,1,Monday,24.52,1320.45,Lucrativo
2024-03-11 13:06:33.277310920,ES,Marketplace,Eletrônicos,Distribuidor,Produto_50,6,13274.936828146709,9825.600259013943,3449.3365691327635,2024,3,March,1,Monday,25.98,2212.49,Lucrativo
2024-03-11 20:07:12.172869144,BA,Representante,Eletrônicos,Varejo,Produto_26,1,1647.5466961868308,973.8632846165332,673.6834115702977,2024,3,March,1,Monday,40.89,1647.55,Lucrativo
2024-03-11 20:07:12.172869144,SC,Loja Física,Serviços,Varejo,Produto_5,13,7239.857201001347,5400.769763174957,1839.0874378263895,2024,3,March,1,Monday,25.4,556.91,Lucrativo
2024-03-12 03:07:51.068427368,MG,Representante,Eletrônicos,Corporativo,Produto_106,8,8121.0863814664435,6274.891801957351,1846.1945795090924,2024,3,March,1,Tuesday,22.73,1015.14,Lucrativo
2024-03-12 10:08:29.963985592,PR,Loja Física,Serviços,Distribuidor,Produto_7,1,1902.0219952432312,1053.4486911923002,848.573304050931,2024,3,March,1,Tuesday,44.61,1902.02,Lucrativo
2024-03-12 10:08:29.963985592,PR,Marketplace,Móveis,Distribuidor,Produto_39,12,28951.53038540357,17666.90376065134,11284.626624752227,2024,3,March,1,Tuesday,38.98,2412.63,Lucrativo
2024-03-12 17:09:08.859543816,ES,Loja Física,Eletrônicos,Varejo,Produto_70,4,9262.14812204659,7442.936565811712,1819.211556234878,2024,3,March,1,Tuesday,19.64,2315.54,Lucrativo
2024-03-13 00:09:47.755102040,ES,Loja Física,Eletrônicos,Varejo,Produto_14,3,4714.093457637364,2695.967052528704,2018.12640510866,2024,3,March,1,Wednesday,42.81,1571.36,Lucrativo
2024-03-13 07:10:26.650660264,SP,Loja Física,Eletrônicos,Varejo,Produto_1,14,10049.258561839277,5839.414572989896,4209.843988849379,2024,3,March,1,Wednesday,41.89,717.8,Lucrativo
2024-03-13 07:10:26.650660264,SP,Representante,Acessórios,Corporativo,Produto_108,2,861.033798718861,523.621033756884,337.412764961977,2024,3,March,1,Wednesday,39.19,430.52,Lucrativo
2024-03-14 18:13:41.128451384,PR,Online,Móveis,Varejo,Produto_2,7,12365.526985689292,10104.499603566324,2261.0273821229675,2024,3,March,1,Thursday,18.28,1766.5,Lucrativo
2024-03-15 01:14:20.024009600,ES,Online,Eletrônicos,Varejo,Produto_100,2,3335.731309859155,2226.8280670853537,1108.9032427738011,2024,3,March,1,Friday,33.24,1667.87,Lucrativo
2024-03-15 01:14:20.024009600,BA,Loja Física,Informática,Varejo,Produto_33,6,11632.206543486398,7401.851658767249,4230.354884719149,2024,3,March,1,Friday,36.37,1938.7,Lucrativo
2024-03-15 15:15:37.815126048,MG,Representante,Serviços,Varejo,Produto_40,3,5488.205510533184,3062.7237434228805,2425.4817671103037,2024,3,March,1,Friday,44.19,1829.4,Lucrativo
2024-03-15 22:16:16.710684272,PR,Online,Serviços,Distribuidor,Produto_12,11,22457.785188787933,17420.693351139547,5037.091837648386,2024,3,March,1,Friday,22.43,2041.62,Lucrativo
2024-03-15 22:16:16.710684272,RS,Online,Acessórios,Distribuidor,Produto_65,2,3757.9758425886384,2865.0587997901816,892.9170427984568,2024,3,March,1,Friday,23.76,1878.99,Lucrativo
2024-03-16 12:17:34.501800720,MG,Loja Física,Móveis,Varejo,Produto_106,7,12174.477374826,6808.809452061813,5365.667922764188,2024,3,March,1,Saturday,44.07,1739.21,Lucrativo
2024-03-17 02:18:52.292917168,RS,Representante,Eletrônicos,Varejo,Produto_111,4,5791.4885070608,4178.858881410431,1612.6296256503683,2024,3,March,1,Sunday,27.84,1447.87,Lucrativo
2024-03-17 09:19:31.188475392,ES,Marketplace,Acessórios,Corporativo,Produto_58,2,4694.9897760062695,2989.836238414058,1705.1535375922117,2024,3,March,1,Sunday,36.32,2347.49,Lucrativo
2024-03-18 13:22:06.770708280,MG,Marketplace,Serviços,Corporativo,Produto_79,2,2288.336576608271,1889.0008430167384,399.3357335915325,2024,3,March,1,Monday,17.45,1144.17,Lucrativo
2024-03-18 20:22:45.666266504,RS,Representante,Eletrônicos,Distribuidor,Produto_107,8,10925.378079378084,7703.568850125029,3221.8092292530555,2024,3,March,1,Monday,29.49,1365.67,Lucrativo
2024-03-19 03:23:24.561824728,MG,Loja Física,Eletrônicos,Varejo,Produto_44,14,33585.2833361712,27745.235985331696,5840.047350839501,2024,3,March,1,Tuesday,17.39,2398.95,Lucrativo
2024-03-19 03:23:24.561824728,RS,Representante,Acessórios,Corporativo,Produto_86,12,11748.83004332765,7428.834767661348,4319.995275666302,2024,3,March,1,Tuesday,36.77,979.07,Lucrativo
2024-03-19 10:24:03.457382952,PR,Representante,Móveis,Varejo,Produto_1,11,5360.145803653935,3843.677610698258,1516.4681929556773,2024,3,March,1,Tuesday,28.29,487.29,Lucrativo
2024-03-19 10:24:03.457382952,PR,Loja Física,Eletrônicos,Distribuidor,Produto_11,14,12778.349986116356,8800.459396807546,3977.890589308809,2024,3,March,1,Tuesday,31.13,912.74,Lucrativo
2024-03-19 17:24:42.352941176,SC,Loja Física,Informática,Varejo,Produto_114,12,14683.297709309712,12264.568682823548,2418.729026486164,2024,3,March,1,Tuesday,16.47,1223.61,Lucrativo
2024-03-20 14:26:39.039615848,SC,Online,Informática,Distribuidor,Produto_97,4,7423.459366942652,4965.081245392786,2458.3781215498666,2024,3,March,1,Wednesday,33.12,1855.86,Lucrativo
2024-03-20 14:26:39.039615848,RS,Loja Física,Acessórios,Distribuidor,Produto_72,14,23059.670039186734,16128.960099502396,6930.7099396843405,2024,3,March,1,Wednesday,30.06,1647.12,Lucrativo
2024-03-20 14:26:39.039615848,SC,Loja Física,Eletrônicos,Corporativo,Produto_107,2,2662.495560084313,1734.5172731636274,927.9782869206858,2024,3,March,1,Wednesday,34.85,1331.25,Lucrativo
2024-03-20 21:27:17.935174072,BA,Marketplace,Serviços,Corporativo,Produto_80,1,817.6433187631396,485.9178932115416,331.72542555159805,2024,3,March,1,Wednesday,40.57,817.64,Lucrativo
2024-03-20 21:27:17.935174072,RS,Loja Física,Serviços,Distribuidor,Produto_60,8,11531.555926666311,6737.849169080145,4793.706757586168,2024,3,March,1,Wednesday,41.57,1441.44,Lucrativo
2024-03-21 04:27:56.830732296,BA,Representante,Serviços,Varejo,Produto_7,4,1360.3355245867276,1068.5391910127678,291.7963335739598,2024,3,March,1,Thursday,21.45,340.08,Lucrativo
2024-03-21 11:28:35.726290512,ES,Online,Eletrônicos,Distribuidor,Produto_42,10,5924.542789933152,4953.916171413688,970.6266185194636,2024,3,March,1,Thursday,16.38,592.45,Lucrativo
2024-03-21 11:28:35.726290512,RS,Online,Móveis,Distribuidor,Produto_18,3,4303.65163172542,2511.1420207199926,1792.5096110054274,2024,3,March,1,Thursday,41.65,1434.55,Lucrativo
2024-03-21 18:29:14.621848736,SP,Representante,Serviços,Distribuidor,Produto_100,2,2044.938775056688,1525.6524293613718,519.2863456953162,2024,3,March,1,Thursday,25.39,1022.47,Lucrativo
2024-03-22 08:30:32.412965184,MG,Online,Eletrônicos,Corporativo,Produto_26,1,2228.6334369407227,1494.8095616866938,733.823875254029,2024,3,March,1,Friday,32.93,2228.63,Lucrativo
2024-03-22 08:30:32.412965184,ES,Representante,Serviços,Corporativo,Produto_28,11,8776.585304256942,7328.250792255204,1448.3345120017375,2024,3,March,1,Friday,16.5,797.87,Lucrativo
2024-03-22 15:31:11.308523408,SP,Representante,Móveis,Distribuidor,Produto_63,13,18895.551239050485,10665.795561802037,8229.75567724845,2024,3,March,1,Friday,43.55,1453.5,Lucrativo
2024-03-22 22:31:50.204081632,MG,Representante,Serviços,Varejo,Produto_88,3,5471.284349573913,3244.499228580593,2226.78512099332,2024,3,March,1,Friday,40.7,1823.76,Lucrativo
2024-03-22 22:31:50.204081632,ES,Marketplace,Móveis,Distribuidor,Produto_79,10,22441.50123753537,14005.888163377564,8435.613074157804,2024,3,March,1,Friday,37.59,2244.15,Lucrativo
2024-03-23 05:32:29.099639856,RS,Marketplace,Acessórios,Varejo,Produto_6,7,15138.50049785274,11313.709873013491,3824.790624839248,2024,3,March,1,Saturday,25.27,2162.64,Lucrativo
2024-03-23 12:33:07.995198080,SP,Representante,Acessórios,Varejo,Produto_61,8,13794.417209610983,8436.446330531006,5357.970879079978,2024,3,March,1,Saturday,38.84,1724.3,Lucrativo
2024-03-24 02:34:25.786314528,SC,Online,Eletrônicos,Corporativo,Produto_82,6,8434.004984614725,4808.159864735492,3625.8451198792327,2024,3,March,1,Sunday,42.99,1405.67,Lucrativo
2024-03-24 09:35:04.681872752,MG,Online,Acessórios,Varejo,Produto_117,9,20012.06957689573,12615.662595915195,7396.406980980535,2024,3,March,1,Sunday,36.96,2223.56,Lucrativo
2024-03-24 23:36:22.472989192,BA,Loja Física,Móveis,Distribuidor,Produto_49,11,24385.064422062987,15376.964739744106,9008.099682318882,2024,3,March,1,Sunday,36.94,2216.82,Lucrativo
2024-03-24 23:36:22.472989192,MG,Marketplace,Acessórios,Distribuidor,Produto_13,3,7320.831773045061,4861.864537595292,2458.967235449769,2024,3,March,1,Sunday,33.59,2440.28,Lucrativo
2024-03-24 23:36:22.472989192,ES,Loja Física,Móveis,Varejo,Produto_45,7,10634.92594115927,8323.485663835592,2311.440277323678,2024,3,March,1,Sunday,21.73,1519.28,Lucrativo
2024-03-25 06:37:01.368547416,BA,Loja Física,Informática,Distribuidor,Produto_39,9,20290.03510203314,13170.95582971844,7119.079272314699,2024,3,March,1,Monday,35.09,2254.45,Lucrativo
2024-03-25 06:37:01.368547416,MG,Loja Física,Eletrônicos,Varejo,Produto_115,6,6185.789659439688,3705.986355384113,2479.803304055575,2024,3,March,1,Monday,40.09,1030.96,Lucrativo
2024-03-25 20:38:19.159663864,MG,Loja Física,Móveis,Corporativo,Produto_4,9,10809.278811567969,7033.031984383934,3776.2468271840335,2024,3,March,1,Monday,34.94,1201.03,Lucrativo
2024-03-25 20:38:19.159663864,RJ,Marketplace,Serviços,Varejo,Produto_113,8,1676.6362283016365,1182.6194153615893,494.0168129400472,2024,3,March,1,Monday,29.46,209.58,Lucrativo
2024-03-25 20:38:19.159663864,RJ,Online,Acessórios,Corporativo,Produto_13,1,577.418294559695,370.5058475095415,206.9124470501535,2024,3,March,1,Monday,35.83,577.42,Lucrativo
2024-03-26 03:38:58.055222088,SC,Marketplace,Eletrônicos,Distribuidor,Produto_100,3,6198.907596060035,4170.699033674378,2028.2085623856565,2024,3,March,1,Tuesday,32.72,2066.3,Lucrativo
2024-03-27 14:42:12.533013208,SC,Marketplace,Serviços,Varejo,Produto_102,5,9224.592812912677,5500.318638363194,3724.274174549483,2024,3,March,1,Wednesday,40.37,1844.92,Lucrativo
2024-03-27 14:42:12.533013208,BA,Loja Física,Móveis,Corporativo,Produto_1,10,7742.178562129524,6324.797373342946,1417.3811887865777,2024,3,March,1,Wednesday,18.31,774.22,Lucrativo
2024-03-27 21:42:51.428571432,PR,Online,Móveis,Corporativo,Produto_119,14,30652.26733892731,17314.714568158386,13337.552770768923,2024,3,March,1,Wednesday,43.51,2189.45,Lucrativo
2024-03-28 04:43:30.324129648,MG,Marketplace,Eletrônicos,Corporativo,Produto_87,3,4085.05002205815,2400.843018177631,1684.2070038805186,2024,3,March,1,Thursday,41.23,1361.68,Lucrativo
2024-03-28 11:44:09.219687872,ES,Online,Eletrônicos,Corporativo,Produto_110,10,10736.63539450943,6558.497761733296,4178.137632776135,2024,3,March,1,Thursday,38.91,1073.66,Lucrativo
2024-03-28 11:44:09.219687872,ES,Online,Informática,Distribuidor,Produto_46,9,11248.003942065852,8053.065198616428,3194.9387434494247,2024,3,March,1,Thursday,28.4,1249.78,Lucrativo
2024-03-29 01:45:27.010804320,SC,Loja Física,Serviços,Distribuidor,Produto_29,8,1799.463541303376,1437.896809061625,361.5667322417512,2024,3,March,1,Friday,20.09,224.93,Lucrativo
2024-03-29 01:45:27.010804320,MG,Marketplace,Serviços,Varejo,Produto_85,5,9228.297680474472,5322.337668743021,3905.9600117314512,2024,3,March,1,Friday,42.33,1845.66,Lucrativo
2024-03-29 01:45:27.010804320,PR,Online,Serviços,Corporativo,Produto_30,5,12334.4665821387,9058.277272930338,3276.189309208361,2024,3,March,1,Friday,26.56,2466.89,Lucrativo
2024-03-29 08:46:05.906362544,RJ,Loja Física,Móveis,Corporativo,Produto_108,9,12789.510877119928,9157.717591840234,3631.793285279695,2024,3,March,1,Friday,28.4,1421.06,Lucrativo
2024-03-30 12:48:41.488595440,PR,Marketplace,Informática,Distribuidor,Produto_15,13,28971.867008179976,24393.90974598553,4577.957262194446,2024,3,March,1,Saturday,15.8,2228.61,Lucrativo
2024-03-30 12:48:41.488595440,ES,Online,Acessórios,Corporativo,Produto_104,11,3782.8197988137726,2164.593590083356,1618.226208730417,2024,3,March,1,Saturday,42.78,343.89,Lucrativo
2024-03-31 16:51:17.070828328,SC,Marketplace,Informática,Distribuidor,Produto_7,3,735.1794472566676,496.0539743774361,239.12547287923144,2024,3,March,1,Sunday,32.53,245.06,Lucrativo
2024-03-31 16:51:17.070828328,SP,Marketplace,Informática,Distribuidor,Produto_27,12,21883.32653307612,16744.876879122075,5138.449653954045,2024,3,March,1,Sunday,23.48,1823.61,Lucrativo
2024-04-01 13:53:13.757503000,RS,Representante,Acessórios,Varejo,Produto_36,9,4146.064455156598,2948.61202497141,1197.4524301851884,2024,4,April,2,Monday,28.88,460.67,Lucrativo
2024-04-02 03:54:31.548619448,MG,Marketplace,Acessórios,Varejo,Produto_38,3,3653.832699147584,2384.055237861131,1269.7774612864532,2024,4,April,2,Tuesday,34.75,1217.94,Lucrativo
2024-04-02 17:55:49.339735896,MG,Online,Serviços,Varejo,Produto_57,14,1861.9284291515269,1193.6120698365314,668.3163593149955,2024,4,April,2,Tuesday,35.89,132.99,Lucrativo
2024-04-02 17:55:49.339735896,RS,Representante,Informática,Distribuidor,Produto_101,8,3243.7531541271096,2025.785419686467,1217.9677344406423,2024,4,April,2,Tuesday,37.55,405.47,Lucrativo
2024-04-03 21:58:24.921968784,SC,Marketplace,Serviços,Corporativo,Produto_75,3,3328.0107940287235,1913.7247993037715,1414.285994724952,2024,4,April,2,Wednesday,42.5,1109.34,Lucrativo
2024-04-04 04:59:03.817527008,MG,Representante,Eletrônicos,Varejo,Produto_13,4,7057.122286349204,5043.671596852393,2013.4506894968108,2024,4,April,2,Thursday,28.53,1764.28,Lucrativo
2024-04-04 04:59:03.817527008,MG,Loja Física,Eletrônicos,Corporativo,Produto_68,12,4355.63724815506,2968.4785477021323,1387.1587004529274,2024,4,April,2,Thursday,31.85,362.97,Lucrativo
2024-04-04 04:59:03.817527008,MG,Online,Serviços,Distribuidor,Produto_28,5,3650.753161276336,2304.6629437871165,1346.0902174892194,2024,4,April,2,Thursday,36.87,730.15,Lucrativo
2024-04-04 04:59:03.817527008,RJ,Loja Física,Informática,Varejo,Produto_1,10,11076.587418202856,7389.992451025516,3686.594967177341,2024,4,April,2,Thursday,33.28,1107.66,Lucrativo
2024-04-04 04:59:03.817527008,MG,Marketplace,Serviços,Varejo,Produto_62,13,20431.209717783317,14589.111037698529,5842.098680084784,2024,4,April,2,Thursday,28.59,1571.63,Lucrativo
2024-04-04 11:59:42.713085232,MG,Online,Móveis,Varejo,Produto_13,9,5835.274080061332,4477.119712278474,1358.1543677828577,2024,4,April,2,Thursday,23.27,648.36,Lucrativo
2024-04-04 11:59:42.713085232,RS,Loja Física,Eletrônicos,Corporativo,Produto_51,13,8458.153183436081,7088.014930075259,1370.138253360822,2024,4,April,2,Thursday,16.2,650.63,Lucrativo
2024-04-04 11:59:42.713085232,SC,Online,Eletrônicos,Distribuidor,Produto_77,9,7428.980427694338,5434.3682003566,1994.6122273377375,2024,4,April,2,Thursday,26.85,825.44,Lucrativo
2024-04-04 11:59:42.713085232,PR,Representante,Eletrônicos,Distribuidor,Produto_107,11,9282.553404332204,5186.445105197444,4096.10829913476,2024,4,April,2,Thursday,44.13,843.87,Lucrativo
2024-04-04 19:00:21.608643456,RJ,Representante,Eletrônicos,Distribuidor,Produto_111,5,5967.262699447801,3900.56526301061,2066.6974364371918,2024,4,April,2,Thursday,34.63,1193.45,Lucrativo
2024-04-05 02:01:00.504201680,BA,Online,Eletrônicos,Corporativo,Produto_116,12,8333.714511950955,4842.601799915315,3491.1127120356405,2024,4,April,2,Friday,41.89,694.48,Lucrativo
2024-04-05 09:01:39.399759904,ES,Online,Informática,Varejo,Produto_115,9,2579.5136045598933,1591.5457432718113,987.967861288082,2024,4,April,2,Friday,38.3,286.61,Lucrativo
2024-04-05 16:02:18.295318128,SC,Marketplace,Acessórios,Distribuidor,Produto_68,1,1841.4738589908889,1464.4129412093632,377.0609177815254,2024,4,April,2,Friday,20.48,1841.47,Lucrativo
2024-04-05 16:02:18.295318128,SP,Marketplace,Serviços,Varejo,Produto_92,9,16841.510587712328,10973.014774507352,5868.495813204976,2024,4,April,2,Friday,34.85,1871.28,Lucrativo
2024-04-05 16:02:18.295318128,SP,Marketplace,Informática,Varejo,Produto_109,5,5783.72416473151,4038.169984984048,1745.5541797474625,2024,4,April,2,Friday,30.18,1156.74,Lucrativo
2024-04-06 06:03:36.086434576,MG,Online,Eletrônicos,Corporativo,Produto_29,6,14986.634286620469,10224.8459898093,4761.788296811168,2024,4,April,2,Saturday,31.77,2497.77,Lucrativo
2024-04-06 06:03:36.086434576,ES,Loja Física,Móveis,Distribuidor,Produto_78,8,8433.728965155304,6877.8979123219,1555.831052833404,2024,4,April,2,Saturday,18.45,1054.22,Lucrativo
2024-04-06 20:04:53.877551024,PR,Online,Eletrônicos,Varejo,Produto_98,4,3126.730933150068,2332.825600632885,793.9053325171822,2024,4,April,2,Saturday,25.39,781.68,Lucrativo
2024-04-06 20:04:53.877551024,BA,Loja Física,Móveis,Varejo,Produto_80,2,4372.194263954388,2928.003706741011,1444.190557213377,2024,4,April,2,Saturday,33.03,2186.1,Lucrativo
2024-04-07 03:05:32.773109240,MG,Online,Móveis,Varejo,Produto_12,7,663.2958846059552,503.8570892776232,159.4387953283319,2024,4,April,2,Sunday,24.04,94.76,Lucrativo
2024-04-07 10:06:11.668667464,RS,Loja Física,Eletrônicos,Corporativo,Produto_87,7,10120.687822049278,6259.004990893301,3861.6828311559775,2024,4,April,2,Sunday,38.16,1445.81,Lucrativo
2024-04-07 17:06:50.564225688,RJ,Online,Informática,Varejo,Produto_2,9,7258.864257103141,5616.003992421269,1642.8602646818726,2024,4,April,2,Sunday,22.63,806.54,Lucrativo
2024-04-08 00:07:29.459783912,SC,Marketplace,Serviços,Varejo,Produto_21,2,2935.605885716468,1654.3616566896387,1281.244229026829,2024,4,April,2,Monday,43.64,1467.8,Lucrativo
2024-04-08 00:07:29.459783912,RS,Marketplace,Eletrônicos,Distribuidor,Produto_67,5,9057.960142771202,6009.434827122409,3048.5253156487934,2024,4,April,2,Monday,33.66,1811.59,Lucrativo
2024-04-08 14:08:47.250900360,BA,Loja Física,Eletrônicos,Varejo,Produto_117,14,1373.386908596509,1070.949877229136,302.43703136737327,2024,4,April,2,Monday,22.02,98.1,Lucrativo
2024-04-08 14:08:47.250900360,MG,Marketplace,Eletrônicos,Corporativo,Produto_20,14,3967.1592032183535,2763.546342714232,1203.6128605041226,2024,4,April,2,Monday,30.34,283.37,Lucrativo
2024-04-08 21:09:26.146458584,RJ,Representante,Eletrônicos,Corporativo,Produto_54,14,7332.886318851593,4541.54437964861,2791.341939202984,2024,4,April,2,Monday,38.07,523.78,Lucrativo
2024-04-09 04:10:05.042016808,MG,Loja Física,Serviços,Corporativo,Produto_57,5,6007.747567265535,4498.451060392079,1509.2965068734557,2024,4,April,2,Tuesday,25.12,1201.55,Lucrativo
2024-04-09 04:10:05.042016808,ES,Representante,Eletrônicos,Distribuidor,Produto_107,1,1993.6164736797596,1674.748821868951,318.8676518108084,2024,4,April,2,Tuesday,15.99,1993.62,Lucrativo
2024-04-09 11:10:43.937575032,SC,Marketplace,Serviços,Distribuidor,Produto_1,9,9351.128181032638,7059.003097551885,2292.1250834807533,2024,4,April,2,Tuesday,24.51,1039.01,Lucrativo
2024-04-09 18:11:22.833133256,PR,Online,Eletrônicos,Varejo,Produto_6,12,29003.253684184543,23126.751369931564,5876.502314252979,2024,4,April,2,Tuesday,20.26,2416.94,Lucrativo
2024-04-10 01:12:01.728691480,SP,Loja Física,Eletrônicos,Distribuidor,Produto_40,14,3950.641581606272,3132.4995862986875,818.1419953075842,2024,4,April,2,Wednesday,20.71,282.19,Lucrativo
2024-04-10 15:13:19.519807920,SC,Marketplace,Eletrônicos,Varejo,Produto_86,4,4405.158278158778,3726.605447981911,678.5528301768668,2024,4,April,2,Wednesday,15.4,1101.29,Lucrativo
2024-04-10 15:13:19.519807920,ES,Marketplace,Móveis,Distribuidor,Produto_24,4,6912.380132764831,4608.54885388473,2303.8312788801004,2024,4,April,2,Wednesday,33.33,1728.1,Lucrativo
2024-04-11 05:14:37.310924368,PR,Loja Física,Eletrônicos,Varejo,Produto_95,9,15982.14224878478,9458.865300558526,6523.276948226254,2024,4,April,2,Thursday,40.82,1775.79,Lucrativo
2024-04-11 12:15:16.206482592,SP,Loja Física,Acessórios,Corporativo,Produto_54,9,19911.64812998799,16299.469099787724,3612.1790302002646,2024,4,April,2,Thursday,18.14,2212.41,Lucrativo
2024-04-11 12:15:16.206482592,PR,Loja Física,Acessórios,Corporativo,Produto_23,9,11785.615591087986,8598.060643701894,3187.554947386092,2024,4,April,2,Thursday,27.05,1309.51,Lucrativo
2024-04-11 12:15:16.206482592,ES,Marketplace,Informática,Varejo,Produto_95,6,14531.92504354449,8870.677557869169,5661.2474856753215,2024,4,April,2,Thursday,38.96,2421.99,Lucrativo
2024-04-11 19:15:55.102040816,ES,Loja Física,Informática,Corporativo,Produto_60,10,7576.009780081727,5017.856159359426,2558.1536207223007,2024,4,April,2,Thursday,33.77,757.6,Lucrativo
2024-04-12 16:17:51.788715488,PR,Online,Acessórios,Corporativo,Produto_54,3,2768.4598653061894,1888.197945465837,880.2619198403524,2024,4,April,2,Friday,31.8,922.82,Lucrativo
2024-04-12 23:18:30.684273712,SC,Online,Móveis,Corporativo,Produto_57,12,29805.55169364287,22470.434988213117,7335.116705429755,2024,4,April,2,Friday,24.61,2483.8,Lucrativo
2024-04-13 06:19:09.579831936,ES,Online,Serviços,Varejo,Produto_12,5,7071.090458310268,5566.234135607559,1504.856322702709,2024,4,April,2,Saturday,21.28,1414.22,Lucrativo
2024-04-13 06:19:09.579831936,SC,Loja Física,Móveis,Corporativo,Produto_17,9,17475.958909423196,14028.550719993413,3447.4081894297838,2024,4,April,2,Saturday,19.73,1941.77,Lucrativo
2024-04-13 06:19:09.579831936,BA,Marketplace,Eletrônicos,Varejo,Produto_8,1,2401.44870532748,1578.105477255829,823.3432280716511,2024,4,April,2,Saturday,34.29,2401.45,Lucrativo
2024-04-13 06:19:09.579831936,SC,Online,Acessórios,Distribuidor,Produto_113,12,27196.88823481959,21789.72209572098,5407.166139098612,2024,4,April,2,Saturday,19.88,2266.41,Lucrativo
2024-04-13 20:20:27.370948376,SC,Representante,Eletrônicos,Varejo,Produto_29,8,8717.5302581544,5804.212847126865,2913.317411027535,2024,4,April,2,Saturday,33.42,1089.69,Lucrativo
2024-04-13 20:20:27.370948376,SP,Marketplace,Acessórios,Corporativo,Produto_117,9,3648.69195182134,2329.86061251595,1318.83133930539,2024,4,April,2,Saturday,36.15,405.41,Lucrativo
2024-04-14 17:22:24.057623048,MG,Marketplace,Móveis,Distribuidor,Produto_119,7,5930.69510395242,4119.14293765007,1811.55216630235,2024,4,April,2,Sunday,30.55,847.24,Lucrativo
2024-04-15 00:23:02.953181272,PR,Loja Física,Acessórios,Varejo,Produto_80,11,8644.788875241513,6310.551402212239,2334.237473029274,2024,4,April,2,Monday,27.0,785.89,Lucrativo
2024-04-15 07:23:41.848739496,RS,Marketplace,Eletrônicos,Distribuidor,Produto_86,11,14321.688121646412,11967.94948819756,2353.738633448853,2024,4,April,2,Monday,16.43,1301.97,Lucrativo
2024-04-16 04:25:38.535414168,BA,Loja Física,Informática,Corporativo,Produto_58,2,3818.6700195464455,2654.7919531350444,1163.878066411401,2024,4,April,2,Tuesday,30.48,1909.34,Lucrativo
2024-04-16 11:26:17.430972392,SC,Online,Móveis,Distribuidor,Produto_12,12,3872.092485057755,2788.4837934915663,1083.6086915661886,2024,4,April,2,Tuesday,27.99,322.67,Lucrativo
2024-04-17 22:29:31.908763504,RS,Loja Física,Serviços,Varejo,Produto_82,8,10349.902485945442,5960.3002116225525,4389.60227432289,2024,4,April,2,Wednesday,42.41,1293.74,Lucrativo
2024-04-17 22:29:31.908763504,PR,Loja Física,Serviços,Varejo,Produto_75,13,14474.978569144483,10241.995093973714,4232.983475170771,2024,4,April,2,Wednesday,29.24,1113.46,Lucrativo
2024-04-18 12:30:49.699879952,ES,Loja Física,Acessórios,Corporativo,Produto_48,11,20426.65415442881,14334.919345167553,6091.734809261256,2024,4,April,2,Thursday,29.82,1856.97,Lucrativo
2024-04-18 12:30:49.699879952,PR,Loja Física,Móveis,Distribuidor,Produto_25,8,15157.429293695286,12778.89902815168,2378.530265543606,2024,4,April,2,Thursday,15.69,1894.68,Lucrativo
2024-04-18 19:31:28.595438176,ES,Marketplace,Serviços,Corporativo,Produto_33,11,11930.772440925664,8703.195905779112,3227.5765351465507,2024,4,April,2,Thursday,27.05,1084.62,Lucrativo
2024-04-19 09:32:46.386554624,ES,Online,Informática,Corporativo,Produto_98,2,2653.371279942615,1733.4741673364963,919.8971126061184,2024,4,April,2,Friday,34.67,1326.69,Lucrativo
2024-04-19 09:32:46.386554624,ES,Loja Física,Móveis,Corporativo,Produto_1,8,14894.40056987847,11807.601427058202,3086.799142820268,2024,4,April,2,Friday,20.72,1861.8,Lucrativo
2024-04-19 16:33:25.282112848,RJ,Loja Física,Eletrônicos,Corporativo,Produto_38,2,201.63257975038377,169.66500615440637,31.9675735959774,2024,4,April,2,Friday,15.85,100.82,Lucrativo
2024-04-19 16:33:25.282112848,RJ,Loja Física,Serviços,Varejo,Produto_58,1,2244.8429296709,1526.9258962826807,717.9170333882189,2024,4,April,2,Friday,31.98,2244.84,Lucrativo
2024-04-19 23:34:04.177671072,ES,Marketplace,Informática,Corporativo,Produto_33,7,11074.862288016946,9124.116259335204,1950.7460286817425,2024,4,April,2,Friday,17.61,1582.12,Lucrativo
2024-04-20 06:34:43.073229288,RS,Online,Eletrônicos,Varejo,Produto_23,10,591.0444566636078,429.01920174385657,162.0252549197512,2024,4,April,2,Saturday,27.41,59.1,Lucrativo
2024-04-20 13:35:21.968787512,RJ,Marketplace,Serviços,Corporativo,Produto_60,2,3474.2737812454907,2858.169351567892,616.1044296775985,2024,4,April,2,Saturday,17.73,1737.14,Lucrativo
2024-04-20 13:35:21.968787512,PR,Marketplace,Acessórios,Distribuidor,Produto_6,12,1802.0806662256844,1358.5747139181478,443.5059523075365,2024,4,April,2,Saturday,24.61,150.17,Lucrativo
2024-04-20 20:36:00.864345736,SP,Online,Informática,Varejo,Produto_26,12,5123.191627797938,3074.54050252331,2048.651125274628,2024,4,April,2,Saturday,39.99,426.93,Lucrativo
2024-04-20 20:36:00.864345736,BA,Marketplace,Eletrônicos,Corporativo,Produto_27,12,11755.694374299972,9535.133630846987,2220.560743452983,2024,4,April,2,Saturday,18.89,979.64,Lucrativo
2024-04-20 20:36:00.864345736,MG,Loja Física,Móveis,Distribuidor,Produto_31,5,3995.10674146456,3137.394013663631,857.7127278009293,2024,4,April,2,Saturday,21.47,799.02,Lucrativo
2024-04-20 20:36:00.864345736,PR,Marketplace,Informática,Distribuidor,Produto_29,13,23139.994569965645,14543.164552250832,8596.830017714812,2024,4,April,2,Saturday,37.15,1780.0,Lucrativo
2024-04-20 20:36:00.864345736,SC,Loja Física,Serviços,Distribuidor,Produto_40,12,5851.072534115392,4514.83038446013,1336.2421496552624,2024,4,April,2,Saturday,22.84,487.59,Lucrativo
2024-04-20 20:36:00.864345736,PR,Loja Física,Informática,Distribuidor,Produto_9,4,8037.458308385823,6641.434714346563,1396.0235940392604,2024,4,April,2,Saturday,17.37,2009.36,Lucrativo
2024-04-22 00:38:36.446578632,MG,Representante,Informática,Varejo,Produto_6,4,8526.701100831871,6216.508988375453,2310.1921124564187,2024,4,April,2,Monday,27.09,2131.68,Lucrativo
2024-04-22 14:39:54.237695080,BA,Loja Física,Acessórios,Corporativo,Produto_37,12,11626.598974434764,9868.933209520314,1757.665764914449,2024,4,April,2,Monday,15.12,968.88,Lucrativo
2024-04-22 21:40:33.133253304,ES,Marketplace,Móveis,Distribuidor,Produto_98,3,7492.719543266179,6326.189936046398,1166.5296072197816,2024,4,April,2,Monday,15.57,2497.57,Lucrativo
2024-04-23 04:41:12.028811528,SP,Loja Física,Informática,Corporativo,Produto_17,1,1346.6503895507087,813.2745846651994,533.3758048855093,2024,4,April,2,Tuesday,39.61,1346.65,Lucrativo
2024-04-23 04:41:12.028811528,SC,Loja Física,Eletrônicos,Distribuidor,Produto_104,12,16342.474283404632,8991.495967673109,7350.978315731523,2024,4,April,2,Tuesday,44.98,1361.87,Lucrativo
2024-04-23 11:41:50.924369744,PR,Representante,Informática,Varejo,Produto_117,7,16095.609459743628,11003.285743163988,5092.32371657964,2024,4,April,2,Tuesday,31.64,2299.37,Lucrativo
2024-04-23 11:41:50.924369744,SP,Representante,Móveis,Corporativo,Produto_97,5,5368.191890543378,3591.4560705317576,1776.73582001162,2024,4,April,2,Tuesday,33.1,1073.64,Lucrativo
2024-04-24 01:43:08.715486192,ES,Marketplace,Serviços,Corporativo,Produto_55,13,9115.71158842822,6450.08065720456,2665.630931223661,2024,4,April,2,Wednesday,29.24,701.21,Lucrativo
2024-04-24 08:43:47.611044416,PR,Loja Física,Informática,Corporativo,Produto_27,10,5375.933454367185,3825.990746327399,1549.942708039786,2024,4,April,2,Wednesday,28.83,537.59,Lucrativo
2024-04-24 15:44:26.506602640,SC,Marketplace,Serviços,Corporativo,Produto_63,8,8006.689904539984,6462.401617650838,1544.2882868891463,2024,4,April,2,Wednesday,19.29,1000.84,Lucrativo
2024-04-24 15:44:26.506602640,SP,Marketplace,Acessórios,Varejo,Produto_114,7,11232.5349157769,8047.072548082448,3185.462367694454,2024,4,April,2,Wednesday,28.36,1604.65,Lucrativo
2024-04-24 15:44:26.506602640,BA,Online,Eletrônicos,Distribuidor,Produto_112,9,19052.53225645337,10693.650326906096,8358.881929547275,2024,4,April,2,Wednesday,43.87,2116.95,Lucrativo
2024-04-24 15:44:26.506602640,BA,Loja Física,Móveis,Distribuidor,Produto_117,13,21662.878836251235,18270.31681342533,3392.562022825903,2024,4,April,2,Wednesday,15.66,1666.38,Lucrativo
2024-04-25 05:45:44.297719088,PR,Marketplace,Móveis,Varejo,Produto_3,7,16193.636589153792,10392.386638648975,5801.249950504816,2024,4,April,2,Thursday,35.82,2313.38,Lucrativo
2024-04-25 19:47:02.088835536,SP,Representante,Eletrônicos,Varejo,Produto_80,7,4199.7097107005375,3493.9294113030032,705.7802993975342,2024,4,April,2,Thursday,16.81,599.96,Lucrativo
2024-04-26 02:47:40.984393760,SC,Loja Física,Informática,Distribuidor,Produto_116,13,24457.65064482259,15330.84118686133,9126.80945796126,2024,4,April,2,Friday,37.32,1881.36,Lucrativo
2024-04-26 09:48:19.879951984,BA,Online,Eletrônicos,Corporativo,Produto_15,2,4869.0727430037,3973.167871900332,895.9048711033674,2024,4,April,2,Friday,18.4,2434.54,Lucrativo
2024-04-26 16:48:58.775510200,SP,Marketplace,Informática,Distribuidor,Produto_6,2,1864.6452700919845,1049.4875913082258,815.1576787837587,2024,4,April,2,Friday,43.72,932.32,Lucrativo
2024-04-27 06:50:16.566626648,BA,Online,Serviços,Distribuidor,Produto_13,11,23933.0066869784,15238.080249830902,8694.926437147496,2024,4,April,2,Saturday,36.33,2175.73,Lucrativo
2024-04-27 20:51:34.357743096,BA,Loja Física,Móveis,Varejo,Produto_58,2,4760.449784783706,3116.784349877988,1643.665434905718,2024,4,April,2,Saturday,34.53,2380.22,Lucrativo
2024-04-28 10:52:52.148859544,SP,Loja Física,Serviços,Distribuidor,Produto_67,13,14172.275436878845,8078.133778461834,6094.14165841701,2024,4,April,2,Sunday,43.0,1090.18,Lucrativo
2024-04-28 10:52:52.148859544,RS,Marketplace,Informática,Varejo,Produto_35,8,6646.033013164168,5137.734068461623,1508.2989447025448,2024,4,April,2,Sunday,22.69,830.75,Lucrativo
2024-04-28 17:53:31.044417768,PR,Representante,Serviços,Corporativo,Produto_113,9,14423.79071152089,11258.65469087345,3165.13602064744,2024,4,April,2,Sunday,21.94,1602.64,Lucrativo
2024-04-28 17:53:31.044417768,PR,Marketplace,Informática,Distribuidor,Produto_29,7,17233.615448538367,12441.644615881529,4791.97083265684,2024,4,April,2,Sunday,27.81,2461.95,Lucrativo
2024-04-29 07:54:48.835534216,RJ,Online,Acessórios,Distribuidor,Produto_113,4,688.0427723648924,456.2486671509276,231.7941052139648,2024,4,April,2,Monday,33.69,172.01,Lucrativo
2024-04-29 14:55:27.731092440,PR,Online,Serviços,Corporativo,Produto_88,13,25255.23325663321,20946.42694436217,4308.806312271037,2024,4,April,2,Monday,17.06,1942.71,Lucrativo
2024-04-29 14:55:27.731092440,RS,Loja Física,Informática,Varejo,Produto_111,14,30283.78570263303,16688.847097907663,13594.938604725368,2024,4,April,2,Monday,44.89,2163.13,Lucrativo
2024-04-29 21:56:06.626650656,RS,Online,Serviços,Distribuidor,Produto_58,3,1783.8392456472263,1209.9459553037098,573.8932903435166,2024,4,April,2,Monday,32.17,594.61,Lucrativo
2024-04-30 04:56:45.522208880,SP,Marketplace,Móveis,Corporativo,Produto_99,2,888.1821409315006,723.5806178925047,164.60152303899588,2024,4,April,2,Tuesday,18.53,444.09,Lucrativo
2024-04-30 04:56:45.522208880,PR,Marketplace,Acessórios,Distribuidor,Produto_26,9,4958.241160297702,3460.000143095147,1498.2410172025548,2024,4,April,2,Tuesday,30.22,550.92,Lucrativo
2024-05-01 23:00:38.895558224,SC,Marketplace,Serviços,Varejo,Produto_44,4,2528.6191619074966,1686.3279627898412,842.2911991176554,2024,5,May,2,Wednesday,33.31,632.15,Lucrativo
2024-05-02 06:01:17.791116448,BA,Loja Física,Móveis,Distribuidor,Produto_8,12,18059.83109002188,10918.036551428406,7141.794538593473,2024,5,May,2,Thursday,39.55,1504.99,Lucrativo
2024-05-03 03:03:14.477791120,BA,Online,Informática,Distribuidor,Produto_103,11,27044.01801843336,20361.89742090697,6682.120597526387,2024,5,May,2,Friday,24.71,2458.55,Lucrativo
2024-05-03 17:04:32.268907560,PR,Representante,Serviços,Distribuidor,Produto_101,8,3872.9987246871465,3246.081034566728,626.9176901204182,2024,5,May,2,Friday,16.19,484.12,Lucrativo
2024-05-03 17:04:32.268907560,SC,Marketplace,Móveis,Corporativo,Produto_111,5,2201.516657586215,1784.884567290548,416.632090295667,2024,5,May,2,Friday,18.92,440.3,Lucrativo
2024-05-03 17:04:32.268907560,RS,Marketplace,Eletrônicos,Distribuidor,Produto_2,14,28878.835109343927,18404.269405552997,10474.565703790931,2024,5,May,2,Friday,36.27,2062.77,Lucrativo
2024-05-03 17:04:32.268907560,ES,Online,Informática,Corporativo,Produto_14,4,6526.920305877348,5138.9570362904615,1387.9632695868868,2024,5,May,2,Friday,21.27,1631.73,Lucrativo
2024-05-04 00:05:11.164465784,MG,Online,Móveis,Varejo,Produto_113,9,15172.210619732728,10688.703059669837,4483.50756006289,2024,5,May,2,Saturday,29.55,1685.8,Lucrativo
2024-05-04 00:05:11.164465784,SC,Representante,Informática,Corporativo,Produto_103,10,9475.04885511958,6937.60592508303,2537.442930036551,2024,5,May,2,Saturday,26.78,947.5,Lucrativo
2024-05-04 07:05:50.060024008,RS,Marketplace,Informática,Varejo,Produto_82,2,258.4919108025981,198.41975080539015,60.07215999720793,2024,5,May,2,Saturday,23.24,129.25,Lucrativo
2024-05-04 07:05:50.060024008,SP,Representante,Informática,Distribuidor,Produto_30,11,16085.054190423123,9375.964397447691,6709.089792975434,2024,5,May,2,Saturday,41.71,1462.28,Lucrativo
2024-05-04 14:06:28.955582232,BA,Representante,Móveis,Varejo,Produto_111,1,1413.728599687843,915.6339139540144,498.0946857338285,2024,5,May,2,Saturday,35.23,1413.73,Lucrativo
2024-05-04 14:06:28.955582232,RJ,Loja Física,Acessórios,Distribuidor,Produto_109,10,2922.3892074694186,2292.026331918297,630.3628755511218,2024,5,May,2,Saturday,21.57,292.24,Lucrativo
2024-05-04 21:07:07.851140456,MG,Representante,Móveis,Varejo,Produto_7,2,1759.832188472061,1456.821852557945,303.010335914116,2024,5,May,2,Saturday,17.22,879.92,Lucrativo
2024-05-04 21:07:07.851140456,ES,Online,Acessórios,Distribuidor,Produto_55,6,4552.451639296855,3201.1516296967197,1351.300009600136,2024,5,May,2,Saturday,29.68,758.74,Lucrativo
2024-05-05 04:07:46.746698680,PR,Representante,Móveis,Varejo,Produto_87,4,670.422565775267,385.3865674697826,285.0359983054844,2024,5,May,2,Sunday,42.52,167.61,Lucrativo
2024-05-05 11:08:25.642256904,ES,Online,Eletrônicos,Varejo,Produto_90,9,6048.072657034904,4966.499464022268,1081.5731930126367,2024,5,May,2,Sunday,17.88,672.01,Lucrativo
2024-05-05 18:09:04.537815128,PR,Representante,Acessórios,Varejo,Produto_40,11,17617.52464644419,14472.937071387229,3144.587575056965,2024,5,May,2,Sunday,17.85,1601.59,Lucrativo
2024-05-06 01:09:43.433373352,ES,Online,Serviços,Corporativo,Produto_70,1,1105.7553826599444,737.651598758691,368.1037839012535,2024,5,May,2,Monday,33.29,1105.76,Lucrativo
2024-05-06 01:09:43.433373352,MG,Online,Móveis,Varejo,Produto_97,5,5067.076050167751,3075.3790533120714,1991.6969968556791,2024,5,May,2,Monday,39.31,1013.42,Lucrativo
2024-05-06 01:09:43.433373352,ES,Loja Física,Eletrônicos,Varejo,Produto_1,13,29335.911141973527,17418.424306446734,11917.486835526794,2024,5,May,2,Monday,40.62,2256.61,Lucrativo
2024-05-06 01:09:43.433373352,RS,Representante,Acessórios,Varejo,Produto_66,9,13664.379387954115,8364.431787056332,5299.947600897785,2024,5,May,2,Monday,38.79,1518.26,Lucrativo
2024-05-06 01:09:43.433373352,ES,Marketplace,Eletrônicos,Varejo,Produto_33,11,2767.8109304344543,2271.267807966876,496.543122467579,2024,5,May,2,Monday,17.94,251.62,Lucrativo
2024-05-06 08:10:22.328931576,SP,Loja Física,Móveis,Varejo,Produto_52,11,7176.949308538664,5453.127091165236,1723.8222173734284,2024,5,May,2,Monday,24.02,652.45,Lucrativo
2024-05-06 15:11:01.224489792,MG,Online,Eletrônicos,Varejo,Produto_12,8,4257.086618399268,3515.7901590334627,741.2964593658057,2024,5,May,2,Monday,17.41,532.14,Lucrativo
2024-05-07 12:12:57.911164464,SP,Loja Física,Acessórios,Varejo,Produto_20,9,10069.310553201452,5654.681735962521,4414.628817238931,2024,5,May,2,Tuesday,43.84,1118.81,Lucrativo
2024-05-07 19:13:36.806722688,ES,Loja Física,Móveis,Corporativo,Produto_15,12,13456.502904706564,11080.471940133397,2376.0309645731704,2024,5,May,2,Tuesday,17.66,1121.38,Lucrativo
2024-05-07 19:13:36.806722688,PR,Loja Física,Acessórios,Distribuidor,Produto_18,3,4254.775018378592,3264.387517935654,990.3875004429378,2024,5,May,2,Tuesday,23.28,1418.26,Lucrativo
2024-05-07 19:13:36.806722688,ES,Marketplace,Eletrônicos,Distribuidor,Produto_62,8,17774.322223386243,13961.72570425152,3812.596519134724,2024,5,May,2,Tuesday,21.45,2221.79,Lucrativo
2024-05-08 02:14:15.702280912,RS,Online,Acessórios,Corporativo,Produto_64,13,2880.602762672233,1975.6210504394296,904.9817122328034,2024,5,May,2,Wednesday,31.42,221.58,Lucrativo
2024-05-08 02:14:15.702280912,ES,Representante,Informática,Distribuidor,Produto_76,5,671.4444395001077,509.1858100490818,162.2586294510259,2024,5,May,2,Wednesday,24.17,134.29,Lucrativo
2024-05-08 09:14:54.597839136,PR,Marketplace,Acessórios,Distribuidor,Produto_104,14,16087.434572057746,10711.653171454607,5375.781400603137,2024,5,May,2,Wednesday,33.42,1149.1,Lucrativo
2024-05-08 23:16:12.388955584,PR,Online,Informática,Varejo,Produto_87,10,5555.302525261177,3351.191152596943,2204.111372664234,2024,5,May,2,Wednesday,39.68,555.53,Lucrativo
2024-05-09 06:16:51.284513808,ES,Marketplace,Acessórios,Varejo,Produto_47,8,18910.984062157877,12918.482944935316,5992.501117222557,2024,5,May,2,Thursday,31.69,2363.87,Lucrativo
2024-05-09 06:16:51.284513808,ES,Marketplace,Eletrônicos,Distribuidor,Produto_119,7,6292.490218322527,3707.6365185762343,2584.853699746292,2024,5,May,2,Thursday,41.08,898.93,Lucrativo
2024-05-09 13:17:30.180072032,ES,Online,Informática,Distribuidor,Produto_41,14,3713.815150965635,2627.180329034109,1086.634821931526,2024,5,May,2,Thursday,29.26,265.27,Lucrativo
2024-05-09 13:17:30.180072032,BA,Marketplace,Móveis,Distribuidor,Produto_115,2,4262.080849339313,2415.064252969208,1847.0165963701047,2024,5,May,2,Thursday,43.34,2131.04,Lucrativo
2024-05-09 13:17:30.180072032,SC,Online,Serviços,Distribuidor,Produto_32,13,5563.31703342503,3294.867560175542,2268.449473249488,2024,5,May,2,Thursday,40.78,427.95,Lucrativo
2024-05-10 10:19:26.866746696,SP,Marketplace,Móveis,Distribuidor,Produto_110,12,20326.88083332384,15269.966493207645,5056.914340116196,2024,5,May,2,Friday,24.88,1693.91,Lucrativo
2024-05-10 17:20:05.762304920,PR,Loja Física,Informática,Corporativo,Produto_55,11,27158.111820577316,19503.234194419783,7654.877626157529,2024,5,May,2,Friday,28.19,2468.92,Lucrativo
2024-05-10 17:20:05.762304920,BA,Online,Acessórios,Varejo,Produto_71,11,18525.24201660426,13356.164281094396,5169.077735509865,2024,5,May,2,Friday,27.9,1684.11,Lucrativo
2024-05-11 00:20:44.657863144,MG,Marketplace,Eletrônicos,Distribuidor,Produto_85,12,8345.217126266192,6740.24507821176,1604.972048054432,2024,5,May,2,Saturday,19.23,695.43,Lucrativo
2024-05-11 00:20:44.657863144,MG,Marketplace,Serviços,Corporativo,Produto_96,14,11691.43261185431,7568.4656689728945,4122.966942881416,2024,5,May,2,Saturday,35.26,835.1,Lucrativo
2024-05-11 14:22:02.448979592,SC,Online,Serviços,Corporativo,Produto_29,14,1459.0135326602494,1147.8454058635657,311.16812679668374,2024,5,May,2,Saturday,21.33,104.22,Lucrativo
2024-05-11 21:22:41.344537816,SC,Marketplace,Acessórios,Varejo,Produto_66,13,3135.3150803252915,2644.356896625011,490.95818370028064,2024,5,May,2,Saturday,15.66,241.18,Lucrativo
2024-05-12 18:24:38.031212488,SC,Loja Física,Serviços,Varejo,Produto_56,6,10589.850567916732,7924.051771040757,2665.7987968759758,2024,5,May,2,Sunday,25.17,1764.98,Lucrativo
2024-05-13 01:25:16.926770704,MG,Representante,Serviços,Corporativo,Produto_85,12,6891.601453421776,5276.4426930640575,1615.1587603577182,2024,5,May,2,Monday,23.44,574.3,Lucrativo
2024-05-13 01:25:16.926770704,MG,Online,Eletrônicos,Distribuidor,Produto_119,10,18372.994998989798,13897.55921957338,4475.435779416415,2024,5,May,2,Monday,24.36,1837.3,Lucrativo
2024-05-13 08:25:55.822328928,SP,Online,Serviços,Distribuidor,Produto_2,5,11985.28015671147,9049.184228938197,2936.0959277732727,2024,5,May,2,Monday,24.5,2397.06,Lucrativo
2024-05-13 22:27:13.613445376,ES,Representante,Acessórios,Corporativo,Produto_79,3,1956.9117819518049,1217.354512421182,739.5572695306228,2024,5,May,2,Monday,37.79,652.3,Lucrativo
2024-05-13 22:27:13.613445376,ES,Marketplace,Serviços,Varejo,Produto_64,5,11712.182624958416,8466.551509254532,3245.631115703884,2024,5,May,2,Monday,27.71,2342.44,Lucrativo
2024-05-14 12:28:31.404561824,PR,Loja Física,Informática,Distribuidor,Produto_109,7,13919.15294903542,9417.624415510272,4501.528533525148,2024,5,May,2,Tuesday,32.34,1988.45,Lucrativo
2024-05-14 12:28:31.404561824,SC,Loja Física,Móveis,Corporativo,Produto_70,11,24263.451427645003,19570.17638504938,4693.275042595622,2024,5,May,2,Tuesday,19.34,2205.77,Lucrativo
2024-05-15 02:29:49.195678272,ES,Marketplace,Móveis,Corporativo,Produto_87,6,9567.736969463636,6382.895640734878,3184.8413287287585,2024,5,May,2,Wednesday,33.29,1594.62,Lucrativo
2024-05-15 02:29:49.195678272,RJ,Marketplace,Acessórios,Corporativo,Produto_17,11,10204.61246849672,7154.92128617065,3049.69118232607,2024,5,May,2,Wednesday,29.89,927.69,Lucrativo
2024-05-15 02:29:49.195678272,BA,Marketplace,Eletrônicos,Corporativo,Produto_38,1,2415.2302865864444,1913.010725543504,502.2195610429403,2024,5,May,2,Wednesday,20.79,2415.23,Lucrativo
2024-05-15 16:31:06.986794720,ES,Representante,Acessórios,Distribuidor,Produto_38,6,6470.280531297626,4371.492014799637,2098.788516497989,2024,5,May,2,Wednesday,32.44,1078.38,Lucrativo
2024-05-15 16:31:06.986794720,RS,Marketplace,Serviços,Varejo,Produto_72,9,3212.884765754708,2407.0894278704204,805.7953378842872,2024,5,May,2,Wednesday,25.08,356.99,Lucrativo
2024-05-15 23:31:45.882352944,PR,Representante,Móveis,Corporativo,Produto_78,3,1659.2481131420654,1022.5074597296424,636.740653412423,2024,5,May,2,Wednesday,38.38,553.08,Lucrativo
2024-05-16 06:32:24.777911168,RS,Loja Física,Informática,Corporativo,Produto_96,12,25752.02855636333,17918.609697331387,7833.418859031943,2024,5,May,2,Thursday,30.42,2146.0,Lucrativo
2024-05-16 13:33:03.673469384,RS,Marketplace,Informática,Varejo,Produto_88,11,16982.06308072578,11223.897497957085,5758.165582768697,2024,5,May,2,Thursday,33.91,1543.82,Lucrativo
2024-05-16 13:33:03.673469384,RJ,Loja Física,Eletrônicos,Distribuidor,Produto_88,7,11181.142275329572,8809.993240703228,2371.149034626344,2024,5,May,2,Thursday,21.21,1597.31,Lucrativo
2024-05-17 03:34:21.464585832,RS,Representante,Móveis,Distribuidor,Produto_8,5,8016.872309411661,5511.391695569924,2505.480613841737,2024,5,May,2,Friday,31.25,1603.37,Lucrativo
2024-05-18 00:36:18.151260504,RS,Online,Eletrônicos,Corporativo,Produto_14,6,10832.40099098886,6106.7671993717695,4725.63379161709,2024,5,May,2,Saturday,43.62,1805.4,Lucrativo
2024-05-18 00:36:18.151260504,SP,Marketplace,Móveis,Corporativo,Produto_110,7,11695.832344173905,8229.870007633315,3465.962336540588,2024,5,May,2,Saturday,29.63,1670.83,Lucrativo
2024-05-18 07:36:57.046818728,PR,Loja Física,Serviços,Varejo,Produto_9,8,10520.779843551323,5994.078309585859,4526.7015339654645,2024,5,May,2,Saturday,43.03,1315.1,Lucrativo
2024-05-18 14:37:35.942376952,MG,Representante,Acessórios,Corporativo,Produto_95,4,7615.579378105131,6113.296855291456,1502.2825228136744,2024,5,May,2,Saturday,19.73,1903.89,Lucrativo
2024-05-18 14:37:35.942376952,SC,Loja Física,Informática,Distribuidor,Produto_52,1,578.6487412845889,474.0418316494768,104.60690963511216,2024,5,May,2,Saturday,18.08,578.65,Lucrativo
2024-05-18 21:38:14.837935176,RJ,Loja Física,Móveis,Distribuidor,Produto_38,2,1419.129283590548,896.7577360474451,522.3715475431028,2024,5,May,2,Saturday,36.81,709.56,Lucrativo
2024-05-19 11:39:32.629051624,RJ,Online,Móveis,Corporativo,Produto_111,6,5240.794791550804,3841.0802053658304,1399.7145861849735,2024,5,May,2,Sunday,26.71,873.47,Lucrativo
2024-05-19 11:39:32.629051624,SP,Online,Móveis,Distribuidor,Produto_57,4,1140.3663984765813,830.24953537059,310.11686310599123,2024,5,May,2,Sunday,27.19,285.09,Lucrativo
2024-05-20 15:42:08.211284512,ES,Representante,Serviços,Corporativo,Produto_4,7,12476.697706163062,9997.592704702784,2479.105001460279,2024,5,May,2,Monday,19.87,1782.39,Lucrativo
2024-05-20 15:42:08.211284512,ES,Representante,Móveis,Corporativo,Produto_36,8,19291.319891239647,14115.381243147707,5175.938648091938,2024,5,May,2,Monday,26.83,2411.41,Lucrativo
2024-05-20 15:42:08.211284512,RS,Loja Física,Eletrônicos,Distribuidor,Produto_22,6,1444.0049301663394,919.7089422315936,524.2959879347459,2024,5,May,2,Monday,36.31,240.67,Lucrativo
2024-05-21 05:43:26.002400960,BA,Representante,Informática,Distribuidor,Produto_100,8,3364.3694276805336,2679.325114676643,685.0443130038907,2024,5,May,2,Tuesday,20.36,420.55,Lucrativo
2024-05-21 19:44:43.793517408,MG,Loja Física,Eletrônicos,Corporativo,Produto_90,9,11695.9273230031,9872.73641521108,1823.190907792019,2024,5,May,2,Tuesday,15.59,1299.55,Lucrativo
2024-05-22 02:45:22.689075632,ES,Loja Física,Acessórios,Varejo,Produto_49,6,14799.534654944153,12231.526503873944,2568.0081510702094,2024,5,May,2,Wednesday,17.35,2466.59,Lucrativo
2024-05-22 02:45:22.689075632,BA,Marketplace,Acessórios,Varejo,Produto_19,4,6852.694573282842,5274.645882179139,1578.0486911037024,2024,5,May,2,Wednesday,23.03,1713.17,Lucrativo
2024-05-22 23:47:19.375750296,BA,Online,Informática,Corporativo,Produto_59,14,10480.954712195313,7952.519607138043,2528.435105057268,2024,5,May,2,Wednesday,24.12,748.64,Lucrativo
2024-05-23 20:49:16.062424968,ES,Representante,Informática,Varejo,Produto_76,10,1285.580776362193,1087.86275971157,197.7180166506232,2024,5,May,2,Thursday,15.38,128.56,Lucrativo
2024-05-23 20:49:16.062424968,SC,Marketplace,Serviços,Varejo,Produto_104,2,2645.270786016717,2157.81155472903,487.45923128768754,2024,5,May,2,Thursday,18.43,1322.64,Lucrativo
2024-05-25 00:51:51.644657864,RJ,Representante,Serviços,Corporativo,Produto_93,7,14523.016029758322,11752.52908428532,2770.4869454730037,2024,5,May,2,Saturday,19.08,2074.72,Lucrativo
2024-05-25 14:53:09.435774312,MG,Online,Eletrônicos,Distribuidor,Produto_76,8,9220.558835566271,6437.580203337272,2782.9786322289992,2024,5,May,2,Saturday,30.18,1152.57,Lucrativo
2024-05-25 14:53:09.435774312,SP,Loja Física,Acessórios,Corporativo,Produto_103,10,11915.626797784626,9678.9340430273,2236.692754757325,2024,5,May,2,Saturday,18.77,1191.56,Lucrativo
2024-05-25 21:53:48.331332536,RS,Online,Acessórios,Varejo,Produto_36,7,15084.806000924362,11595.300078164992,3489.50592275937,2024,5,May,2,Saturday,23.13,2154.97,Lucrativo
2024-05-25 21:53:48.331332536,RS,Online,Móveis,Varejo,Produto_74,3,5193.937028552678,3064.6342470476807,2129.3027815049977,2024,5,May,2,Saturday,41.0,1731.31,Lucrativo
2024-05-26 04:54:27.226890752,RJ,Representante,Informática,Corporativo,Produto_5,3,2697.8071749294672,2001.9839370086431,695.8232379208241,2024,5,May,2,Sunday,25.79,899.27,Lucrativo
2024-05-26 11:55:06.122448976,RJ,Online,Eletrônicos,Varejo,Produto_97,12,17738.816711316897,10169.247388254043,7569.569323062851,2024,5,May,2,Sunday,42.67,1478.23,Lucrativo
2024-05-26 11:55:06.122448976,PR,Marketplace,Serviços,Varejo,Produto_111,14,5805.788375482951,4144.98487385361,1660.8035016293406,2024,5,May,2,Sunday,28.61,414.7,Lucrativo
2024-05-26 18:55:45.018007200,RS,Marketplace,Eletrônicos,Corporativo,Produto_86,2,768.1917038710825,595.4862371767873,172.70546669429518,2024,5,May,2,Sunday,22.48,384.1,Lucrativo
2024-05-27 01:56:23.913565424,BA,Loja Física,Acessórios,Distribuidor,Produto_39,6,9508.805712953235,5344.751139457197,4164.054573496041,2024,5,May,2,Monday,43.79,1584.8,Lucrativo
2024-05-27 08:57:02.809123648,RJ,Marketplace,Móveis,Distribuidor,Produto_43,2,1499.7584453489426,1048.0748924560703,451.6835528928723,2024,5,May,2,Monday,30.12,749.88,Lucrativo
2024-05-28 05:58:59.495798320,BA,Loja Física,Eletrônicos,Corporativo,Produto_18,1,683.9415307444577,391.3161842759124,292.62534646854533,2024,5,May,2,Tuesday,42.79,683.94,Lucrativo
2024-05-28 12:59:38.391356544,SP,Representante,Móveis,Corporativo,Produto_89,13,13438.292695779572,10101.323471412146,3336.9692243674253,2024,5,May,2,Tuesday,24.83,1033.71,Lucrativo
2024-05-28 20:00:17.286914768,RS,Loja Física,Eletrônicos,Distribuidor,Produto_116,10,1092.3620719771702,771.4806717523186,320.88140022485163,2024,5,May,2,Tuesday,29.38,109.24,Lucrativo
2024-05-28 20:00:17.286914768,BA,Online,Serviços,Varejo,Produto_82,1,1754.3161822056857,1398.1459302056576,356.1702520000281,2024,5,May,2,Tuesday,20.3,1754.32,Lucrativo
2024-05-29 17:02:13.973589432,SC,Loja Física,Eletrônicos,Corporativo,Produto_75,4,9688.634899425087,7011.296066370778,2677.3388330543094,2024,5,May,2,Wednesday,27.63,2422.16,Lucrativo
2024-05-30 00:02:52.869147656,PR,Marketplace,Eletrônicos,Corporativo,Produto_23,4,3002.0203280683927,1743.1633139827086,1258.857014085684,2024,5,May,2,Thursday,41.93,750.51,Lucrativo
2024-05-30 07:03:31.764705880,SC,Representante,Acessórios,Varejo,Produto_24,6,1941.0704462214248,1190.750224600444,750.3202216209809,2024,5,May,2,Thursday,38.65,323.51,Lucrativo
2024-05-30 07:03:31.764705880,MG,Marketplace,Serviços,Corporativo,Produto_11,11,21196.98119875126,12849.51944522424,8347.461753527017,2024,5,May,2,Thursday,39.38,1927.0,Lucrativo
2024-05-30 21:04:49.555822328,PR,Loja Física,Móveis,Corporativo,Produto_105,14,13754.14078499341,9657.908067326767,4096.232717666642,2024,5,May,2,Thursday,29.78,982.44,Lucrativo
2024-05-31 04:05:28.451380552,RJ,Loja Física,Móveis,Varejo,Produto_89,14,10960.169140151682,7889.286169269846,3070.882970881836,2024,5,May,2,Friday,28.02,782.87,Lucrativo
2024-05-31 11:06:07.346938776,MG,Loja Física,Acessórios,Varejo,Produto_16,6,3598.192367077981,2431.673147703278,1166.5192193747034,2024,5,May,2,Friday,32.42,599.7,Lucrativo
2024-05-31 18:06:46.242497000,RJ,Representante,Acessórios,Distribuidor,Produto_8,9,8628.131384857274,6117.797532817659,2510.3338520396146,2024,5,May,2,Friday,29.09,958.68,Lucrativo
2024-06-01 08:08:04.033613448,RS,Online,Eletrônicos,Corporativo,Produto_101,6,5821.156447945881,4657.16749603358,1163.9889519123008,2024,6,June,2,Saturday,20.0,970.19,Lucrativo
2024-06-01 15:08:42.929171672,RJ,Representante,Acessórios,Varejo,Produto_111,6,10366.49241160725,7096.12179152986,3270.3706200773904,2024,6,June,2,Saturday,31.55,1727.75,Lucrativo
2024-06-01 15:08:42.929171672,RJ,Online,Acessórios,Varejo,Produto_110,12,7794.234247399961,4426.277537296478,3367.9567101034827,2024,6,June,2,Saturday,43.21,649.52,Lucrativo
2024-06-01 15:08:42.929171672,PR,Online,Eletrônicos,Corporativo,Produto_102,2,2184.9780909144743,1298.4610131522224,886.5170777622518,2024,6,June,2,Saturday,40.57,1092.49,Lucrativo
2024-06-02 05:10:00.720288112,RS,Representante,Informática,Distribuidor,Produto_70,5,2854.6531797029643,1991.1386793833556,863.5145003196089,2024,6,June,2,Sunday,30.25,570.93,Lucrativo
2024-06-02 12:10:39.615846336,ES,Loja Física,Eletrônicos,Varejo,Produto_13,8,19134.888935344865,13136.28850309721,5998.600432247655,2024,6,June,2,Sunday,31.35,2391.86,Lucrativo
2024-06-02 19:11:18.511404560,BA,Marketplace,Serviços,Distribuidor,Produto_20,7,2106.1705637637174,1411.5730551354704,694.5975086282469,2024,6,June,2,Sunday,32.98,300.88,Lucrativo
2024-06-02 19:11:18.511404560,MG,Representante,Acessórios,Distribuidor,Produto_25,12,3854.74725091142,2295.778817735208,1558.9684331762114,2024,6,June,2,Sunday,40.44,321.23,Lucrativo
2024-06-03 02:11:57.406962784,RS,Loja Física,Informática,Varejo,Produto_91,9,16637.998620556526,13888.65528945981,2749.343331096716,2024,6,June,2,Monday,16.52,1848.67,Lucrativo
2024-06-03 09:12:36.302521008,BA,Marketplace,Informática,Varejo,Produto_13,12,16974.51021790562,14313.624757273976,2660.885460631644,2024,6,June,2,Monday,15.68,1414.54,Lucrativo
2024-06-03 16:13:15.198079232,SP,Loja Física,Informática,Distribuidor,Produto_109,5,3929.775098509647,3067.6889111338746,862.0861873757722,2024,6,June,2,Monday,21.94,785.96,Lucrativo
2024-06-03 23:13:54.093637456,ES,Loja Física,Serviços,Corporativo,Produto_98,10,19342.79499331384,14725.42650986912,4617.36848344472,2024,6,June,2,Monday,23.87,1934.28,Lucrativo
2024-06-04 06:14:32.989195680,BA,Loja Física,Informática,Varejo,Produto_109,8,5223.542802495793,4074.4530161235434,1149.0897863722505,2024,6,June,2,Tuesday,22.0,652.94,Lucrativo
2024-06-04 20:15:50.780312128,SP,Loja Física,Móveis,Distribuidor,Produto_24,3,2527.944869209321,1651.8301020196448,876.1147671896763,2024,6,June,2,Tuesday,34.66,842.65,Lucrativo
2024-06-05 03:16:29.675870344,SP,Loja Física,Acessórios,Corporativo,Produto_53,3,1034.9397551074662,740.2909423923184,294.64881271514787,2024,6,June,2,Wednesday,28.47,344.98,Lucrativo
2024-06-06 00:18:26.362545016,SC,Representante,Eletrônicos,Varejo,Produto_118,10,15211.164338241058,9630.140571390915,5581.023766850141,2024,6,June,2,Thursday,36.69,1521.12,Lucrativo
2024-06-06 00:18:26.362545016,PR,Online,Móveis,Distribuidor,Produto_64,5,2852.0804734093863,2294.75069255251,557.3297808568764,2024,6,June,2,Thursday,19.54,570.42,Lucrativo
2024-06-06 07:19:05.258103240,SP,Online,Informática,Varejo,Produto_94,3,5964.069596036372,5061.137126086897,902.9324699494746,2024,6,June,2,Thursday,15.14,1988.02,Lucrativo
2024-06-06 21:20:23.049219688,PR,Loja Física,Informática,Varejo,Produto_82,1,1999.3212949693689,1288.009188316446,711.3121066529229,2024,6,June,2,Thursday,35.58,1999.32,Lucrativo
2024-06-07 04:21:01.944777912,RS,Marketplace,Informática,Corporativo,Produto_60,10,8748.508939215466,6159.18545395508,2589.3234852603864,2024,6,June,2,Friday,29.6,874.85,Lucrativo
2024-06-07 11:21:40.840336136,MG,Representante,Eletrônicos,Corporativo,Produto_28,12,25223.067871724343,14487.730576358528,10735.337295365814,2024,6,June,2,Friday,42.56,2101.92,Lucrativo
2024-06-07 11:21:40.840336136,ES,Representante,Eletrônicos,Corporativo,Produto_43,13,9932.950602404018,6101.0705206945095,3831.880081709509,2024,6,June,2,Friday,38.58,764.07,Lucrativo
2024-06-07 18:22:19.735894360,SC,Loja Física,Serviços,Distribuidor,Produto_62,6,4702.160680329499,3288.190880806406,1413.9697995230931,2024,6,June,2,Friday,30.07,783.69,Lucrativo
2024-06-08 01:22:58.631452584,SC,Loja Física,Eletrônicos,Distribuidor,Produto_111,11,20280.051066721546,14426.565676077906,5853.4853906436365,2024,6,June,2,Saturday,28.86,1843.64,Lucrativo
2024-06-08 08:23:37.527010800,SC,Loja Física,Móveis,Varejo,Produto_68,14,2755.484034304603,2326.415323675795,429.0687106288078,2024,6,June,2,Saturday,15.57,196.82,Lucrativo
2024-06-08 08:23:37.527010800,PR,Loja Física,Móveis,Varejo,Produto_60,10,3321.5158416608765,1926.0692948351336,1395.4465468257429,2024,6,June,2,Saturday,42.01,332.15,Lucrativo
2024-06-08 22:24:55.318127248,SP,Representante,Serviços,Distribuidor,Produto_24,4,9435.548074618504,7062.660605939318,2372.887468679186,2024,6,June,2,Saturday,25.15,2358.89,Lucrativo
2024-06-09 05:25:34.213685472,PR,Marketplace,Informática,Varejo,Produto_97,6,13258.703420967198,10108.293912393336,3150.409508573861,2024,6,June,2,Sunday,23.76,2209.78,Lucrativo
2024-06-09 12:26:13.109243696,PR,Representante,Eletrônicos,Corporativo,Produto_53,3,4094.22244661826,2381.174258640935,1713.0481879773247,2024,6,June,2,Sunday,41.84,1364.74,Lucrativo
2024-06-09 12:26:13.109243696,MG,Representante,Acessórios,Corporativo,Produto_88,6,1750.609487012998,1057.5226837400332,693.0868032729647,2024,6,June,2,Sunday,39.59,291.77,Lucrativo
2024-06-09 12:26:13.109243696,SC,Online,Eletrônicos,Distribuidor,Produto_56,5,4481.397452165783,2492.425271522808,1988.9721806429748,2024,6,June,2,Sunday,44.38,896.28,Lucrativo
2024-06-09 12:26:13.109243696,BA,Marketplace,Acessórios,Varejo,Produto_71,10,11121.85551735531,7065.196533010853,4056.658984344457,2024,6,June,2,Sunday,36.47,1112.19,Lucrativo
2024-06-09 12:26:13.109243696,BA,Online,Eletrônicos,Corporativo,Produto_105,10,13775.813604802228,8020.547682506812,5755.265922295416,2024,6,June,2,Sunday,41.78,1377.58,Lucrativo
2024-06-09 19:26:52.004801920,SC,Loja Física,Móveis,Corporativo,Produto_84,9,19455.86721936085,14347.6697970946,5108.197422266254,2024,6,June,2,Sunday,26.26,2161.76,Lucrativo
2024-06-10 02:27:30.900360144,ES,Online,Eletrônicos,Varejo,Produto_9,10,1842.2875496603876,1099.6525335476097,742.6350161127777,2024,6,June,2,Monday,40.31,184.23,Lucrativo
2024-06-10 02:27:30.900360144,MG,Online,Informática,Distribuidor,Produto_14,11,20537.75881538677,16357.862226656973,4179.896588729798,2024,6,June,2,Monday,20.35,1867.07,Lucrativo
2024-06-10 23:29:27.587034816,PR,Loja Física,Serviços,Corporativo,Produto_3,8,3489.182441632215,2026.677898761064,1462.504542871151,2024,6,June,2,Monday,41.92,436.15,Lucrativo
2024-06-11 06:30:06.482593040,SP,Marketplace,Acessórios,Corporativo,Produto_115,5,10150.061028062502,6223.4576555534295,3926.603372509073,2024,6,June,2,Tuesday,38.69,2030.01,Lucrativo
2024-06-11 13:30:45.378151264,PR,Marketplace,Informática,Distribuidor,Produto_105,2,438.753345505698,363.2192035403871,75.53414196531088,2024,6,June,2,Tuesday,17.22,219.38,Lucrativo
2024-06-12 03:32:03.169267704,MG,Loja Física,Móveis,Varejo,Produto_62,11,5244.210469296411,2993.636818266835,2250.5736510295765,2024,6,June,2,Wednesday,42.92,476.75,Lucrativo
2024-06-12 10:32:42.064825928,ES,Representante,Acessórios,Corporativo,Produto_25,3,3785.574162054583,2169.869933433116,1615.7042286214669,2024,6,June,2,Wednesday,42.68,1261.86,Lucrativo
2024-06-12 17:33:20.960384152,RJ,Online,Eletrônicos,Corporativo,Produto_10,2,140.1834761954635,110.50442151798276,29.679054677480732,2024,6,June,2,Wednesday,21.17,70.09,Lucrativo
2024-06-12 17:33:20.960384152,PR,Representante,Acessórios,Corporativo,Produto_5,4,6856.13506245234,5150.4182583167885,1705.7168041355517,2024,6,June,2,Wednesday,24.88,1714.03,Lucrativo
2024-06-13 00:33:59.855942376,SC,Representante,Serviços,Varejo,Produto_63,4,5290.411343879621,2946.388271430857,2344.023072448764,2024,6,June,2,Thursday,44.31,1322.6,Lucrativo
2024-06-13 00:33:59.855942376,SP,Marketplace,Informática,Corporativo,Produto_48,7,4754.351199445651,3104.7008456291733,1649.650353816478,2024,6,June,2,Thursday,34.7,679.19,Lucrativo
2024-06-13 07:34:38.751500600,SC,Representante,Serviços,Varejo,Produto_109,1,860.8591156781983,576.3392469363567,284.5198687418416,2024,6,June,2,Thursday,33.05,860.86,Lucrativo
2024-06-13 07:34:38.751500600,SC,Loja Física,Acessórios,Varejo,Produto_90,3,1636.816372763154,1026.110058703594,610.7063140595601,2024,6,June,2,Thursday,37.31,545.61,Lucrativo
2024-06-13 14:35:17.647058824,RS,Online,Móveis,Varejo,Produto_37,14,32423.467804081843,22680.586447060497,9742.881357021346,2024,6,June,2,Thursday,30.05,2315.96,Lucrativo
2024-06-13 21:35:56.542617048,RS,Representante,Eletrônicos,Distribuidor,Produto_58,1,979.2820420468591,551.20760488282,428.0744371640393,2024,6,June,2,Thursday,43.71,979.28,Lucrativo
2024-06-13 21:35:56.542617048,MG,Loja Física,Móveis,Corporativo,Produto_22,9,9022.260579177866,5055.266991332067,3966.993587845799,2024,6,June,2,Thursday,43.97,1002.47,Lucrativo
2024-06-14 04:36:35.438175272,SC,Marketplace,Eletrônicos,Corporativo,Produto_41,5,9721.070360185751,5700.056374266764,4021.013985918988,2024,6,June,2,Friday,41.36,1944.21,Lucrativo
2024-06-14 04:36:35.438175272,ES,Representante,Serviços,Distribuidor,Produto_97,5,7092.524415926259,4927.471809676955,2165.0526062493045,2024,6,June,2,Friday,30.53,1418.5,Lucrativo
2024-06-15 01:38:32.124849936,MG,Marketplace,Informática,Varejo,Produto_40,3,5094.88386325894,3217.575110487556,1877.308752771384,2024,6,June,2,Saturday,36.85,1698.29,Lucrativo
2024-06-15 08:39:11.020408160,ES,Online,Serviços,Varejo,Produto_51,7,3948.525900003128,2394.3670013042483,1554.158898698879,2024,6,June,2,Saturday,39.36,564.08,Lucrativo
2024-06-15 22:40:28.811524608,RJ,Representante,Serviços,Varejo,Produto_101,9,12044.984479617084,6718.1454902211535,5326.83898939593,2024,6,June,2,Saturday,44.22,1338.33,Lucrativo
2024-06-15 22:40:28.811524608,RS,Marketplace,Serviços,Distribuidor,Produto_82,5,5199.986486293041,3501.964001425408,1698.0224848676337,2024,6,June,2,Saturday,32.65,1040.0,Lucrativo
2024-06-16 05:41:07.707082832,RJ,Representante,Eletrônicos,Corporativo,Produto_45,11,16810.146815151755,10261.452195870932,6548.694619280823,2024,6,June,2,Sunday,38.96,1528.2,Lucrativo
2024-06-16 12:41:46.602641056,ES,Representante,Serviços,Varejo,Produto_20,7,17314.42385054334,10716.56707728888,6597.856773254458,2024,6,June,2,Sunday,38.11,2473.49,Lucrativo
2024-06-16 19:42:25.498199280,RS,Online,Acessórios,Distribuidor,Produto_103,11,6927.360160073541,4568.051674449973,2359.308485623568,2024,6,June,2,Sunday,34.06,629.76,Lucrativo
2024-06-17 02:43:04.393757504,PR,Marketplace,Serviços,Varejo,Produto_44,5,8437.474025732805,7015.874580287058,1421.5994454457468,2024,6,June,2,Monday,16.85,1687.49,Lucrativo
2024-06-17 09:43:43.289315728,PR,Representante,Acessórios,Varejo,Produto_61,8,13638.93011325571,7945.472447520169,5693.457665735541,2024,6,June,2,Monday,41.74,1704.87,Lucrativo
2024-06-17 09:43:43.289315728,SC,Representante,Informática,Varejo,Produto_32,14,5589.679619728443,4499.277980679747,1090.401639048696,2024,6,June,2,Monday,19.51,399.26,Lucrativo
2024-06-17 09:43:43.289315728,SP,Online,Eletrônicos,Varejo,Produto_99,5,3611.184934966692,2645.700797673711,965.4841372929808,2024,6,June,2,Monday,26.74,722.24,Lucrativo
2024-06-17 16:44:22.184873952,RS,Marketplace,Eletrônicos,Corporativo,Produto_45,6,7082.597505135969,4797.689378351095,2284.908126784874,2024,6,June,2,Monday,32.26,1180.43,Lucrativo
2024-06-17 16:44:22.184873952,PR,Representante,Acessórios,Distribuidor,Produto_55,10,1668.2370341192,1241.4625526780478,426.77448144115215,2024,6,June,2,Monday,25.58,166.82,Lucrativo
2024-06-17 16:44:22.184873952,SP,Online,Informática,Distribuidor,Produto_92,11,22425.681458576477,13184.1359602569,9241.545498319572,2024,6,June,2,Monday,41.21,2038.7,Lucrativo
2024-06-17 23:45:01.080432176,SP,Loja Física,Móveis,Corporativo,Produto_93,14,9917.352202642329,7015.006911400144,2902.3452912421835,2024,6,June,2,Monday,29.27,708.38,Lucrativo
2024-06-18 06:45:39.975990392,SP,Marketplace,Informática,Varejo,Produto_23,8,12961.968783023878,10676.254820895909,2285.713962127971,2024,6,June,2,Tuesday,17.63,1620.25,Lucrativo
2024-06-18 06:45:39.975990392,RJ,Marketplace,Acessórios,Distribuidor,Produto_84,10,3650.376916816198,2741.199808923613,909.1771078925848,2024,6,June,2,Tuesday,24.91,365.04,Lucrativo
2024-06-18 13:46:18.871548616,SC,Loja Física,Informática,Corporativo,Produto_4,5,12405.045094655798,9717.212667010974,2687.832427644824,2024,6,June,2,Tuesday,21.67,2481.01,Lucrativo
2024-06-18 13:46:18.871548616,BA,Online,Móveis,Corporativo,Produto_17,14,30260.26054180463,20168.14087655053,10092.119665254104,2024,6,June,2,Tuesday,33.35,2161.45,Lucrativo
2024-06-19 10:48:15.558223288,PR,Online,Serviços,Varejo,Produto_43,3,4163.438639182151,3398.604215862842,764.8344233193088,2024,6,June,2,Wednesday,18.37,1387.81,Lucrativo
2024-06-19 17:48:54.453781512,BA,Online,Eletrônicos,Varejo,Produto_107,6,9013.75280011472,6438.041659262536,2575.711140852184,2024,6,June,2,Wednesday,28.58,1502.29,Lucrativo
2024-06-20 07:50:12.244897960,RS,Marketplace,Serviços,Distribuidor,Produto_113,5,10889.204265896042,7755.766970279837,3133.437295616205,2024,6,June,2,Thursday,28.78,2177.84,Lucrativo
2024-06-20 07:50:12.244897960,PR,Loja Física,Acessórios,Distribuidor,Produto_38,3,5586.818038191462,4429.506036045598,1157.3120021458635,2024,6,June,2,Thursday,20.72,1862.27,Lucrativo
2024-06-20 14:50:51.140456184,MG,Online,Acessórios,Varejo,Produto_25,10,7346.161672682297,4526.994301094,2819.167371588297,2024,6,June,2,Thursday,38.38,734.62,Lucrativo
2024-06-20 14:50:51.140456184,SC,Loja Física,Eletrônicos,Distribuidor,Produto_32,4,5522.559390933134,4271.184469944384,1251.37492098875,2024,6,June,2,Thursday,22.66,1380.64,Lucrativo
2024-06-20 21:51:30.036014408,RS,Online,Acessórios,Distribuidor,Produto_28,13,27234.192419002116,17023.04097388703,10211.151445115083,2024,6,June,2,Thursday,37.49,2094.94,Lucrativo
2024-06-20 21:51:30.036014408,ES,Loja Física,Acessórios,Distribuidor,Produto_47,6,1890.33706473657,1360.1838902309455,530.1531745056243,2024,6,June,2,Thursday,28.05,315.06,Lucrativo
2024-06-20 21:51:30.036014408,SC,Online,Móveis,Distribuidor,Produto_59,13,18645.24908214401,12831.25080143535,5813.998280708665,2024,6,June,2,Thursday,31.18,1434.25,Lucrativo
2024-06-21 18:53:26.722689072,ES,Marketplace,Serviços,Distribuidor,Produto_50,14,8445.77650030636,6426.742370775613,2019.0341295307464,2024,6,June,2,Friday,23.91,603.27,Lucrativo
2024-06-22 01:54:05.618247296,ES,Online,Informática,Distribuidor,Produto_9,3,5592.330449519384,3744.219308134642,1848.1111413847425,2024,6,June,2,Saturday,33.05,1864.11,Lucrativo
2024-06-22 08:54:44.513805520,BA,Loja Física,Móveis,Varejo,Produto_73,12,24984.756819100578,18108.61963144164,6876.13718765894,2024,6,June,2,Saturday,27.52,2082.06,Lucrativo
2024-06-22 22:56:02.304921968,RJ,Online,Informática,Corporativo,Produto_98,14,24965.946264609614,15128.278639276245,9837.667625333375,2024,6,June,2,Saturday,39.4,1783.28,Lucrativo
2024-06-22 22:56:02.304921968,BA,Online,Acessórios,Corporativo,Produto_42,2,3534.7513074327903,2568.579180645173,966.1721267876168,2024,6,June,2,Saturday,27.33,1767.38,Lucrativo
2024-06-22 22:56:02.304921968,SP,Loja Física,Acessórios,Corporativo,Produto_51,12,16266.975654713004,10843.719358405731,5423.256296307272,2024,6,June,2,Saturday,33.34,1355.58,Lucrativo
2024-06-23 05:56:41.200480192,SC,Marketplace,Acessórios,Distribuidor,Produto_26,9,9336.93253100981,5982.2018836941525,3354.7306473156577,2024,6,June,2,Sunday,35.93,1037.44,Lucrativo
2024-06-23 12:57:20.096038416,PR,Loja Física,Serviços,Varejo,Produto_81,1,1603.4887999609855,1160.673337208999,442.81546275198616,2024,6,June,2,Sunday,27.62,1603.49,Lucrativo
2024-06-23 12:57:20.096038416,MG,Online,Acessórios,Distribuidor,Produto_9,8,17958.540253149084,10859.421487364529,7099.118765784557,2024,6,June,2,Sunday,39.53,2244.82,Lucrativo
2024-06-23 12:57:20.096038416,SP,Representante,Informática,Distribuidor,Produto_18,13,2348.562672384868,1886.4645022113637,462.0981701735043,2024,6,June,2,Sunday,19.68,180.66,Lucrativo
2024-06-23 12:57:20.096038416,SP,Loja Física,Serviços,Varejo,Produto_53,10,3460.5910576819992,2842.5001771179504,618.0908805640488,2024,6,June,2,Sunday,17.86,346.06,Lucrativo
2024-06-23 19:57:58.991596640,SP,Online,Informática,Corporativo,Produto_61,12,19001.067343316237,11227.411312980186,7773.656030336047,2024,6,June,2,Sunday,40.91,1583.42,Lucrativo
2024-06-24 02:58:37.887154864,MG,Loja Física,Informática,Distribuidor,Produto_39,2,3146.4142074988285,2242.8874300788293,903.5267774199992,2024,6,June,2,Monday,28.72,1573.21,Lucrativo
2024-06-24 09:59:16.782713088,MG,Online,Serviços,Distribuidor,Produto_117,9,21508.37318296367,17589.618480700345,3918.754702263326,2024,6,June,2,Monday,18.22,2389.82,Lucrativo
2024-06-24 09:59:16.782713088,RS,Representante,Acessórios,Distribuidor,Produto_69,13,19818.964625377062,11693.4933116872,8125.471313689863,2024,6,June,2,Monday,41.0,1524.54,Lucrativo
2024-06-24 16:59:55.678271312,PR,Marketplace,Serviços,Varejo,Produto_92,9,2255.0462054542813,1396.0864834393465,858.9597220149349,2024,6,June,2,Monday,38.09,250.56,Lucrativo
2024-06-24 16:59:55.678271312,BA,Marketplace,Informática,Varejo,Produto_28,10,20745.898028983385,16704.853045839176,4041.044983144209,2024,6,June,2,Monday,19.48,2074.59,Lucrativo
2024-06-24 16:59:55.678271312,SC,Loja Física,Eletrônicos,Varejo,Produto_93,14,10996.591921684289,8749.509710893859,2247.0822107904296,2024,6,June,2,Monday,20.43,785.47,Lucrativo
2024-06-25 00:00:34.573829528,MG,Loja Física,Acessórios,Corporativo,Produto_112,14,4770.46647806288,3056.4284268847628,1714.0380511781173,2024,6,June,2,Tuesday,35.93,340.75,Lucrativo
2024-06-25 07:01:13.469387752,PR,Online,Acessórios,Distribuidor,Produto_30,14,13869.832332686085,8860.312821945143,5009.51951074094,2024,6,June,2,Tuesday,36.12,990.7,Lucrativo
2024-06-25 14:01:52.364945976,MG,Loja Física,Serviços,Varejo,Produto_47,2,4790.852571323705,3011.718279343117,1779.134291980588,2024,6,June,2,Tuesday,37.14,2395.43,Lucrativo
2024-06-25 21:02:31.260504200,SP,Online,Informática,Varejo,Produto_35,7,13316.62811530321,8255.109816428394,5061.5182988748165,2024,6,June,2,Tuesday,38.01,1902.38,Lucrativo
2024-06-25 21:02:31.260504200,PR,Representante,Serviços,Varejo,Produto_57,6,6026.431093703601,3472.232180268164,2554.1989134354367,2024,6,June,2,Tuesday,42.38,1004.41,Lucrativo
2024-06-25 21:02:31.260504200,SP,Online,Móveis,Corporativo,Produto_107,9,8857.899610943317,7176.982830094242,1680.9167808490756,2024,6,June,2,Tuesday,18.98,984.21,Lucrativo
2024-06-25 21:02:31.260504200,PR,Online,Eletrônicos,Corporativo,Produto_48,11,22424.881095902943,17825.785929078556,4599.095166824387,2024,6,June,2,Tuesday,20.51,2038.63,Lucrativo
2024-06-25 21:02:31.260504200,RS,Online,Eletrônicos,Corporativo,Produto_17,12,14103.230698679188,9830.497005326844,4272.733693352346,2024,6,June,2,Tuesday,30.3,1175.27,Lucrativo
2024-06-26 04:03:10.156062424,ES,Online,Eletrônicos,Corporativo,Produto_94,5,12325.37259962286,7271.303507950182,5054.069091672678,2024,6,June,2,Wednesday,41.01,2465.07,Lucrativo
2024-06-26 04:03:10.156062424,SP,Online,Eletrônicos,Distribuidor,Produto_4,10,4925.365815958647,4052.3600157755486,873.005800183098,2024,6,June,2,Wednesday,17.72,492.54,Lucrativo
2024-06-27 15:06:24.633853544,PR,Representante,Serviços,Corporativo,Produto_5,8,14422.956325052404,10687.645060974612,3735.3112640777927,2024,6,June,2,Thursday,25.9,1802.87,Lucrativo
2024-06-28 05:07:42.424969984,RS,Loja Física,Eletrônicos,Corporativo,Produto_33,11,6626.076572579902,4150.085011807447,2475.991560772455,2024,6,June,2,Friday,37.37,602.37,Lucrativo
2024-06-28 05:07:42.424969984,SC,Loja Física,Acessórios,Corporativo,Produto_29,4,8737.15387158912,6571.950628536242,2165.203243052878,2024,6,June,2,Friday,24.78,2184.29,Lucrativo
2024-06-29 02:09:39.111644656,SC,Loja Física,Móveis,Distribuidor,Produto_113,14,22450.61821273134,17471.177824771978,4979.440387959363,2024,6,June,2,Saturday,22.18,1603.62,Lucrativo
2024-06-29 02:09:39.111644656,SP,Loja Física,Serviços,Corporativo,Produto_119,14,16014.192233529688,13505.69537442347,2508.496859106217,2024,6,June,2,Saturday,15.66,1143.87,Lucrativo
2024-06-29 16:10:56.902761104,RJ,Marketplace,Eletrônicos,Corporativo,Produto_92,1,1965.9839612180515,1248.136022831554,717.8479383864974,2024,6,June,2,Saturday,36.51,1965.98,Lucrativo
2024-07-01 03:14:11.380552224,RJ,Online,Serviços,Distribuidor,Produto_35,2,2483.1155640365278,1748.5512740546258,734.5642899819015,2024,7,July,3,Monday,29.58,1241.56,Lucrativo
2024-07-01 10:14:50.276110440,SC,Loja Física,Acessórios,Varejo,Produto_86,12,12673.881699511388,7495.040831503692,5178.840868007696,2024,7,July,3,Monday,40.86,1056.16,Lucrativo
2024-07-01 17:15:29.171668664,RS,Representante,Serviços,Corporativo,Produto_109,1,678.4750469482294,452.9784220525627,225.49662489566677,2024,7,July,3,Monday,33.24,678.48,Lucrativo
2024-07-01 17:15:29.171668664,SC,Loja Física,Móveis,Distribuidor,Produto_101,6,7807.485318091959,6450.064939722412,1357.4203783695475,2024,7,July,3,Monday,17.39,1301.25,Lucrativo
2024-07-02 07:16:46.962785112,PR,Representante,Acessórios,Distribuidor,Produto_113,8,4326.281527046898,2908.3873780243607,1417.8941490225377,2024,7,July,3,Tuesday,32.77,540.79,Lucrativo
2024-07-02 14:17:25.858343336,RS,Marketplace,Serviços,Corporativo,Produto_74,8,13807.789373741694,8533.593189328136,5274.196184413559,2024,7,July,3,Tuesday,38.2,1725.97,Lucrativo
2024-07-03 04:18:43.649459784,PR,Representante,Móveis,Corporativo,Produto_114,3,4446.871442730413,3705.6029870637753,741.2684556666377,2024,7,July,3,Wednesday,16.67,1482.29,Lucrativo
2024-07-03 18:20:01.440576232,SP,Marketplace,Informática,Corporativo,Produto_1,12,19294.711103531605,10702.939879908718,8591.771223622887,2024,7,July,3,Wednesday,44.53,1607.89,Lucrativo
2024-07-04 08:21:19.231692680,ES,Online,Informática,Distribuidor,Produto_24,14,19483.73134234009,13656.559583084498,5827.171759255594,2024,7,July,3,Thursday,29.91,1391.7,Lucrativo
2024-07-04 08:21:19.231692680,RS,Representante,Informática,Distribuidor,Produto_97,4,5319.3563931820045,3112.426568920252,2206.929824261753,2024,7,July,3,Thursday,41.49,1329.84,Lucrativo
2024-07-04 15:21:58.127250896,RS,Loja Física,Móveis,Corporativo,Produto_69,1,609.6689251947939,464.0530418692602,145.61588332553373,2024,7,July,3,Thursday,23.88,609.67,Lucrativo
2024-07-05 19:24:33.709483792,RS,Marketplace,Eletrônicos,Varejo,Produto_97,12,14375.018529341263,10350.435523283271,4024.583006057992,2024,7,July,3,Friday,28.0,1197.92,Lucrativo
2024-07-05 19:24:33.709483792,SC,Representante,Acessórios,Varejo,Produto_51,9,15676.37520644822,11016.53722833024,4659.837978117981,2024,7,July,3,Friday,29.73,1741.82,Lucrativo
2024-07-06 02:25:12.605042016,RJ,Online,Serviços,Corporativo,Produto_85,13,653.7788404105727,436.8666950051252,216.91214540544752,2024,7,July,3,Saturday,33.18,50.29,Lucrativo
2024-07-06 16:26:30.396158464,SC,Loja Física,Informática,Distribuidor,Produto_77,2,3601.9166675345623,2575.655794831462,1026.2608727031002,2024,7,July,3,Saturday,28.49,1800.96,Lucrativo
2024-07-07 13:28:27.082833136,SC,Marketplace,Acessórios,Corporativo,Produto_82,2,4375.03259313141,3054.0137968777394,1321.0187962536706,2024,7,July,3,Sunday,30.19,2187.52,Lucrativo
2024-07-07 20:29:05.978391360,ES,Marketplace,Móveis,Varejo,Produto_26,11,19151.069622310613,12249.938585474454,6901.131036836159,2024,7,July,3,Sunday,36.04,1741.01,Lucrativo
2024-07-08 10:30:23.769507800,BA,Representante,Informática,Varejo,Produto_82,8,1291.1066932165463,1097.3991156134095,193.7075776031368,2024,7,July,3,Monday,15.0,161.39,Lucrativo
2024-07-08 17:31:02.665066024,SC,Representante,Informática,Varejo,Produto_92,5,1233.876487329252,1047.1535862411365,186.7229010881156,2024,7,July,3,Monday,15.13,246.78,Lucrativo
2024-07-08 17:31:02.665066024,RJ,Representante,Móveis,Distribuidor,Produto_95,12,20591.57399776948,11417.768294531905,9173.805703237576,2024,7,July,3,Monday,44.55,1715.96,Lucrativo
2024-07-09 00:31:41.560624248,SC,Online,Acessórios,Distribuidor,Produto_42,8,13212.180246879854,9299.774982506193,3912.405264373661,2024,7,July,3,Tuesday,29.61,1651.52,Lucrativo
2024-07-09 00:31:41.560624248,RS,Loja Física,Informática,Varejo,Produto_24,8,7259.951448009319,5442.545416960736,1817.406031048584,2024,7,July,3,Tuesday,25.03,907.49,Lucrativo
2024-07-09 00:31:41.560624248,SC,Online,Eletrônicos,Varejo,Produto_25,3,5075.981975653604,3151.047955146613,1924.9340205069907,2024,7,July,3,Tuesday,37.92,1691.99,Lucrativo
2024-07-09 07:32:20.456182472,RS,Loja Física,Serviços,Distribuidor,Produto_118,6,9351.911826055488,6387.2813173760815,2964.6305086794064,2024,7,July,3,Tuesday,31.7,1558.65,Lucrativo
2024-07-09 07:32:20.456182472,SP,Loja Física,Serviços,Distribuidor,Produto_73,14,10113.70532202505,7330.587089550241,2783.118232474808,2024,7,July,3,Tuesday,27.52,722.41,Lucrativo
2024-07-09 21:33:38.247298920,RS,Marketplace,Móveis,Varejo,Produto_80,9,17995.16367040629,14009.286844865164,3985.876825541127,2024,7,July,3,Tuesday,22.15,1999.46,Lucrativo
2024-07-09 21:33:38.247298920,SP,Online,Eletrônicos,Corporativo,Produto_29,14,27399.82697567464,19511.363638443243,7888.463337231398,2024,7,July,3,Tuesday,28.79,1957.13,Lucrativo
2024-07-10 04:34:17.142857144,SC,Representante,Serviços,Corporativo,Produto_59,10,5261.137510207134,3956.8489439941136,1304.2885662130209,2024,7,July,3,Wednesday,24.79,526.11,Lucrativo
2024-07-10 04:34:17.142857144,BA,Representante,Acessórios,Distribuidor,Produto_30,3,3393.157191769154,2033.477607590079,1359.679584179075,2024,7,July,3,Wednesday,40.07,1131.05,Lucrativo
2024-07-11 01:36:13.829531816,RS,Loja Física,Serviços,Corporativo,Produto_30,10,20393.705241624983,14822.23822904098,5571.467012584008,2024,7,July,3,Thursday,27.32,2039.37,Lucrativo
2024-07-11 01:36:13.829531816,MG,Online,Eletrônicos,Distribuidor,Produto_80,10,9186.33305347604,5723.969216490755,3462.3638369852843,2024,7,July,3,Thursday,37.69,918.63,Lucrativo
2024-07-11 15:37:31.620648256,RS,Loja Física,Serviços,Corporativo,Produto_14,12,6673.719897874211,5330.955695451786,1342.7642024224251,2024,7,July,3,Thursday,20.12,556.14,Lucrativo
2024-07-11 15:37:31.620648256,BA,Marketplace,Acessórios,Corporativo,Produto_70,12,5849.4540629765415,4589.201219493654,1260.252843482887,2024,7,July,3,Thursday,21.54,487.45,Lucrativo
2024-07-11 22:38:10.516206480,PR,Loja Física,Móveis,Distribuidor,Produto_18,10,10332.730605935936,5923.33519016142,4409.395415774517,2024,7,July,3,Thursday,42.67,1033.27,Lucrativo
2024-07-12 05:38:49.411764704,RJ,Online,Acessórios,Distribuidor,Produto_2,8,18999.14315002948,15872.999695870529,3126.1434541589497,2024,7,July,3,Friday,16.45,2374.89,Lucrativo
2024-07-12 05:38:49.411764704,RJ,Online,Serviços,Varejo,Produto_27,8,10216.95285655341,7025.449164010176,3191.503692543233,2024,7,July,3,Friday,31.24,1277.12,Lucrativo
2024-07-12 19:40:07.202881152,BA,Marketplace,Acessórios,Corporativo,Produto_72,11,9535.05259339162,6639.791567245319,2895.2610261463024,2024,7,July,3,Friday,30.36,866.82,Lucrativo
2024-07-12 19:40:07.202881152,RJ,Loja Física,Informática,Distribuidor,Produto_108,9,9269.11961808355,5834.072067660747,3435.0475504228034,2024,7,July,3,Friday,37.06,1029.9,Lucrativo
2024-07-12 19:40:07.202881152,RS,Representante,Móveis,Varejo,Produto_11,13,6516.659469774072,4887.394487189977,1629.2649825840954,2024,7,July,3,Friday,25.0,501.28,Lucrativo
2024-07-13 02:40:46.098439376,RJ,Marketplace,Serviços,Varejo,Produto_16,14,33132.47969122362,26084.097384609555,7048.382306614065,2024,7,July,3,Saturday,21.27,2366.61,Lucrativo
2024-07-13 02:40:46.098439376,RJ,Online,Eletrônicos,Corporativo,Produto_59,5,11565.19442751791,8301.361435736091,3263.832991781819,2024,7,July,3,Saturday,28.22,2313.04,Lucrativo
2024-07-13 09:41:24.993997600,SP,Marketplace,Móveis,Varejo,Produto_66,4,7972.105926569883,6337.08721247164,1635.0187140982434,2024,7,July,3,Saturday,20.51,1993.03,Lucrativo
2024-07-13 16:42:03.889555824,ES,Loja Física,Móveis,Varejo,Produto_30,5,4137.811080076282,2727.841442245721,1409.9696378305616,2024,7,July,3,Saturday,34.08,827.56,Lucrativo
2024-07-14 20:44:39.471788712,RS,Loja Física,Serviços,Distribuidor,Produto_89,10,21586.876839062745,15104.255243694766,6482.621595367978,2024,7,July,3,Sunday,30.03,2158.69,Lucrativo
2024-07-14 20:44:39.471788712,MG,Loja Física,Móveis,Varejo,Produto_62,10,12077.000565117069,7244.018427480813,4832.982137636255,2024,7,July,3,Sunday,40.02,1207.7,Lucrativo
2024-07-14 20:44:39.471788712,SC,Marketplace,Móveis,Distribuidor,Produto_46,3,1498.1097695419564,1133.4984764411236,364.6112931008329,2024,7,July,3,Sunday,24.34,499.37,Lucrativo
2024-07-15 10:45:57.262905160,SP,Loja Física,Acessórios,Corporativo,Produto_16,8,16597.415965394815,9165.442265780706,7431.973699614109,2024,7,July,3,Monday,44.78,2074.68,Lucrativo
2024-07-15 17:46:36.158463384,ES,Marketplace,Serviços,Corporativo,Produto_49,11,20363.20727870817,16496.427252213303,3866.780026494871,2024,7,July,3,Monday,18.99,1851.2,Lucrativo
2024-07-15 17:46:36.158463384,RJ,Marketplace,Móveis,Distribuidor,Produto_24,11,8156.060665383095,5606.53438589945,2549.5262794836444,2024,7,July,3,Monday,31.26,741.46,Lucrativo
2024-07-16 00:47:15.054021608,SC,Online,Serviços,Corporativo,Produto_46,13,17953.70610147457,13630.35245084271,4323.35365063186,2024,7,July,3,Tuesday,24.08,1381.05,Lucrativo
2024-07-16 00:47:15.054021608,ES,Marketplace,Móveis,Corporativo,Produto_101,6,12840.74381627985,10243.819284006182,2596.924532273668,2024,7,July,3,Tuesday,20.22,2140.12,Lucrativo
2024-07-16 07:47:53.949579832,RJ,Online,Acessórios,Corporativo,Produto_4,12,14324.240636519306,9160.02453393584,5164.216102583467,2024,7,July,3,Tuesday,36.05,1193.69,Lucrativo
2024-07-16 07:47:53.949579832,RS,Marketplace,Eletrônicos,Varejo,Produto_66,1,2261.926178730713,1579.0670790184286,682.8590997122847,2024,7,July,3,Tuesday,30.19,2261.93,Lucrativo
2024-07-16 21:49:11.740696280,BA,Online,Móveis,Varejo,Produto_69,2,4196.323800558027,2500.190575033737,1696.13322552429,2024,7,July,3,Tuesday,40.42,2098.16,Lucrativo
2024-07-17 04:49:50.636254504,MG,Marketplace,Móveis,Corporativo,Produto_1,11,1509.5608546199114,1221.39917947624,288.1616751436716,2024,7,July,3,Wednesday,19.09,137.23,Lucrativo
2024-07-17 11:50:29.531812728,BA,Marketplace,Eletrônicos,Varejo,Produto_81,7,9557.856789425236,5389.522172300906,4168.334617124329,2024,7,July,3,Wednesday,43.61,1365.41,Lucrativo
2024-07-17 18:51:08.427370944,RS,Online,Informática,Distribuidor,Produto_33,8,7708.258481344866,5497.468850871566,2210.7896304732994,2024,7,July,3,Wednesday,28.68,963.53,Lucrativo
2024-07-18 01:51:47.322929168,PR,Marketplace,Acessórios,Corporativo,Produto_16,4,5667.42763234299,3141.3493844999102,2526.07824784308,2024,7,July,3,Thursday,44.57,1416.86,Lucrativo
2024-07-18 01:51:47.322929168,SP,Online,Informática,Corporativo,Produto_20,4,7899.053989382709,6137.736544618168,1761.3174447645415,2024,7,July,3,Thursday,22.3,1974.76,Lucrativo
2024-07-18 08:52:26.218487392,BA,Loja Física,Eletrônicos,Corporativo,Produto_116,6,5690.617124015985,3753.6355437619336,1936.981580254051,2024,7,July,3,Thursday,34.04,948.44,Lucrativo
2024-07-18 08:52:26.218487392,ES,Marketplace,Móveis,Varejo,Produto_70,12,29255.883661302418,17455.631503133452,11800.252158168963,2024,7,July,3,Thursday,40.33,2437.99,Lucrativo
2024-07-18 08:52:26.218487392,MG,Loja Física,Informática,Distribuidor,Produto_83,9,14229.403581203052,10953.223549043125,3276.1800321599294,2024,7,July,3,Thursday,23.02,1581.04,Lucrativo
2024-07-19 05:54:22.905162064,SC,Loja Física,Acessórios,Distribuidor,Produto_92,12,24577.23626854457,18376.6512270468,6200.5850414977685,2024,7,July,3,Friday,25.23,2048.1,Lucrativo
2024-07-19 12:55:01.800720288,ES,Representante,Informática,Distribuidor,Produto_30,1,455.0448632523276,370.91960839153984,84.12525486078772,2024,7,July,3,Friday,18.49,455.04,Lucrativo
2024-07-19 12:55:01.800720288,BA,Loja Física,Móveis,Distribuidor,Produto_88,12,12123.510520179274,8686.287572879051,3437.2229473002226,2024,7,July,3,Friday,28.35,1010.29,Lucrativo
2024-07-19 19:55:40.696278512,SC,Online,Acessórios,Distribuidor,Produto_56,1,1231.51640114094,834.7426260069557,396.77377513398426,2024,7,July,3,Friday,32.22,1231.52,Lucrativo
2024-07-19 19:55:40.696278512,MG,Online,Informática,Distribuidor,Produto_119,9,17753.40926559849,12791.405500598878,4962.003764999612,2024,7,July,3,Friday,27.95,1972.6,Lucrativo
2024-07-20 02:56:19.591836736,RS,Online,Acessórios,Corporativo,Produto_36,4,7049.083634147265,4543.285873015516,2505.797761131749,2024,7,July,3,Saturday,35.55,1762.27,Lucrativo
2024-07-20 02:56:19.591836736,ES,Online,Eletrônicos,Distribuidor,Produto_45,4,7133.056958982434,5223.560925078724,1909.4960339037095,2024,7,July,3,Saturday,26.77,1783.26,Lucrativo
2024-07-20 09:56:58.487394960,SP,Loja Física,Eletrônicos,Corporativo,Produto_98,9,15549.921488991127,10210.67699844211,5339.244490549019,2024,7,July,3,Saturday,34.34,1727.77,Lucrativo
2024-07-20 09:56:58.487394960,SP,Representante,Acessórios,Distribuidor,Produto_106,5,2362.403221342076,1677.4100544878104,684.9931668542656,2024,7,July,3,Saturday,29.0,472.48,Lucrativo
2024-07-20 16:57:37.382953184,RJ,Online,Eletrônicos,Varejo,Produto_24,9,16161.55130138258,11507.590387890768,4653.960913491812,2024,7,July,3,Saturday,28.8,1795.73,Lucrativo
2024-07-21 06:58:55.174069624,SP,Loja Física,Móveis,Corporativo,Produto_32,13,14811.31389596014,12052.772175023574,2758.541720936566,2024,7,July,3,Sunday,18.62,1139.33,Lucrativo
2024-07-21 13:59:34.069627848,ES,Loja Física,Serviços,Distribuidor,Produto_100,13,1044.5680526346232,858.3618372829685,186.2062153516547,2024,7,July,3,Sunday,17.83,80.35,Lucrativo
2024-07-21 21:00:12.965186072,RJ,Loja Física,Eletrônicos,Varejo,Produto_112,7,4326.144434831922,2605.0642387827065,1721.0801960492154,2024,7,July,3,Sunday,39.78,618.02,Lucrativo
2024-07-22 11:01:30.756302520,SC,Representante,Móveis,Distribuidor,Produto_74,2,2925.699257020085,2415.746508818462,509.9527482016233,2024,7,July,3,Monday,17.43,1462.85,Lucrativo
2024-07-22 11:01:30.756302520,MG,Marketplace,Acessórios,Corporativo,Produto_49,7,9504.154512709214,6502.420189524414,3001.7343231848,2024,7,July,3,Monday,31.58,1357.74,Lucrativo
2024-07-22 11:01:30.756302520,MG,Marketplace,Eletrônicos,Distribuidor,Produto_26,8,13480.291230839435,11198.426949629596,2281.8642812098424,2024,7,July,3,Monday,16.93,1685.04,Lucrativo
2024-07-22 18:02:09.651860744,BA,Loja Física,Móveis,Distribuidor,Produto_77,12,27406.683046778104,18127.02424267237,9279.65880410573,2024,7,July,3,Monday,33.86,2283.89,Lucrativo
2024-07-22 18:02:09.651860744,ES,Loja Física,Serviços,Corporativo,Produto_113,1,2095.4116992626696,1348.2897817667715,747.1219174958978,2024,7,July,3,Monday,35.66,2095.41,Lucrativo
2024-07-23 01:02:48.547418968,SC,Loja Física,Móveis,Corporativo,Produto_76,5,8155.3024571616415,6597.66848712752,1557.6339700341214,2024,7,July,3,Tuesday,19.1,1631.06,Lucrativo
2024-07-23 01:02:48.547418968,SC,Representante,Eletrônicos,Varejo,Produto_49,10,11959.821918304013,10142.240335268078,1817.5815830359352,2024,7,July,3,Tuesday,15.2,1195.98,Lucrativo
2024-07-23 01:02:48.547418968,ES,Loja Física,Eletrônicos,Varejo,Produto_108,12,25068.49605777094,15155.515501153326,9912.980556617613,2024,7,July,3,Tuesday,39.54,2089.04,Lucrativo
2024-07-23 15:04:06.338535416,PR,Loja Física,Móveis,Varejo,Produto_90,2,1688.862176380179,1256.0920130862603,432.7701632939186,2024,7,July,3,Tuesday,25.62,844.43,Lucrativo
2024-07-23 15:04:06.338535416,MG,Marketplace,Móveis,Distribuidor,Produto_34,2,3396.291379785174,2459.0900751354384,937.2013046497354,2024,7,July,3,Tuesday,27.59,1698.15,Lucrativo
2024-07-23 15:04:06.338535416,BA,Online,Acessórios,Corporativo,Produto_30,5,11659.776515464982,7973.085750953324,3686.690764511658,2024,7,July,3,Tuesday,31.62,2331.96,Lucrativo
2024-07-23 15:04:06.338535416,RS,Representante,Acessórios,Varejo,Produto_108,6,7951.748558294706,5030.0961050884,2921.652453206306,2024,7,July,3,Tuesday,36.74,1325.29,Lucrativo
2024-07-23 22:04:45.234093640,SP,Marketplace,Eletrônicos,Corporativo,Produto_7,2,3387.60063823726,1870.9561604360688,1516.644477801191,2024,7,July,3,Tuesday,44.77,1693.8,Lucrativo
2024-07-24 05:05:24.129651864,SP,Loja Física,Eletrônicos,Varejo,Produto_6,8,12260.787057336209,9686.883269443711,2573.9037878924937,2024,7,July,3,Wednesday,20.99,1532.6,Lucrativo
2024-07-24 12:06:03.025210080,PR,Online,Eletrônicos,Varejo,Produto_95,13,31152.87580815662,21249.61831100548,9903.257497151142,2024,7,July,3,Wednesday,31.79,2396.38,Lucrativo
2024-07-24 12:06:03.025210080,BA,Online,Eletrônicos,Distribuidor,Produto_35,6,8546.06054260805,5630.842332590426,2915.2182100176237,2024,7,July,3,Wednesday,34.11,1424.34,Lucrativo
2024-07-25 02:07:20.816326528,RJ,Representante,Eletrônicos,Corporativo,Produto_2,11,8964.720325224784,6596.923700057656,2367.796625167128,2024,7,July,3,Thursday,26.41,814.97,Lucrativo
2024-07-25 09:07:59.711884752,SC,Representante,Acessórios,Corporativo,Produto_16,13,22090.16933905141,16760.332242390275,5329.8370966611365,2024,7,July,3,Thursday,24.13,1699.24,Lucrativo
2024-07-25 09:07:59.711884752,SC,Marketplace,Eletrônicos,Distribuidor,Produto_71,3,678.8057404098868,489.4434746318487,189.36226577803808,2024,7,July,3,Thursday,27.9,226.27,Lucrativo
2024-07-25 16:08:38.607442976,BA,Representante,Serviços,Varejo,Produto_7,8,5270.868700741612,3044.190177825687,2226.678522915925,2024,7,July,3,Thursday,42.25,658.86,Lucrativo
2024-07-25 23:09:17.503001200,SC,Representante,Móveis,Corporativo,Produto_3,10,18934.8291579773,14078.82393230622,4856.005225671081,2024,7,July,3,Thursday,25.65,1893.48,Lucrativo
2024-07-26 06:09:56.398559424,SC,Marketplace,Eletrônicos,Varejo,Produto_24,7,5994.393485913953,4760.391558309947,1234.0019276040057,2024,7,July,3,Friday,20.59,856.34,Lucrativo
2024-07-26 13:10:35.294117648,SP,Marketplace,Eletrônicos,Distribuidor,Produto_103,9,14822.19227955253,10533.877850553446,4288.314428999083,2024,7,July,3,Friday,28.93,1646.91,Lucrativo
2024-07-26 13:10:35.294117648,MG,Online,Informática,Varejo,Produto_33,12,17412.290033717796,14286.269015650852,3126.021018066944,2024,7,July,3,Friday,17.95,1451.02,Lucrativo
2024-07-26 13:10:35.294117648,SP,Online,Acessórios,Varejo,Produto_98,11,2215.34319944356,1533.164039109748,682.1791603338115,2024,7,July,3,Friday,30.79,201.39,Lucrativo
2024-07-26 13:10:35.294117648,PR,Loja Física,Informática,Varejo,Produto_38,3,2592.2511673811755,1648.096957149497,944.1542102316783,2024,7,July,3,Friday,36.42,864.08,Lucrativo
2024-07-27 03:11:53.085234096,PR,Representante,Informática,Varejo,Produto_14,13,7483.1060453246755,4781.03339404526,2702.072651279416,2024,7,July,3,Saturday,36.11,575.62,Lucrativo
2024-07-27 10:12:31.980792320,PR,Loja Física,Informática,Varejo,Produto_15,10,11218.49130114676,7065.5805688924665,4152.910732254293,2024,7,July,3,Saturday,37.02,1121.85,Lucrativo
2024-07-28 14:15:07.563025208,SC,Representante,Serviços,Distribuidor,Produto_33,13,4985.945625163786,2993.8471255839586,1992.0984995798271,2024,7,July,3,Sunday,39.95,383.53,Lucrativo
2024-07-28 14:15:07.563025208,PR,Marketplace,Serviços,Corporativo,Produto_4,5,10142.555499741437,8253.565630539544,1888.9898692018924,2024,7,July,3,Sunday,18.62,2028.51,Lucrativo
2024-07-28 21:15:46.458583432,PR,Marketplace,Acessórios,Corporativo,Produto_86,11,24642.013421891144,16503.730012333275,8138.283409557869,2024,7,July,3,Sunday,33.03,2240.18,Lucrativo
2024-07-28 21:15:46.458583432,PR,Representante,Serviços,Varejo,Produto_62,2,4135.590138436087,3495.0184808188305,640.5716576172563,2024,7,July,3,Sunday,15.49,2067.8,Lucrativo
2024-07-29 04:16:25.354141656,RS,Representante,Serviços,Distribuidor,Produto_109,11,4521.157044151107,2968.568563689919,1552.5884804611878,2024,7,July,3,Monday,34.34,411.01,Lucrativo
2024-07-29 11:17:04.249699880,SC,Representante,Móveis,Varejo,Produto_100,9,12964.16409136186,9749.659979344206,3214.504112017654,2024,7,July,3,Monday,24.8,1440.46,Lucrativo
2024-07-30 01:18:22.040816328,RS,Loja Física,Serviços,Corporativo,Produto_13,11,12975.269666547618,8765.407472469462,4209.862194078156,2024,7,July,3,Tuesday,32.45,1179.57,Lucrativo
2024-07-30 15:19:39.831932776,BA,Online,Eletrônicos,Corporativo,Produto_13,5,10122.923862624164,8190.892604281316,1932.031258342848,2024,7,July,3,Tuesday,19.09,2024.58,Lucrativo
2024-07-31 12:21:36.518607440,MG,Marketplace,Eletrônicos,Distribuidor,Produto_93,11,19598.784043023377,12647.470933772129,6951.31310925125,2024,7,July,3,Wednesday,35.47,1781.71,Lucrativo
2024-08-01 02:22:54.309723888,RJ,Marketplace,Serviços,Corporativo,Produto_99,1,1745.108563150187,1297.9127388184788,447.1958243317079,2024,8,August,3,Thursday,25.63,1745.11,Lucrativo
2024-08-01 02:22:54.309723888,RJ,Representante,Móveis,Distribuidor,Produto_27,2,3202.0361883390246,2387.3084492884814,814.7277390505433,2024,8,August,3,Thursday,25.44,1601.02,Lucrativo
2024-08-01 23:24:50.996398560,BA,Representante,Serviços,Varejo,Produto_63,3,2065.3944648325546,1705.5537454226844,359.8407194098702,2024,8,August,3,Thursday,17.42,688.46,Lucrativo
2024-08-01 23:24:50.996398560,MG,Loja Física,Serviços,Distribuidor,Produto_59,9,6700.463268137687,4151.906310717471,2548.5569574202163,2024,8,August,3,Thursday,38.04,744.5,Lucrativo
2024-08-02 06:25:29.891956784,PR,Marketplace,Serviços,Varejo,Produto_33,12,21885.59629911514,16877.616773335794,5007.979525779345,2024,8,August,3,Friday,22.88,1823.8,Lucrativo
2024-08-02 20:26:47.683073232,PR,Representante,Móveis,Corporativo,Produto_67,10,15066.4353739856,12647.153962031987,2419.2814119536124,2024,8,August,3,Friday,16.06,1506.64,Lucrativo
2024-08-03 03:27:26.578631456,BA,Loja Física,Acessórios,Distribuidor,Produto_21,5,10487.842504001996,7382.268838744474,3105.5736652575238,2024,8,August,3,Saturday,29.61,2097.57,Lucrativo
2024-08-03 10:28:05.474189672,SP,Online,Móveis,Corporativo,Produto_87,7,15467.292420341058,8697.239552411742,6770.052867929317,2024,8,August,3,Saturday,43.77,2209.61,Lucrativo
2024-08-03 10:28:05.474189672,SC,Representante,Móveis,Corporativo,Produto_103,5,5356.40318379418,4164.028222169781,1192.3749616243997,2024,8,August,3,Saturday,22.26,1071.28,Lucrativo
2024-08-03 17:28:44.369747896,MG,Loja Física,Informática,Distribuidor,Produto_94,1,750.4704114676975,500.9733801803222,249.49703128737536,2024,8,August,3,Saturday,33.25,750.47,Lucrativo
2024-08-03 17:28:44.369747896,MG,Marketplace,Eletrônicos,Varejo,Produto_35,9,19331.41927102205,12943.308244006648,6388.111027015404,2024,8,August,3,Saturday,33.05,2147.94,Lucrativo
2024-08-04 14:30:41.056422568,BA,Marketplace,Informática,Varejo,Produto_108,2,2917.8016382002043,2435.7834118752,482.0182263250044,2024,8,August,3,Sunday,16.52,1458.9,Lucrativo
2024-08-04 14:30:41.056422568,RS,Loja Física,Móveis,Distribuidor,Produto_117,7,10530.466664164936,6374.407930023378,4156.058734141557,2024,8,August,3,Sunday,39.47,1504.35,Lucrativo
2024-08-05 04:31:58.847539016,SC,Loja Física,Informática,Distribuidor,Produto_89,2,3867.85728908104,2160.501735188171,1707.355553892869,2024,8,August,3,Monday,44.14,1933.93,Lucrativo
2024-08-05 04:31:58.847539016,RS,Loja Física,Serviços,Corporativo,Produto_115,3,6781.1280323994815,4096.30185472157,2684.826177677912,2024,8,August,3,Monday,39.59,2260.38,Lucrativo
2024-08-05 04:31:58.847539016,MG,Marketplace,Serviços,Distribuidor,Produto_96,4,5901.498156706349,4480.751228153357,1420.7469285529914,2024,8,August,3,Monday,24.07,1475.37,Lucrativo
2024-08-05 11:32:37.743097240,SP,Loja Física,Eletrônicos,Corporativo,Produto_114,2,2860.411875627523,2246.662259757296,613.749615870227,2024,8,August,3,Monday,21.46,1430.21,Lucrativo
2024-08-05 11:32:37.743097240,SC,Marketplace,Eletrônicos,Corporativo,Produto_115,7,2479.814650184685,1539.237318106381,940.577332078304,2024,8,August,3,Monday,37.93,354.26,Lucrativo
2024-08-05 18:33:16.638655464,RJ,Representante,Serviços,Distribuidor,Produto_54,5,9457.300822166892,7382.939568897677,2074.361253269214,2024,8,August,3,Monday,21.93,1891.46,Lucrativo
2024-08-05 18:33:16.638655464,MG,Representante,Informática,Corporativo,Produto_92,10,12105.2888798826,10128.502452689883,1976.786427192716,2024,8,August,3,Monday,16.33,1210.53,Lucrativo
2024-08-06 01:33:55.534213688,SP,Online,Informática,Corporativo,Produto_3,6,1307.0612399208203,917.9073805175284,389.1538594032918,2024,8,August,3,Tuesday,29.77,217.84,Lucrativo
2024-08-06 08:34:34.429771912,SC,Representante,Móveis,Distribuidor,Produto_118,8,1945.4409991842583,1485.4166743860153,460.024324798243,2024,8,August,3,Tuesday,23.65,243.18,Lucrativo
2024-08-06 08:34:34.429771912,RJ,Online,Acessórios,Corporativo,Produto_43,8,11212.442876292947,6914.289266504037,4298.15360978891,2024,8,August,3,Tuesday,38.33,1401.56,Lucrativo
2024-08-06 15:35:13.325330128,SC,Marketplace,Serviços,Corporativo,Produto_102,8,4592.356432945919,3056.968191369768,1535.388241576151,2024,8,August,3,Tuesday,33.43,574.04,Lucrativo
2024-08-06 22:35:52.220888352,RS,Online,Eletrônicos,Distribuidor,Produto_28,8,4526.567278021721,3711.825323882265,814.7419541394561,2024,8,August,3,Tuesday,18.0,565.82,Lucrativo
2024-08-06 22:35:52.220888352,BA,Marketplace,Eletrônicos,Corporativo,Produto_11,5,5822.649274631074,3456.881413762404,2365.7678608686706,2024,8,August,3,Tuesday,40.63,1164.53,Lucrativo
2024-08-07 12:37:10.012004800,BA,Marketplace,Eletrônicos,Corporativo,Produto_45,2,3774.9531174943463,2859.6165049220517,915.3366125722956,2024,8,August,3,Wednesday,24.25,1887.48,Lucrativo
2024-08-07 12:37:10.012004800,BA,Loja Física,Eletrônicos,Varejo,Produto_45,13,20589.996076454107,14950.556023787714,5639.440052666392,2024,8,August,3,Wednesday,27.39,1583.85,Lucrativo
2024-08-07 12:37:10.012004800,ES,Marketplace,Móveis,Distribuidor,Produto_20,12,13720.11020321102,10616.300716500082,3103.8094867109394,2024,8,August,3,Wednesday,22.62,1143.34,Lucrativo
2024-08-08 02:38:27.803121248,ES,Online,Móveis,Corporativo,Produto_40,9,15232.383746910828,11437.971799119172,3794.411947791656,2024,8,August,3,Thursday,24.91,1692.49,Lucrativo
2024-08-08 02:38:27.803121248,BA,Loja Física,Móveis,Distribuidor,Produto_2,1,1113.8355606126229,831.2977688241981,282.5377917884248,2024,8,August,3,Thursday,25.37,1113.84,Lucrativo
2024-08-08 02:38:27.803121248,RJ,Representante,Acessórios,Distribuidor,Produto_111,13,2551.7923203130417,1447.445614295464,1104.3467060175776,2024,8,August,3,Thursday,43.28,196.29,Lucrativo
2024-08-08 02:38:27.803121248,ES,Loja Física,Acessórios,Corporativo,Produto_67,13,15430.638590984889,9488.004439517856,5942.634151467029,2024,8,August,3,Thursday,38.51,1186.97,Lucrativo
2024-08-08 02:38:27.803121248,PR,Marketplace,Informática,Distribuidor,Produto_57,8,19945.208353873317,15601.267168269082,4343.941185604232,2024,8,August,3,Thursday,21.78,2493.15,Lucrativo
2024-08-08 16:39:45.594237696,MG,Loja Física,Informática,Distribuidor,Produto_92,12,11772.216508678106,9318.490605211084,2453.7259034670205,2024,8,August,3,Thursday,20.84,981.02,Lucrativo
2024-08-08 16:39:45.594237696,PR,Representante,Informática,Varejo,Produto_32,1,177.49270235167296,101.9558780511532,75.53682430051977,2024,8,August,3,Thursday,42.56,177.49,Lucrativo
2024-08-08 23:40:24.489795920,PR,Online,Eletrônicos,Corporativo,Produto_109,4,1792.110095600964,1196.6838374583665,595.4262581425978,2024,8,August,3,Thursday,33.22,448.03,Lucrativo
2024-08-09 06:41:03.385354144,BA,Representante,Móveis,Corporativo,Produto_3,7,8986.427482657995,7421.509288322782,1564.9181943352132,2024,8,August,3,Friday,17.41,1283.78,Lucrativo
2024-08-09 06:41:03.385354144,ES,Marketplace,Acessórios,Corporativo,Produto_56,5,1528.2460132381177,931.7919073292752,596.4541059088422,2024,8,August,3,Friday,39.03,305.65,Lucrativo
2024-08-09 13:41:42.280912368,MG,Marketplace,Eletrônicos,Distribuidor,Produto_72,11,25112.963548092324,17505.469001230354,7607.49454686197,2024,8,August,3,Friday,30.29,2283.0,Lucrativo
2024-08-09 13:41:42.280912368,PR,Loja Física,Informática,Corporativo,Produto_47,3,7232.089555522753,4597.267958404886,2634.821597117867,2024,8,August,3,Friday,36.43,2410.7,Lucrativo
2024-08-09 20:42:21.176470584,MG,Representante,Móveis,Varejo,Produto_42,3,1031.2163955148194,870.106871419719,161.10952409510037,2024,8,August,3,Friday,15.62,343.74,Lucrativo
2024-08-09 20:42:21.176470584,MG,Online,Móveis,Varejo,Produto_9,11,25643.985181580483,19773.40919366073,5870.575987919758,2024,8,August,3,Friday,22.89,2331.27,Lucrativo
2024-08-10 03:43:00.072028808,RJ,Marketplace,Serviços,Corporativo,Produto_71,8,10724.257907628906,8182.061178081353,2542.1967295475524,2024,8,August,3,Saturday,23.71,1340.53,Lucrativo
2024-08-10 03:43:00.072028808,MG,Marketplace,Móveis,Distribuidor,Produto_1,10,9932.87659821262,5949.160703358176,3983.7158948544447,2024,8,August,3,Saturday,40.11,993.29,Lucrativo
2024-08-10 03:43:00.072028808,PR,Marketplace,Eletrônicos,Distribuidor,Produto_116,14,34677.407821225526,26607.012239202228,8070.395582023299,2024,8,August,3,Saturday,23.27,2476.96,Lucrativo
2024-08-10 03:43:00.072028808,SC,Loja Física,Informática,Corporativo,Produto_19,8,16050.492857120626,10685.843861775746,5364.64899534488,2024,8,August,3,Saturday,33.42,2006.31,Lucrativo
2024-08-10 10:43:38.967587032,SP,Loja Física,Eletrônicos,Corporativo,Produto_23,6,1303.0939416146996,799.372142464824,503.7217991498756,2024,8,August,3,Saturday,38.66,217.18,Lucrativo
2024-08-10 17:44:17.863145256,SC,Marketplace,Acessórios,Distribuidor,Produto_109,7,10331.08598429865,6232.710829258152,4098.375155040498,2024,8,August,3,Saturday,39.67,1475.87,Lucrativo
2024-08-11 07:45:35.654261704,ES,Representante,Móveis,Varejo,Produto_68,10,6008.545080590376,4290.694562021166,1717.8505185692093,2024,8,August,3,Sunday,28.59,600.85,Lucrativo
2024-08-11 07:45:35.654261704,RS,Online,Acessórios,Corporativo,Produto_50,2,4399.64805995328,3202.8175902072217,1196.830469746058,2024,8,August,3,Sunday,27.2,2199.82,Lucrativo
2024-08-11 14:46:14.549819928,RJ,Marketplace,Acessórios,Corporativo,Produto_113,10,9664.978308560982,7067.084320172407,2597.893988388574,2024,8,August,3,Sunday,26.88,966.5,Lucrativo
2024-08-11 14:46:14.549819928,SC,Online,Móveis,Varejo,Produto_7,6,3363.262487869842,2624.9147161795586,738.3477716902835,2024,8,August,3,Sunday,21.95,560.54,Lucrativo
2024-08-11 21:46:53.445378152,BA,Marketplace,Acessórios,Distribuidor,Produto_10,5,3201.755862945686,2422.212849073433,779.5430138722531,2024,8,August,3,Sunday,24.35,640.35,Lucrativo
2024-08-12 18:48:50.132052824,SP,Marketplace,Acessórios,Varejo,Produto_75,9,9366.462125536587,6701.481081993037,2664.98104354355,2024,8,August,3,Monday,28.45,1040.72,Lucrativo
2024-08-12 18:48:50.132052824,BA,Marketplace,Móveis,Distribuidor,Produto_21,5,6463.6838531565845,4095.969436838349,2367.714416318236,2024,8,August,3,Monday,36.63,1292.74,Lucrativo
2024-08-13 01:49:29.027611040,RS,Representante,Móveis,Distribuidor,Produto_48,2,953.1353129128514,553.9671768534862,399.1681360593652,2024,8,August,3,Tuesday,41.88,476.57,Lucrativo
2024-08-13 01:49:29.027611040,ES,Loja Física,Móveis,Corporativo,Produto_44,8,1302.485136880012,760.4832515777503,542.0018853022616,2024,8,August,3,Tuesday,41.61,162.81,Lucrativo
2024-08-13 08:50:07.923169264,SP,Representante,Móveis,Varejo,Produto_19,6,4824.553506554494,3546.3861801967987,1278.167326357695,2024,8,August,3,Tuesday,26.49,804.09,Lucrativo
2024-08-13 22:51:25.714285712,RJ,Marketplace,Acessórios,Corporativo,Produto_90,13,17167.888757585388,12680.02491386779,4487.863843717598,2024,8,August,3,Tuesday,26.14,1320.61,Lucrativo
2024-08-14 12:52:43.505402160,RJ,Online,Acessórios,Varejo,Produto_87,13,31524.48793569648,17790.6841751892,13733.80376050728,2024,8,August,3,Wednesday,43.57,2424.96,Lucrativo
2024-08-14 19:53:22.400960384,SC,Representante,Serviços,Varejo,Produto_78,3,4496.482346098695,2913.4916185230622,1582.9907275756332,2024,8,August,3,Wednesday,35.21,1498.83,Lucrativo
2024-08-15 09:54:40.192076832,SP,Loja Física,Informática,Distribuidor,Produto_12,12,25480.527767286985,14321.943750597557,11158.58401668943,2024,8,August,3,Thursday,43.79,2123.38,Lucrativo
2024-08-15 09:54:40.192076832,SP,Representante,Informática,Varejo,Produto_28,14,1632.069444881506,1136.0459123979658,496.02353248354007,2024,8,August,3,Thursday,30.39,116.58,Lucrativo
2024-08-15 23:55:57.983193280,BA,Representante,Móveis,Varejo,Produto_59,9,10687.162429455326,6437.0540543606585,4250.108375094667,2024,8,August,3,Thursday,39.77,1187.46,Lucrativo
2024-08-16 13:57:15.774309720,PR,Loja Física,Informática,Varejo,Produto_118,3,3356.5761291993863,1993.3687771034456,1363.2073520959405,2024,8,August,3,Friday,40.61,1118.86,Lucrativo
2024-08-16 20:57:54.669867944,MG,Online,Acessórios,Varejo,Produto_15,8,15728.964286622751,11834.539616259648,3894.424670363105,2024,8,August,3,Friday,24.76,1966.12,Lucrativo
2024-08-17 17:59:51.356542616,MG,Loja Física,Móveis,Corporativo,Produto_42,13,10924.12186493124,7887.063019083849,3037.0588458473903,2024,8,August,3,Saturday,27.8,840.32,Lucrativo
2024-08-18 01:00:30.252100840,PR,Representante,Serviços,Distribuidor,Produto_40,8,7367.013096929118,6196.021498208263,1170.9915987208542,2024,8,August,3,Sunday,15.9,920.88,Lucrativo
2024-08-18 01:00:30.252100840,RS,Marketplace,Eletrônicos,Varejo,Produto_69,1,63.87435128820195,39.260094502573935,24.61425678562801,2024,8,August,3,Sunday,38.54,63.87,Lucrativo
2024-08-18 08:01:09.147659064,SC,Representante,Serviços,Corporativo,Produto_113,12,23965.042617646588,18308.07706795135,5656.965549695236,2024,8,August,3,Sunday,23.61,1997.09,Lucrativo
2024-08-18 22:02:26.938775512,MG,Loja Física,Acessórios,Varejo,Produto_108,5,412.5396255457191,300.2186810098775,112.3209445358416,2024,8,August,3,Sunday,27.23,82.51,Lucrativo
2024-08-18 22:02:26.938775512,RJ,Marketplace,Acessórios,Corporativo,Produto_7,9,8994.317197445669,7617.577973158068,1376.7392242876012,2024,8,August,3,Sunday,15.31,999.37,Lucrativo
2024-08-19 05:03:05.834333736,SP,Representante,Móveis,Varejo,Produto_105,14,4767.068753304601,2954.5056593776208,1812.5630939269804,2024,8,August,3,Monday,38.02,340.5,Lucrativo
2024-08-19 05:03:05.834333736,MG,Representante,Eletrônicos,Distribuidor,Produto_64,2,4411.010480828406,2594.448047764009,1816.5624330643968,2024,8,August,3,Monday,41.18,2205.51,Lucrativo
2024-08-19 19:04:23.625450176,ES,Representante,Eletrônicos,Distribuidor,Produto_64,7,2890.1023618467443,2390.3403388505767,499.7620229961676,2024,8,August,3,Monday,17.29,412.87,Lucrativo
2024-08-20 02:05:02.521008400,BA,Loja Física,Móveis,Corporativo,Produto_114,4,4694.327820788951,2986.06630028732,1708.2615205016305,2024,8,August,3,Tuesday,36.39,1173.58,Lucrativo
2024-08-20 02:05:02.521008400,PR,Loja Física,Eletrônicos,Varejo,Produto_70,8,4903.309227168315,3059.0330700672494,1844.276157101066,2024,8,August,3,Tuesday,37.61,612.91,Lucrativo
2024-08-20 02:05:02.521008400,RJ,Online,Informática,Corporativo,Produto_58,5,1923.6384029597136,1099.8727906743743,823.7656122853391,2024,8,August,3,Tuesday,42.82,384.73,Lucrativo
2024-08-20 16:06:20.312124848,MG,Loja Física,Acessórios,Corporativo,Produto_97,7,16136.09995552818,10971.791423755194,5164.308531772987,2024,8,August,3,Tuesday,32.0,2305.16,Lucrativo
2024-08-20 16:06:20.312124848,ES,Online,Móveis,Varejo,Produto_6,7,372.54596333524336,232.415111708292,140.13085162695137,2024,8,August,3,Tuesday,37.61,53.22,Lucrativo
2024-08-20 16:06:20.312124848,PR,Online,Acessórios,Corporativo,Produto_101,6,2592.0083578249014,2114.3751110580115,477.6332467668899,2024,8,August,3,Tuesday,18.43,432.0,Lucrativo
2024-08-20 16:06:20.312124848,BA,Marketplace,Móveis,Corporativo,Produto_88,4,5685.633230707049,4615.158711781483,1070.4745189255657,2024,8,August,3,Tuesday,18.83,1421.41,Lucrativo
2024-08-20 16:06:20.312124848,SC,Loja Física,Informática,Corporativo,Produto_35,4,9393.559639847685,7512.533613702832,1881.0260261448511,2024,8,August,3,Tuesday,20.02,2348.39,Lucrativo
2024-08-21 06:07:38.103241296,SC,Loja Física,Informática,Distribuidor,Produto_54,8,9378.420717644318,5940.797207684998,3437.62350995932,2024,8,August,3,Wednesday,36.65,1172.3,Lucrativo
2024-08-21 06:07:38.103241296,ES,Loja Física,Acessórios,Distribuidor,Produto_104,11,3082.324286309816,1878.4421467097304,1203.8821396000858,2024,8,August,3,Wednesday,39.06,280.21,Lucrativo
2024-08-21 20:08:55.894357744,RS,Loja Física,Eletrônicos,Distribuidor,Produto_85,5,4038.840030607117,3115.9908546942825,922.8491759128348,2024,8,August,3,Wednesday,22.85,807.77,Lucrativo
2024-08-22 10:10:13.685474192,RS,Loja Física,Acessórios,Varejo,Produto_103,14,28546.73704580538,18496.8911501365,10049.84589566888,2024,8,August,3,Thursday,35.2,2039.05,Lucrativo
2024-08-24 11:14:45.954381752,RJ,Online,Móveis,Corporativo,Produto_23,3,2238.3986019096787,1638.1035416324637,600.295060277215,2024,8,August,3,Saturday,26.82,746.13,Lucrativo
2024-08-25 08:16:42.641056424,MG,Representante,Móveis,Distribuidor,Produto_58,9,11784.643512404402,8481.296931728239,3303.3465806761637,2024,8,August,3,Sunday,28.03,1309.4,Lucrativo
2024-08-25 22:18:00.432172872,SC,Loja Física,Acessórios,Distribuidor,Produto_50,14,28478.59653311754,20825.60848080562,7652.988052311921,2024,8,August,3,Sunday,26.87,2034.19,Lucrativo
2024-08-25 22:18:00.432172872,PR,Representante,Eletrônicos,Distribuidor,Produto_96,13,28778.82684352342,22456.821579756,6322.005263767424,2024,8,August,3,Sunday,21.97,2213.76,Lucrativo
2024-08-25 22:18:00.432172872,ES,Loja Física,Informática,Varejo,Produto_49,1,716.0225382612957,599.9601292273177,116.06240903397804,2024,8,August,3,Sunday,16.21,716.02,Lucrativo
2024-08-26 12:19:18.223289312,ES,Loja Física,Eletrônicos,Corporativo,Produto_96,8,1909.8271996886328,1126.0904960258313,783.7367036628016,2024,8,August,3,Monday,41.04,238.73,Lucrativo
2024-08-26 12:19:18.223289312,SP,Online,Eletrônicos,Corporativo,Produto_96,9,20130.55909382828,15156.682353855433,4973.876739972848,2024,8,August,3,Monday,24.71,2236.73,Lucrativo
2024-08-26 19:19:57.118847536,RS,Representante,Acessórios,Varejo,Produto_56,13,26900.862733257807,15702.8977275597,11197.965005698108,2024,8,August,3,Monday,41.63,2069.3,Lucrativo
2024-08-27 02:20:36.014405760,SP,Representante,Serviços,Varejo,Produto_90,10,19926.35561830787,13611.957677908438,6314.397940399431,2024,8,August,3,Tuesday,31.69,1992.64,Lucrativo
2024-08-27 02:20:36.014405760,BA,Loja Física,Eletrônicos,Corporativo,Produto_65,2,3200.064643710158,2563.403681307244,636.6609624029147,2024,8,August,3,Tuesday,19.9,1600.03,Lucrativo
2024-08-27 02:20:36.014405760,MG,Online,Móveis,Distribuidor,Produto_2,8,17370.5088594918,13349.381811350258,4021.127048141543,2024,8,August,3,Tuesday,23.15,2171.31,Lucrativo
2024-08-27 02:20:36.014405760,MG,Loja Física,Eletrônicos,Corporativo,Produto_115,8,11117.02764663436,6645.196843759164,4471.830802875196,2024,8,August,3,Tuesday,40.23,1389.63,Lucrativo
2024-08-27 09:21:14.909963984,MG,Marketplace,Acessórios,Corporativo,Produto_61,4,3630.381233582339,2877.610539509916,752.7706940724233,2024,8,August,3,Tuesday,20.74,907.6,Lucrativo
2024-08-27 16:21:53.805522208,RS,Representante,Informática,Varejo,Produto_90,4,368.0864708268182,277.0717264599743,91.0147443668439,2024,8,August,3,Tuesday,24.73,92.02,Lucrativo
2024-08-27 23:22:32.701080432,BA,Marketplace,Acessórios,Varejo,Produto_107,12,6213.89645093802,4204.933560742997,2008.962890195024,2024,8,August,3,Tuesday,32.33,517.82,Lucrativo
2024-08-28 06:23:11.596638656,MG,Representante,Móveis,Varejo,Produto_84,7,15324.683010098292,12092.99646281081,3231.686547287481,2024,8,August,3,Wednesday,21.09,2189.24,Lucrativo
2024-08-28 13:23:50.492196880,BA,Marketplace,Móveis,Distribuidor,Produto_86,12,27744.50302167245,16219.910029151042,11524.592992521411,2024,8,August,3,Wednesday,41.54,2312.04,Lucrativo
2024-08-28 20:24:29.387755104,BA,Loja Física,Eletrônicos,Distribuidor,Produto_44,6,7733.28642334036,4776.893773332267,2956.3926500080925,2024,8,August,3,Wednesday,38.23,1288.88,Lucrativo
2024-08-29 03:25:08.283313328,SC,Online,Eletrônicos,Varejo,Produto_113,6,2335.106726643444,1629.2582217531506,705.8485048902933,2024,8,August,3,Thursday,30.23,389.18,Lucrativo
2024-08-29 10:25:47.178871552,RS,Online,Acessórios,Varejo,Produto_86,14,2174.974274748817,1268.2803915055135,906.6938832433036,2024,8,August,3,Thursday,41.69,155.36,Lucrativo
2024-08-30 00:27:04.969987992,ES,Representante,Eletrônicos,Varejo,Produto_8,1,1800.9947480911544,1495.0476305707984,305.947117520356,2024,8,August,3,Friday,16.99,1800.99,Lucrativo
2024-08-30 00:27:04.969987992,RS,Loja Física,Acessórios,Corporativo,Produto_73,6,9500.733423982683,5250.80677913486,4249.926644847825,2024,8,August,3,Friday,44.73,1583.46,Lucrativo
2024-08-30 07:27:43.865546216,SC,Online,Serviços,Distribuidor,Produto_98,14,1774.3372331200806,1504.8704344033208,269.46679871675974,2024,8,August,3,Friday,15.19,126.74,Lucrativo
2024-08-30 07:27:43.865546216,ES,Loja Física,Móveis,Distribuidor,Produto_49,7,12878.043205630747,7554.428442533613,5323.614763097136,2024,8,August,3,Friday,41.34,1839.72,Lucrativo
2024-09-01 01:31:37.238895560,SC,Loja Física,Eletrônicos,Varejo,Produto_7,1,1913.946547425825,1534.00396194857,379.94258547725485,2024,9,September,3,Sunday,19.85,1913.95,Lucrativo
2024-09-01 08:32:16.134453784,BA,Representante,Eletrônicos,Distribuidor,Produto_45,4,9098.034641506296,5397.645424594599,3700.389216911697,2024,9,September,3,Sunday,40.67,2274.51,Lucrativo
2024-09-01 22:33:33.925570224,MG,Online,Eletrônicos,Varejo,Produto_62,12,28727.792260685208,22363.02652528977,6364.765735395442,2024,9,September,3,Sunday,22.16,2393.98,Lucrativo
2024-09-02 12:34:51.716686672,MG,Loja Física,Eletrônicos,Corporativo,Produto_25,14,4808.0057645433535,2913.222699227617,1894.7830653157368,2024,9,September,3,Monday,39.41,343.43,Lucrativo
2024-09-02 12:34:51.716686672,RS,Representante,Acessórios,Distribuidor,Produto_101,14,4505.799753477751,3690.1346531805502,815.6651002972003,2024,9,September,3,Monday,18.1,321.84,Lucrativo
2024-09-03 02:36:09.507803120,ES,Loja Física,Eletrônicos,Corporativo,Produto_31,11,8554.012316207274,5385.589047994267,3168.423268213007,2024,9,September,3,Tuesday,37.04,777.64,Lucrativo
2024-09-03 09:36:48.403361344,BA,Loja Física,Móveis,Varejo,Produto_93,7,6195.007586120793,4639.805123101418,1555.2024630193755,2024,9,September,3,Tuesday,25.1,885.0,Lucrativo
2024-09-04 06:38:45.090036016,ES,Representante,Informática,Distribuidor,Produto_59,14,32660.156669375487,22620.68929283007,10039.467376545415,2024,9,September,3,Wednesday,30.74,2332.87,Lucrativo
2024-09-04 06:38:45.090036016,RS,Marketplace,Móveis,Corporativo,Produto_39,6,11768.821363180065,6624.444130747034,5144.37723243303,2024,9,September,3,Wednesday,43.71,1961.47,Lucrativo
2024-09-04 06:38:45.090036016,PR,Loja Física,Eletrônicos,Varejo,Produto_15,4,8502.718444048147,5401.016775599564,3101.7016684485834,2024,9,September,3,Wednesday,36.48,2125.68,Lucrativo
2024-09-04 13:39:23.985594240,SC,Online,Eletrônicos,Distribuidor,Produto_83,1,281.9791680834109,217.5047586456114,64.47440943779952,2024,9,September,3,Wednesday,22.86,281.98,Lucrativo
2024-09-04 13:39:23.985594240,RJ,Online,Móveis,Corporativo,Produto_25,3,1608.2794253551942,1184.9965545719465,423.282870783248,2024,9,September,3,Wednesday,26.32,536.09,Lucrativo
2024-09-05 03:40:41.776710680,ES,Representante,Acessórios,Varejo,Produto_33,12,9061.896633258828,6883.8807127924965,2178.0159204663314,2024,9,September,3,Thursday,24.03,755.16,Lucrativo
2024-09-05 10:41:20.672268904,SC,Marketplace,Móveis,Corporativo,Produto_67,5,2925.68332612248,1916.1812904929584,1009.5020356295212,2024,9,September,3,Thursday,34.5,585.14,Lucrativo
2024-09-05 17:41:59.567827128,SP,Marketplace,Serviços,Corporativo,Produto_91,2,4630.394076464995,3104.263630560862,1526.130445904133,2024,9,September,3,Thursday,32.96,2315.2,Lucrativo
2024-09-05 17:41:59.567827128,RJ,Loja Física,Eletrônicos,Distribuidor,Produto_54,11,23788.96389745264,15779.17153928305,8009.792358169589,2024,9,September,3,Thursday,33.67,2162.63,Lucrativo
2024-09-06 00:42:38.463385352,SP,Online,Eletrônicos,Corporativo,Produto_42,9,17042.00793193493,10671.079320153762,6370.92861178117,2024,9,September,3,Friday,37.38,1893.56,Lucrativo
2024-09-06 00:42:38.463385352,RS,Online,Acessórios,Corporativo,Produto_33,10,10059.182524157217,6595.030860145211,3464.1516640120044,2024,9,September,3,Friday,34.44,1005.92,Lucrativo
2024-09-06 07:43:17.358943576,BA,Online,Móveis,Corporativo,Produto_19,10,23641.72907154512,16695.314936415445,6946.414135129675,2024,9,September,3,Friday,29.38,2364.17,Lucrativo
2024-09-06 14:43:56.254501800,RS,Representante,Móveis,Corporativo,Produto_81,9,7852.055837943968,6404.017493297649,1448.0383446463193,2024,9,September,3,Friday,18.44,872.45,Lucrativo
2024-09-06 21:44:35.150060024,RS,Loja Física,Acessórios,Varejo,Produto_16,1,483.1640828369577,337.1822247978726,145.98185803908507,2024,9,September,3,Friday,30.21,483.16,Lucrativo
2024-09-07 04:45:14.045618248,ES,Marketplace,Informática,Varejo,Produto_46,11,19255.08071736804,10911.143479964603,8343.937237403434,2024,9,September,3,Saturday,43.33,1750.46,Lucrativo
2024-09-07 18:46:31.836734696,RJ,Marketplace,Informática,Varejo,Produto_62,9,7547.704102873904,4652.75892846433,2894.945174409574,2024,9,September,3,Saturday,38.36,838.63,Lucrativo
2024-09-08 01:47:10.732292920,SC,Representante,Móveis,Corporativo,Produto_92,11,1290.9333755763269,987.5504477331272,303.3829278431997,2024,9,September,3,Sunday,23.5,117.36,Lucrativo
2024-09-08 15:48:28.523409360,PR,Online,Acessórios,Varejo,Produto_67,5,10701.10967212034,8035.791463500222,2665.3182086201177,2024,9,September,3,Sunday,24.91,2140.22,Lucrativo
2024-09-08 22:49:07.418967584,RJ,Online,Serviços,Corporativo,Produto_104,13,20435.2246056432,17252.955761601268,3182.2688440419333,2024,9,September,3,Sunday,15.57,1571.94,Lucrativo
2024-09-09 05:49:46.314525808,BA,Online,Acessórios,Distribuidor,Produto_76,13,14996.545704315971,8287.989200951204,6708.556503364769,2024,9,September,3,Monday,44.73,1153.58,Lucrativo
2024-09-09 05:49:46.314525808,SP,Online,Eletrônicos,Varejo,Produto_116,3,5613.248916456296,4763.131050139634,850.117866316662,2024,9,September,3,Monday,15.14,1871.08,Lucrativo
2024-09-11 06:54:18.583433376,RJ,Marketplace,Informática,Distribuidor,Produto_119,2,4613.676620277171,3214.069939605414,1399.6066806717572,2024,9,September,3,Wednesday,30.34,2306.84,Lucrativo
2024-09-11 06:54:18.583433376,SC,Representante,Serviços,Varejo,Produto_68,1,813.6239792726052,493.67668374326206,319.94729552934314,2024,9,September,3,Wednesday,39.32,813.62,Lucrativo
2024-09-11 13:54:57.478991600,BA,Online,Serviços,Varejo,Produto_54,9,19292.75036326314,15732.501944562173,3560.2484187009686,2024,9,September,3,Wednesday,18.45,2143.64,Lucrativo
2024-09-11 20:55:36.374549816,SC,Representante,Eletrônicos,Corporativo,Produto_94,14,3000.42044783191,2265.2907217129523,735.1297261189579,2024,9,September,3,Wednesday,24.5,214.32,Lucrativo
2024-09-12 03:56:15.270108040,BA,Representante,Informática,Distribuidor,Produto_99,13,12654.10628779406,7606.064757753475,5048.041530040584,2024,9,September,3,Thursday,39.89,973.39,Lucrativo
2024-09-12 03:56:15.270108040,SC,Online,Móveis,Corporativo,Produto_15,1,1985.9062490308263,1326.5557863310928,659.3504626997337,2024,9,September,3,Thursday,33.2,1985.91,Lucrativo
2024-09-12 17:57:33.061224488,RS,Representante,Informática,Corporativo,Produto_61,2,4357.922486956641,3301.797055573932,1056.125431382709,2024,9,September,3,Thursday,24.23,2178.96,Lucrativo
2024-09-13 00:58:11.956782712,MG,Online,Móveis,Corporativo,Produto_12,3,5547.719763958886,3978.2158086552704,1569.5039553036154,2024,9,September,3,Friday,28.29,1849.24,Lucrativo
2024-09-14 05:00:47.539015608,SC,Online,Móveis,Corporativo,Produto_9,6,5598.0535533637885,3183.6267507241246,2414.426802639664,2024,9,September,3,Saturday,43.13,933.01,Lucrativo
2024-09-14 05:00:47.539015608,SP,Representante,Serviços,Varejo,Produto_99,1,1033.9940104152831,577.0674153660646,456.9265950492186,2024,9,September,3,Saturday,44.19,1033.99,Lucrativo
2024-09-14 19:02:05.330132056,SP,Online,Acessórios,Distribuidor,Produto_63,4,1969.842837466292,1084.080523306755,885.762314159537,2024,9,September,3,Saturday,44.97,492.46,Lucrativo
2024-09-15 09:03:23.121248496,RJ,Marketplace,Móveis,Varejo,Produto_70,9,7848.385594265259,6296.582925413299,1551.8026688519603,2024,9,September,3,Sunday,19.77,872.04,Lucrativo
2024-09-15 16:04:02.016806720,SP,Loja Física,Serviços,Corporativo,Produto_100,8,13073.50184205015,9429.829230638985,3643.672611411164,2024,9,September,3,Sunday,27.87,1634.19,Lucrativo
2024-09-15 23:04:40.912364944,RJ,Online,Móveis,Distribuidor,Produto_23,13,22529.55080490513,15257.36451791411,7272.186286991026,2024,9,September,3,Sunday,32.28,1733.04,Lucrativo
2024-09-16 06:05:19.807923168,SP,Online,Móveis,Distribuidor,Produto_62,10,9466.912003103427,5423.761120900183,4043.1508822032474,2024,9,September,3,Monday,42.71,946.69,Lucrativo
2024-09-16 20:06:37.599039616,SP,Marketplace,Serviços,Corporativo,Produto_104,1,2414.5947168073308,1347.73200439252,1066.8627124148109,2024,9,September,3,Monday,44.18,2414.59,Lucrativo
2024-09-16 20:06:37.599039616,RS,Loja Física,Informática,Distribuidor,Produto_79,11,7301.202347123246,5274.170058592407,2027.0322885308387,2024,9,September,3,Monday,27.76,663.75,Lucrativo
2024-09-17 03:07:16.494597840,RJ,Loja Física,Acessórios,Varejo,Produto_7,11,22732.42588896733,18863.81440240576,3868.6114865615673,2024,9,September,3,Tuesday,17.02,2066.58,Lucrativo
2024-09-17 03:07:16.494597840,RJ,Marketplace,Eletrônicos,Corporativo,Produto_59,12,12774.807014445483,8885.300382640118,3889.506631805365,2024,9,September,3,Tuesday,30.45,1064.57,Lucrativo
2024-09-18 00:09:13.181272512,SP,Marketplace,Eletrônicos,Corporativo,Produto_54,14,33335.66977284396,27905.051047261397,5430.618725582568,2024,9,September,3,Wednesday,16.29,2381.12,Lucrativo
2024-09-18 07:09:52.076830728,SP,Online,Acessórios,Distribuidor,Produto_46,6,12797.828282870234,8370.940453764324,4426.88782910591,2024,9,September,3,Wednesday,34.59,2132.97,Lucrativo
2024-09-18 14:10:30.972388952,MG,Online,Serviços,Corporativo,Produto_32,5,7556.466549010847,4184.935021715189,3371.531527295658,2024,9,September,3,Wednesday,44.62,1511.29,Lucrativo
2024-09-18 21:11:09.867947176,SC,Loja Física,Informática,Varejo,Produto_49,10,22728.009963963035,15387.431236586084,7340.578727376951,2024,9,September,3,Wednesday,32.3,2272.8,Lucrativo
2024-09-19 04:11:48.763505400,SP,Loja Física,Informática,Distribuidor,Produto_60,12,18107.08279597079,10244.92819660356,7862.154599367228,2024,9,September,3,Thursday,43.42,1508.92,Lucrativo
2024-09-19 11:12:27.659063624,RJ,Loja Física,Serviços,Corporativo,Produto_15,13,11395.96167527321,6767.679264979539,4628.282410293672,2024,9,September,3,Thursday,40.61,876.61,Lucrativo
2024-09-19 11:12:27.659063624,MG,Representante,Informática,Varejo,Produto_63,7,1567.668513517443,1255.8942580887906,311.7742554286524,2024,9,September,3,Thursday,19.89,223.95,Lucrativo
2024-09-19 18:13:06.554621848,BA,Online,Serviços,Varejo,Produto_90,3,2031.92697486454,1660.2758729730665,371.65110189147344,2024,9,September,3,Thursday,18.29,677.31,Lucrativo
2024-09-20 01:13:45.450180072,ES,Representante,Informática,Varejo,Produto_52,5,7834.552416602578,5538.789278455886,2295.763138146692,2024,9,September,3,Friday,29.3,1566.91,Lucrativo
2024-09-20 08:14:24.345738296,ES,Marketplace,Móveis,Varejo,Produto_37,7,10945.532047864948,6531.393842583675,4414.138205281273,2024,9,September,3,Friday,40.33,1563.65,Lucrativo
2024-09-20 08:14:24.345738296,SP,Marketplace,Eletrônicos,Varejo,Produto_66,11,16088.398814239254,11479.909990026372,4608.488824212882,2024,9,September,3,Friday,28.64,1462.58,Lucrativo
2024-09-21 12:16:59.927971184,SC,Loja Física,Acessórios,Varejo,Produto_16,13,13287.853274681054,11201.457214990663,2086.3960596903908,2024,9,September,3,Saturday,15.7,1022.14,Lucrativo
2024-09-21 19:17:38.823529408,BA,Online,Eletrônicos,Corporativo,Produto_113,14,29249.0267237319,19225.47673867333,10023.54998505857,2024,9,September,3,Saturday,34.27,2089.22,Lucrativo
2024-09-21 19:17:38.823529408,SC,Marketplace,Serviços,Distribuidor,Produto_35,1,2341.7200877500663,1427.9859682781855,913.7341194718808,2024,9,September,3,Saturday,39.02,2341.72,Lucrativo
2024-09-21 19:17:38.823529408,SC,Loja Física,Serviços,Corporativo,Produto_81,12,27103.26456806106,22571.542436953,4531.7221311080575,2024,9,September,3,Saturday,16.72,2258.61,Lucrativo
2024-09-22 09:18:56.614645856,RJ,Marketplace,Serviços,Distribuidor,Produto_35,4,1676.4654344351516,1058.463414503598,618.0020199315536,2024,9,September,3,Sunday,36.86,419.12,Lucrativo
2024-09-22 09:18:56.614645856,ES,Representante,Informática,Varejo,Produto_21,6,14714.201731366613,9290.90750432109,5423.294227045522,2024,9,September,3,Sunday,36.86,2452.37,Lucrativo
2024-09-22 16:19:35.510204080,RJ,Representante,Informática,Varejo,Produto_12,2,4437.084672447465,3383.353631339212,1053.731041108253,2024,9,September,3,Sunday,23.75,2218.54,Lucrativo
2024-09-22 23:20:14.405762304,SC,Representante,Móveis,Distribuidor,Produto_16,4,2959.4280013841963,2090.334568565559,869.0934328186372,2024,9,September,3,Sunday,29.37,739.86,Lucrativo
2024-09-22 23:20:14.405762304,RS,Online,Serviços,Distribuidor,Produto_37,8,8814.67283994186,5984.016861313106,2830.6559786287544,2024,9,September,3,Sunday,32.11,1101.83,Lucrativo
2024-09-23 06:20:53.301320528,RJ,Representante,Informática,Varejo,Produto_61,2,2871.5977446853503,2037.662205592556,833.9355390927942,2024,9,September,3,Monday,29.04,1435.8,Lucrativo
2024-09-23 06:20:53.301320528,PR,Loja Física,Acessórios,Distribuidor,Produto_81,6,474.9956920634,263.4716701874904,211.52402187590965,2024,9,September,3,Monday,44.53,79.17,Lucrativo
2024-09-23 06:20:53.301320528,RS,Online,Informática,Varejo,Produto_24,5,12265.331260742758,6811.421691076534,5453.909569666223,2024,9,September,3,Monday,44.47,2453.07,Lucrativo
2024-09-23 20:22:11.092436976,PR,Marketplace,Eletrônicos,Distribuidor,Produto_95,2,3313.0499255032414,1984.6386848096497,1328.4112406935917,2024,9,September,3,Monday,40.1,1656.52,Lucrativo
2024-09-24 10:23:28.883553424,RS,Loja Física,Móveis,Varejo,Produto_58,5,5559.307338082681,4243.457179398368,1315.850158684313,2024,9,September,3,Tuesday,23.67,1111.86,Lucrativo
2024-09-24 10:23:28.883553424,SP,Marketplace,Eletrônicos,Corporativo,Produto_98,12,5740.275105877854,4783.632040937691,956.6430649401628,2024,9,September,3,Tuesday,16.67,478.36,Lucrativo
2024-09-24 17:24:07.779111648,MG,Online,Eletrônicos,Varejo,Produto_90,7,16754.9005397584,9923.423123468076,6831.477416290325,2024,9,September,3,Tuesday,40.77,2393.56,Lucrativo
2024-09-25 14:26:04.465786312,RS,Representante,Acessórios,Distribuidor,Produto_51,13,3121.4192859403465,1984.2695754871163,1137.1497104532302,2024,9,September,3,Wednesday,36.43,240.11,Lucrativo
2024-09-25 14:26:04.465786312,RS,Representante,Eletrônicos,Corporativo,Produto_99,6,7315.98119823856,5916.618811924639,1399.362386313921,2024,9,September,3,Wednesday,19.13,1219.33,Lucrativo
2024-09-25 21:26:43.361344536,SP,Online,Eletrônicos,Corporativo,Produto_30,2,3831.553585572934,3177.733465738688,653.8201198342463,2024,9,September,3,Wednesday,17.06,1915.78,Lucrativo
2024-09-26 04:27:22.256902760,ES,Loja Física,Eletrônicos,Varejo,Produto_93,1,1173.0237458897186,735.8727120902583,437.15103379946027,2024,9,September,3,Thursday,37.27,1173.02,Lucrativo
2024-09-26 04:27:22.256902760,SC,Loja Física,Acessórios,Distribuidor,Produto_105,11,5812.616331010982,4079.711370582539,1732.9049604284432,2024,9,September,3,Thursday,29.81,528.42,Lucrativo
2024-09-26 11:28:01.152460984,MG,Online,Eletrônicos,Corporativo,Produto_75,12,15203.16021308482,10652.160222439405,4550.999990645414,2024,9,September,3,Thursday,29.93,1266.93,Lucrativo
2024-09-26 11:28:01.152460984,SP,Marketplace,Móveis,Varejo,Produto_35,6,11814.181914850831,7252.51201894632,4561.6698959045125,2024,9,September,3,Thursday,38.61,1969.03,Lucrativo
2024-09-26 11:28:01.152460984,SP,Online,Informática,Corporativo,Produto_64,11,20606.77408221084,17414.31571714515,3192.4583650656896,2024,9,September,3,Thursday,15.49,1873.34,Lucrativo
2024-09-27 01:29:18.943577432,SP,Representante,Informática,Corporativo,Produto_8,7,4757.646785583855,2770.8896260929164,1986.7571594909384,2024,9,September,3,Friday,41.76,679.66,Lucrativo
2024-09-27 15:30:36.734693880,SP,Loja Física,Eletrônicos,Corporativo,Produto_81,8,5100.3087431500735,3320.920213273372,1779.388529876701,2024,9,September,3,Friday,34.89,637.54,Lucrativo
2024-09-27 15:30:36.734693880,ES,Representante,Eletrônicos,Varejo,Produto_113,14,13194.975544412757,7414.939298222967,5780.036246189789,2024,9,September,3,Friday,43.8,942.5,Lucrativo
2024-09-27 15:30:36.734693880,BA,Marketplace,Informática,Varejo,Produto_87,13,10255.851947152663,5948.527304960289,4307.324642192376,2024,9,September,3,Friday,42.0,788.91,Lucrativo
2024-09-28 05:31:54.525810320,RS,Representante,Eletrônicos,Corporativo,Produto_49,2,2117.759922118008,1231.6634557548125,886.0964663631958,2024,9,September,3,Saturday,41.84,1058.88,Lucrativo
2024-09-28 12:32:33.421368544,MG,Marketplace,Acessórios,Distribuidor,Produto_83,10,3950.4253841843993,2615.403323819789,1335.0220603646103,2024,9,September,3,Saturday,33.79,395.04,Lucrativo
2024-09-28 12:32:33.421368544,ES,Online,Móveis,Varejo,Produto_115,6,1325.851024806832,889.9876302428389,435.863394563993,2024,9,September,3,Saturday,32.87,220.98,Lucrativo
2024-09-28 19:33:12.316926768,RJ,Loja Física,Móveis,Distribuidor,Produto_90,10,5679.304521742051,3389.711072648259,2289.5934490937925,2024,9,September,3,Saturday,40.31,567.93,Lucrativo
2024-09-29 16:35:09.003601440,ES,Representante,Acessórios,Varejo,Produto_119,2,667.6510477269585,471.50260394006847,196.14844378689003,2024,9,September,3,Sunday,29.38,333.83,Lucrativo
2024-09-29 23:35:47.899159664,BA,Representante,Eletrônicos,Varejo,Produto_76,13,5749.061984389609,4442.814874615573,1306.2471097740363,2024,9,September,3,Sunday,22.72,442.24,Lucrativo
2024-09-30 06:36:26.794717888,BA,Representante,Serviços,Varejo,Produto_16,14,18195.373181009283,11373.238755850543,6822.134425158738,2024,9,September,3,Monday,37.49,1299.67,Lucrativo
2024-09-30 13:37:05.690276112,BA,Online,Acessórios,Varejo,Produto_17,3,2383.323819381435,1446.7386281296367,936.5851912517984,2024,9,September,3,Monday,39.3,794.44,Lucrativo
2024-09-30 20:37:44.585834336,SP,Representante,Acessórios,Corporativo,Produto_76,12,25178.60579183709,21294.35514030547,3884.25065153162,2024,9,September,3,Monday,15.43,2098.22,Lucrativo
2024-10-01 03:38:23.481392560,RS,Representante,Acessórios,Varejo,Produto_49,11,2967.629291298057,2215.625563649864,752.003727648193,2024,10,October,4,Tuesday,25.34,269.78,Lucrativo
2024-10-01 03:38:23.481392560,RS,Marketplace,Informática,Corporativo,Produto_118,14,15664.254988437133,10204.2031802565,5460.051808180633,2024,10,October,4,Tuesday,34.86,1118.88,Lucrativo
2024-10-01 10:39:02.376950776,RJ,Marketplace,Serviços,Corporativo,Produto_54,7,15825.234867733108,8968.037666054892,6857.1972016782165,2024,10,October,4,Tuesday,43.33,2260.75,Lucrativo
2024-10-01 17:39:41.272509000,BA,Marketplace,Móveis,Distribuidor,Produto_90,3,2368.5175338192385,1579.204657402842,789.3128764163964,2024,10,October,4,Tuesday,33.33,789.51,Lucrativo
2024-10-01 17:39:41.272509000,BA,Loja Física,Eletrônicos,Distribuidor,Produto_79,7,9322.589607937403,7835.710535119615,1486.87907281779,2024,10,October,4,Tuesday,15.95,1331.8,Lucrativo
2024-10-01 17:39:41.272509000,MG,Loja Física,Móveis,Distribuidor,Produto_99,3,542.1151099414765,412.31826219879895,129.79684774267753,2024,10,October,4,Tuesday,23.94,180.71,Lucrativo
2024-10-02 21:42:16.854741896,SC,Loja Física,Acessórios,Corporativo,Produto_68,13,25539.50564470583,18700.016513871728,6839.489130834103,2024,10,October,4,Wednesday,26.78,1964.58,Lucrativo
2024-10-02 21:42:16.854741896,BA,Online,Serviços,Distribuidor,Produto_57,8,6638.628762333379,4949.670679185398,1688.9580831479816,2024,10,October,4,Wednesday,25.44,829.83,Lucrativo
2024-10-03 04:42:55.750300120,RS,Representante,Acessórios,Varejo,Produto_92,9,8718.5767960723,4910.94135500512,3807.635441067181,2024,10,October,4,Thursday,43.67,968.73,Lucrativo
2024-10-03 11:43:34.645858344,PR,Online,Móveis,Distribuidor,Produto_12,11,19504.07801996804,12738.969020013585,6765.1089999544565,2024,10,October,4,Thursday,34.69,1773.1,Lucrativo
2024-10-03 11:43:34.645858344,PR,Marketplace,Serviços,Corporativo,Produto_92,6,11590.87215722343,7272.029143574698,4318.843013648732,2024,10,October,4,Thursday,37.26,1931.81,Lucrativo
2024-10-03 11:43:34.645858344,RJ,Online,Informática,Distribuidor,Produto_19,2,4268.932748082613,3602.484754940749,666.4479931418641,2024,10,October,4,Thursday,15.61,2134.47,Lucrativo
2024-10-04 01:44:52.436974792,SP,Marketplace,Eletrônicos,Distribuidor,Produto_53,6,2086.796182744385,1213.110409120584,873.685773623801,2024,10,October,4,Friday,41.87,347.8,Lucrativo
2024-10-04 08:45:31.332533016,MG,Online,Móveis,Corporativo,Produto_52,14,2532.092079459517,2015.039857283196,517.0522221763215,2024,10,October,4,Friday,20.42,180.86,Lucrativo
2024-10-04 08:45:31.332533016,RJ,Representante,Eletrônicos,Varejo,Produto_83,13,9164.446115351258,7418.079735108142,1746.3663802431165,2024,10,October,4,Friday,19.06,704.96,Lucrativo
2024-10-04 15:46:10.228091232,BA,Loja Física,Eletrônicos,Corporativo,Produto_6,3,1975.781198564383,1618.0007454494912,357.78045311489177,2024,10,October,4,Friday,18.11,658.59,Lucrativo
2024-10-04 22:46:49.123649456,SC,Marketplace,Serviços,Distribuidor,Produto_17,9,6524.951839500495,3716.2967520792927,2808.6550874212026,2024,10,October,4,Friday,43.04,724.99,Lucrativo
2024-10-04 22:46:49.123649456,SC,Representante,Eletrônicos,Corporativo,Produto_12,10,2261.210009878989,1855.9034052429568,405.3066046360325,2024,10,October,4,Friday,17.92,226.12,Lucrativo
2024-10-05 05:47:28.019207680,ES,Loja Física,Eletrônicos,Distribuidor,Produto_67,9,8115.353667825241,5327.047520659212,2788.3061471660294,2024,10,October,4,Saturday,34.36,901.71,Lucrativo
2024-10-05 12:48:06.914765904,BA,Marketplace,Informática,Distribuidor,Produto_37,3,997.3907601444616,645.061641807831,352.3291183366306,2024,10,October,4,Saturday,35.33,332.46,Lucrativo
2024-10-05 12:48:06.914765904,PR,Loja Física,Serviços,Varejo,Produto_36,8,872.5920507973973,544.5451456919567,328.0469051054406,2024,10,October,4,Saturday,37.59,109.07,Lucrativo
2024-10-05 19:48:45.810324128,PR,Online,Serviços,Corporativo,Produto_67,12,23487.69712392934,14393.59902117477,9094.098102754571,2024,10,October,4,Saturday,38.72,1957.31,Lucrativo
2024-10-06 09:50:03.601440576,SP,Loja Física,Informática,Distribuidor,Produto_3,14,28862.777250855743,22580.829338452724,6281.947912403019,2024,10,October,4,Sunday,21.76,2061.63,Lucrativo
2024-10-06 09:50:03.601440576,MG,Online,Acessórios,Distribuidor,Produto_10,2,4530.425892783861,2967.228308620049,1563.1975841638118,2024,10,October,4,Sunday,34.5,2265.21,Lucrativo
2024-10-06 16:50:42.496998800,MG,Marketplace,Serviços,Distribuidor,Produto_118,1,2086.046841412464,1411.4340408146622,674.6128005978017,2024,10,October,4,Sunday,32.34,2086.05,Lucrativo
2024-10-06 16:50:42.496998800,PR,Loja Física,Eletrônicos,Corporativo,Produto_82,14,17037.985707417014,14457.216673148829,2580.7690342681854,2024,10,October,4,Sunday,15.15,1217.0,Lucrativo
2024-10-06 23:51:21.392557024,RJ,Loja Física,Acessórios,Varejo,Produto_61,7,12635.729295205849,10554.542932084363,2081.1863631214856,2024,10,October,4,Sunday,16.47,1805.1,Lucrativo
2024-10-07 06:52:00.288115248,SC,Loja Física,Informática,Corporativo,Produto_37,5,4070.654335104201,2938.4417290517567,1132.2126060524438,2024,10,October,4,Monday,27.81,814.13,Lucrativo
2024-10-07 20:53:18.079231696,SC,Loja Física,Móveis,Distribuidor,Produto_118,7,6696.495318191647,4233.16397352776,2463.3313446638867,2024,10,October,4,Monday,36.79,956.64,Lucrativo
2024-10-07 20:53:18.079231696,ES,Marketplace,Informática,Corporativo,Produto_51,12,12382.00436083879,8020.45114831818,4361.55321252061,2024,10,October,4,Monday,35.22,1031.83,Lucrativo
2024-10-08 03:53:56.974789912,RJ,Representante,Eletrônicos,Corporativo,Produto_8,2,1829.8189198574116,1505.3424580279795,324.47646182943186,2024,10,October,4,Tuesday,17.73,914.91,Lucrativo
2024-10-08 10:54:35.870348136,RS,Online,Eletrônicos,Corporativo,Produto_89,6,12204.035441794342,8964.69695362995,3239.3384881643924,2024,10,October,4,Tuesday,26.54,2034.01,Lucrativo
2024-10-09 07:56:32.557022808,SP,Loja Física,Serviços,Distribuidor,Produto_90,5,2100.865333165976,1597.885714654617,502.9796185113592,2024,10,October,4,Wednesday,23.94,420.17,Lucrativo
2024-10-09 14:57:11.452581032,SP,Online,Informática,Varejo,Produto_41,13,17984.406366227024,12305.12045251876,5679.285913708265,2024,10,October,4,Wednesday,31.58,1383.42,Lucrativo
2024-10-09 14:57:11.452581032,MG,Marketplace,Serviços,Corporativo,Produto_24,7,13952.879562897811,9104.403402213686,4848.476160684128,2024,10,October,4,Wednesday,34.75,1993.27,Lucrativo
2024-10-09 14:57:11.452581032,SP,Marketplace,Móveis,Corporativo,Produto_40,8,5339.311155743104,3446.1140282723063,1893.1971274707976,2024,10,October,4,Wednesday,35.46,667.41,Lucrativo
2024-10-09 21:57:50.348139256,PR,Marketplace,Eletrônicos,Varejo,Produto_55,4,3318.092376684579,1844.8739874281555,1473.2183892564235,2024,10,October,4,Wednesday,44.4,829.52,Lucrativo
2024-10-09 21:57:50.348139256,SC,Loja Física,Informática,Distribuidor,Produto_15,1,1706.7860039852717,997.7491538714312,709.0368501138403,2024,10,October,4,Wednesday,41.54,1706.79,Lucrativo
2024-10-10 11:59:08.139255704,SP,Online,Eletrônicos,Distribuidor,Produto_84,8,12830.125507655344,9337.896100788726,3492.229406866618,2024,10,October,4,Thursday,27.22,1603.77,Lucrativo
2024-10-10 18:59:47.034813928,RS,Representante,Móveis,Corporativo,Produto_27,1,1957.908484466652,1453.1331763263242,504.77530814032775,2024,10,October,4,Thursday,25.78,1957.91,Lucrativo
2024-10-11 02:00:25.930372152,SP,Online,Acessórios,Varejo,Produto_12,11,15950.27165744037,12662.075597940204,3288.1960595001656,2024,10,October,4,Friday,20.62,1450.02,Lucrativo
2024-10-11 02:00:25.930372152,PR,Loja Física,Informática,Corporativo,Produto_95,12,7291.751012068111,4455.15213715104,2836.598874917071,2024,10,October,4,Friday,38.9,607.65,Lucrativo
2024-10-11 02:00:25.930372152,SP,Representante,Eletrônicos,Corporativo,Produto_13,4,3979.081854383701,2457.955381341268,1521.1264730424325,2024,10,October,4,Friday,38.23,994.77,Lucrativo
2024-10-11 16:01:43.721488592,RS,Marketplace,Serviços,Varejo,Produto_118,10,12632.772220452882,7466.77258445575,5165.999635997132,2024,10,October,4,Friday,40.89,1263.28,Lucrativo
2024-10-13 10:05:37.094837936,ES,Online,Móveis,Varejo,Produto_103,9,18511.82138542008,10880.682018338908,7631.139367081168,2024,10,October,4,Sunday,41.22,2056.87,Lucrativo
2024-10-13 10:05:37.094837936,MG,Marketplace,Serviços,Distribuidor,Produto_93,9,2910.678416726005,2257.199787654168,653.4786290718366,2024,10,October,4,Sunday,22.45,323.41,Lucrativo
2024-10-13 17:06:15.990396160,MG,Loja Física,Móveis,Distribuidor,Produto_101,9,18718.418652781136,12058.449800697868,6659.968852083268,2024,10,October,4,Sunday,35.58,2079.82,Lucrativo
2024-10-14 00:06:54.885954384,ES,Marketplace,Informática,Varejo,Produto_64,1,933.4331926412044,611.0042210794078,322.42897156179674,2024,10,October,4,Monday,34.54,933.43,Lucrativo
2024-10-14 21:08:51.572629048,PR,Marketplace,Móveis,Varejo,Produto_111,13,26809.342993655257,21150.713555041293,5658.629438613963,2024,10,October,4,Monday,21.11,2062.26,Lucrativo
2024-10-15 04:09:30.468187272,SC,Loja Física,Acessórios,Varejo,Produto_26,6,13521.574285955548,9208.354019145496,4313.220266810053,2024,10,October,4,Tuesday,31.9,2253.6,Lucrativo
2024-10-15 18:10:48.259303720,RS,Loja Física,Eletrônicos,Distribuidor,Produto_94,10,18401.46429987696,13021.468132942138,5379.996166934821,2024,10,October,4,Tuesday,29.24,1840.15,Lucrativo
2024-10-16 01:11:27.154861944,RJ,Online,Acessórios,Corporativo,Produto_92,10,11574.700049884792,7866.523455904356,3708.176593980435,2024,10,October,4,Wednesday,32.04,1157.47,Lucrativo
2024-10-16 08:12:06.050420168,RJ,Representante,Móveis,Distribuidor,Produto_114,7,5862.374914470151,4438.899770433381,1423.4751440367709,2024,10,October,4,Wednesday,24.28,837.48,Lucrativo
2024-10-16 15:12:44.945978392,MG,Loja Física,Acessórios,Varejo,Produto_104,14,14007.936267269555,9617.559135835743,4390.377131433812,2024,10,October,4,Wednesday,31.34,1000.57,Lucrativo
2024-10-16 15:12:44.945978392,PR,Loja Física,Serviços,Distribuidor,Produto_76,8,6398.745677332838,3899.3442764576257,2499.401400875212,2024,10,October,4,Wednesday,39.06,799.84,Lucrativo
2024-10-16 22:13:23.841536616,RJ,Representante,Móveis,Varejo,Produto_113,13,30197.631369151528,24414.887508837703,5782.743860313822,2024,10,October,4,Wednesday,19.15,2322.89,Lucrativo
2024-10-16 22:13:23.841536616,MG,Loja Física,Eletrônicos,Varejo,Produto_12,10,8534.764423876411,6277.205263566469,2257.559160309943,2024,10,October,4,Wednesday,26.45,853.48,Lucrativo
2024-10-17 05:14:02.737094840,MG,Representante,Serviços,Distribuidor,Produto_116,5,5574.957310128929,4709.599845984835,865.3574641440937,2024,10,October,4,Thursday,15.52,1114.99,Lucrativo
2024-10-17 05:14:02.737094840,BA,Online,Eletrônicos,Distribuidor,Produto_33,8,1068.2756779240972,647.4335017360274,420.84217618806974,2024,10,October,4,Thursday,39.39,133.53,Lucrativo
2024-10-17 12:14:41.632653064,MG,Representante,Informática,Varejo,Produto_72,10,14342.702924994364,11187.333318129966,3155.3696068643985,2024,10,October,4,Thursday,22.0,1434.27,Lucrativo
2024-10-18 02:15:59.423769504,BA,Loja Física,Acessórios,Varejo,Produto_19,4,3777.03425672044,2951.2836690141867,825.7505877062531,2024,10,October,4,Friday,21.86,944.26,Lucrativo
2024-10-18 02:15:59.423769504,RS,Marketplace,Acessórios,Varejo,Produto_55,4,8692.760643505757,7186.608670484369,1506.1519730213877,2024,10,October,4,Friday,17.33,2173.19,Lucrativo
2024-10-18 09:16:38.319327728,BA,Representante,Informática,Varejo,Produto_58,10,13352.346687301346,7425.148400383397,5927.198286917948,2024,10,October,4,Friday,44.39,1335.23,Lucrativo
2024-10-18 16:17:17.214885952,SP,Marketplace,Informática,Varejo,Produto_50,11,6178.249222594245,4018.684616642736,2159.5646059515097,2024,10,October,4,Friday,34.95,561.66,Lucrativo
2024-10-18 16:17:17.214885952,SP,Online,Informática,Corporativo,Produto_93,14,28536.06231728134,22039.07555903961,6496.986758241728,2024,10,October,4,Friday,22.77,2038.29,Lucrativo
2024-10-18 23:17:56.110444176,ES,Marketplace,Acessórios,Distribuidor,Produto_105,1,1895.485869559756,1276.065385186926,619.4204843728298,2024,10,October,4,Friday,32.68,1895.49,Lucrativo
2024-10-19 06:18:35.006002400,RJ,Marketplace,Móveis,Distribuidor,Produto_23,13,28294.64607246644,16940.999396751587,11353.646675714852,2024,10,October,4,Saturday,40.13,2176.51,Lucrativo
2024-10-19 06:18:35.006002400,PR,Representante,Acessórios,Distribuidor,Produto_69,3,2964.0593338040107,2155.230135713343,808.8291980906679,2024,10,October,4,Saturday,27.29,988.02,Lucrativo
2024-10-20 03:20:31.692677072,SP,Representante,Serviços,Corporativo,Produto_69,4,1330.1265257311932,996.6341347869064,333.49239094428674,2024,10,October,4,Sunday,25.07,332.53,Lucrativo
2024-10-20 10:21:10.588235296,PR,Online,Acessórios,Varejo,Produto_76,4,7072.055493603309,5274.851227656573,1797.2042659467352,2024,10,October,4,Sunday,25.41,1768.01,Lucrativo
2024-10-21 00:22:28.379351744,BA,Online,Eletrônicos,Varejo,Produto_74,4,9707.839698201473,6918.953931527701,2788.8857666737704,2024,10,October,4,Monday,28.73,2426.96,Lucrativo
2024-10-21 00:22:28.379351744,BA,Representante,Serviços,Varejo,Produto_52,11,14125.597486056911,9258.654841327652,4866.942644729259,2024,10,October,4,Monday,34.45,1284.15,Lucrativo
2024-10-21 07:23:07.274909960,SP,Representante,Acessórios,Distribuidor,Produto_37,5,5558.606347669046,4618.885234529327,939.7211131397188,2024,10,October,4,Monday,16.91,1111.72,Lucrativo
2024-10-21 07:23:07.274909960,SP,Marketplace,Informática,Varejo,Produto_63,7,3333.204797511913,2495.449721118825,837.7550763930881,2024,10,October,4,Monday,25.13,476.17,Lucrativo
2024-10-21 07:23:07.274909960,PR,Marketplace,Acessórios,Varejo,Produto_38,4,1428.736041029509,1043.5887740694234,385.1472669600855,2024,10,October,4,Monday,26.96,357.18,Lucrativo
2024-10-21 14:23:46.170468184,MG,Online,Serviços,Distribuidor,Produto_6,6,8375.658906230748,6210.914373040911,2164.744533189838,2024,10,October,4,Monday,25.85,1395.94,Lucrativo
2024-10-21 14:23:46.170468184,SP,Marketplace,Informática,Distribuidor,Produto_24,11,24237.25023728964,14415.428009922272,9821.822227367364,2024,10,October,4,Monday,40.52,2203.39,Lucrativo
2024-10-21 21:24:25.066026408,RS,Loja Física,Informática,Corporativo,Produto_13,5,10102.44339613662,8203.97463455182,1898.468761584801,2024,10,October,4,Monday,18.79,2020.49,Lucrativo
2024-10-22 04:25:03.961584632,ES,Loja Física,Serviços,Distribuidor,Produto_33,8,469.3178245832023,389.2937904423407,80.0240341408616,2024,10,October,4,Tuesday,17.05,58.66,Lucrativo
2024-10-22 04:25:03.961584632,RS,Loja Física,Móveis,Varejo,Produto_75,9,5805.641517576599,4293.778384190377,1511.8631333862213,2024,10,October,4,Tuesday,26.04,645.07,Lucrativo
2024-10-22 11:25:42.857142856,SP,Representante,Móveis,Distribuidor,Produto_78,2,2180.755459414343,1233.108370444126,947.647088970217,2024,10,October,4,Tuesday,43.45,1090.38,Lucrativo
2024-10-22 11:25:42.857142856,SC,Online,Acessórios,Corporativo,Produto_16,6,1987.500714873012,1417.9636895664771,569.5370253065348,2024,10,October,4,Tuesday,28.66,331.25,Lucrativo
2024-10-22 18:26:21.752701080,RS,Loja Física,Eletrônicos,Corporativo,Produto_74,5,2281.126391371081,1463.4585767412468,817.6678146298341,2024,10,October,4,Tuesday,35.84,456.23,Lucrativo
2024-10-23 15:28:18.439375752,MG,Online,Eletrônicos,Distribuidor,Produto_5,5,6737.335602299568,3852.068788816837,2885.2668134827304,2024,10,October,4,Wednesday,42.83,1347.47,Lucrativo
2024-10-23 15:28:18.439375752,SC,Representante,Móveis,Distribuidor,Produto_104,13,21337.407200667407,12367.190718028904,8970.216482638503,2024,10,October,4,Wednesday,42.04,1641.34,Lucrativo
2024-10-23 22:28:57.334933976,RJ,Online,Eletrônicos,Distribuidor,Produto_82,4,6807.468207535613,4454.327311215373,2353.14089632024,2024,10,October,4,Wednesday,34.57,1701.87,Lucrativo
2024-10-24 05:29:36.230492200,BA,Representante,Serviços,Varejo,Produto_69,7,2703.234025183017,1536.687966988656,1166.546058194361,2024,10,October,4,Thursday,43.15,386.18,Lucrativo
2024-10-24 19:30:54.021608640,SP,Representante,Eletrônicos,Varejo,Produto_16,13,25278.84769193806,13970.273695111537,11308.573996826524,2024,10,October,4,Thursday,44.74,1944.53,Lucrativo
2024-10-26 06:34:08.499399760,RS,Representante,Eletrônicos,Varejo,Produto_85,3,5490.568955682371,4640.070167898016,850.498787784355,2024,10,October,4,Saturday,15.49,1830.19,Lucrativo
2024-10-26 06:34:08.499399760,MG,Marketplace,Eletrônicos,Varejo,Produto_90,2,3461.758461571326,2264.8115962954253,1196.9468652759006,2024,10,October,4,Saturday,34.58,1730.88,Lucrativo
2024-10-26 06:34:08.499399760,SP,Marketplace,Acessórios,Varejo,Produto_88,3,3347.9183112415035,2173.067542274486,1174.8507689670168,2024,10,October,4,Saturday,35.09,1115.97,Lucrativo
2024-10-27 03:36:05.186074432,MG,Loja Física,Eletrônicos,Corporativo,Produto_68,2,1931.3917600724708,1184.1070039708568,747.284756101614,2024,10,October,4,Sunday,38.69,965.7,Lucrativo
2024-10-27 03:36:05.186074432,PR,Online,Móveis,Distribuidor,Produto_105,2,2200.3744198157046,1740.909252985886,459.4651668298186,2024,10,October,4,Sunday,20.88,1100.19,Lucrativo
2024-10-27 10:36:44.081632656,BA,Online,Acessórios,Corporativo,Produto_51,4,1897.5401356316256,1116.8360169040975,780.7041187275279,2024,10,October,4,Sunday,41.14,474.39,Lucrativo
2024-10-27 10:36:44.081632656,RJ,Loja Física,Móveis,Distribuidor,Produto_62,14,33833.58536460559,24823.01031513669,9010.575049468904,2024,10,October,4,Sunday,26.63,2416.68,Lucrativo
2024-10-27 17:37:22.977190872,BA,Marketplace,Acessórios,Distribuidor,Produto_94,12,6927.842323908541,5313.2562208482805,1614.586103060261,2024,10,October,4,Sunday,23.31,577.32,Lucrativo
2024-10-27 17:37:22.977190872,PR,Online,Eletrônicos,Distribuidor,Produto_58,11,15812.098199939866,11921.740887536876,3890.35731240299,2024,10,October,4,Sunday,24.6,1437.46,Lucrativo
2024-10-28 00:38:01.872749096,RJ,Marketplace,Serviços,Varejo,Produto_13,5,6638.235615897146,4712.134680163678,1926.100935733468,2024,10,October,4,Monday,29.02,1327.65,Lucrativo
2024-10-28 07:38:40.768307320,BA,Online,Acessórios,Varejo,Produto_33,7,2364.643775679532,1737.802672975766,626.8411027037657,2024,10,October,4,Monday,26.51,337.81,Lucrativo
2024-10-28 14:39:19.663865544,SC,Loja Física,Eletrônicos,Distribuidor,Produto_93,3,6636.73746131296,4004.871387592817,2631.8660737201426,2024,10,October,4,Monday,39.66,2212.25,Lucrativo
2024-10-28 14:39:19.663865544,BA,Loja Física,Acessórios,Distribuidor,Produto_113,1,1631.9903446268113,1085.9483989584012,546.0419456684101,2024,10,October,4,Monday,33.46,1631.99,Lucrativo
2024-10-28 21:39:58.559423768,SP,Representante,Móveis,Distribuidor,Produto_62,14,31109.92041636978,21872.39102554252,9237.529390827258,2024,10,October,4,Monday,29.69,2222.14,Lucrativo
2024-10-29 11:41:16.350540216,SP,Loja Física,Informática,Varejo,Produto_117,14,6063.614909892429,3596.650175169545,2466.964734722884,2024,10,October,4,Tuesday,40.68,433.12,Lucrativo
2024-10-29 11:41:16.350540216,SC,Online,Móveis,Corporativo,Produto_113,2,4130.010345753325,3178.337264371565,951.67308138176,2024,10,October,4,Tuesday,23.04,2065.01,Lucrativo
2024-10-30 15:43:51.932773112,ES,Loja Física,Informática,Varejo,Produto_72,5,10860.077215580874,7796.841016188276,3063.236199392598,2024,10,October,4,Wednesday,28.21,2172.02,Lucrativo
2024-10-30 15:43:51.932773112,SC,Representante,Móveis,Varejo,Produto_59,14,11216.34832480323,6840.150940528961,4376.197384274269,2024,10,October,4,Wednesday,39.02,801.17,Lucrativo
2024-10-30 22:44:30.828331328,RJ,Representante,Eletrônicos,Varejo,Produto_18,1,1034.9207555446103,633.6231933585193,401.2975621860912,2024,10,October,4,Wednesday,38.78,1034.92,Lucrativo
2024-10-31 12:45:48.619447776,SC,Loja Física,Acessórios,Distribuidor,Produto_99,2,1842.1232896290016,1113.36812433114,728.7551652978616,2024,10,October,4,Thursday,39.56,921.06,Lucrativo
2024-10-31 19:46:27.515006000,RJ,Representante,Eletrônicos,Distribuidor,Produto_27,14,12885.66557936654,7374.707446843075,5510.958132523465,2024,10,October,4,Thursday,42.77,920.4,Lucrativo
2024-10-31 19:46:27.515006000,RS,Representante,Eletrônicos,Distribuidor,Produto_116,8,13447.205230094109,7660.929979583379,5786.275250510728,2024,10,October,4,Thursday,43.03,1680.9,Lucrativo
2024-11-01 02:47:06.410564224,BA,Loja Física,Móveis,Corporativo,Produto_3,6,3647.330391044596,2990.0217760864243,657.3086149581713,2024,11,November,4,Friday,18.02,607.89,Lucrativo
2024-11-01 09:47:45.306122448,MG,Representante,Informática,Distribuidor,Produto_34,5,848.0700135857824,628.7869725671756,219.2830410186068,2024,11,November,4,Friday,25.86,169.61,Lucrativo
2024-11-01 09:47:45.306122448,MG,Online,Informática,Corporativo,Produto_22,4,7322.822681331919,5368.988280870943,1953.834400460976,2024,11,November,4,Friday,26.68,1830.71,Lucrativo
2024-11-01 23:49:03.097238896,SC,Representante,Informática,Distribuidor,Produto_109,2,1379.5215520711338,962.4603501625757,417.0612019085581,2024,11,November,4,Friday,30.23,689.76,Lucrativo
2024-11-02 20:50:59.783913568,PR,Marketplace,Acessórios,Corporativo,Produto_105,13,27870.16318717416,20414.74430904556,7455.418878128599,2024,11,November,4,Saturday,26.75,2143.86,Lucrativo
2024-11-02 20:50:59.783913568,BA,Representante,Serviços,Varejo,Produto_33,10,17263.603416756625,9815.367208420805,7448.236208335822,2024,11,November,4,Saturday,43.14,1726.36,Lucrativo
2024-11-03 03:51:38.679471792,SC,Online,Acessórios,Distribuidor,Produto_99,10,10864.386387513532,8685.177914050222,2179.20847346331,2024,11,November,4,Sunday,20.06,1086.44,Lucrativo
2024-11-04 07:54:14.261704680,RS,Online,Serviços,Varejo,Produto_4,2,4730.329524032076,3930.6435452746287,799.6859787574472,2024,11,November,4,Monday,16.91,2365.16,Lucrativo
2024-11-04 07:54:14.261704680,RJ,Marketplace,Serviços,Corporativo,Produto_98,9,15551.041265895095,10551.423752597544,4999.617513297551,2024,11,November,4,Monday,32.15,1727.89,Lucrativo
2024-11-04 21:55:32.052821128,BA,Online,Serviços,Corporativo,Produto_30,9,14091.821434968471,11649.67599519069,2442.1454397777834,2024,11,November,4,Monday,17.33,1565.76,Lucrativo
2024-11-04 21:55:32.052821128,ES,Marketplace,Acessórios,Varejo,Produto_38,8,15787.80719692981,12783.24975743619,3004.557439493621,2024,11,November,4,Monday,19.03,1973.48,Lucrativo
2024-11-05 04:56:10.948379352,SC,Online,Informática,Distribuidor,Produto_53,1,730.6577620281824,428.6502217624218,302.00754026576067,2024,11,November,4,Tuesday,41.33,730.66,Lucrativo
2024-11-05 04:56:10.948379352,ES,Marketplace,Serviços,Corporativo,Produto_105,8,7759.95636414033,5729.447010531275,2030.5093536090556,2024,11,November,4,Tuesday,26.17,969.99,Lucrativo
2024-11-05 11:56:49.843937576,SP,Online,Eletrônicos,Corporativo,Produto_58,2,3513.7517642239964,2370.815160366004,1142.9366038579924,2024,11,November,4,Tuesday,32.53,1756.88,Lucrativo
2024-11-05 11:56:49.843937576,SP,Online,Acessórios,Corporativo,Produto_78,8,11122.399810053072,7301.742130213902,3820.657679839172,2024,11,November,4,Tuesday,34.35,1390.3,Lucrativo
2024-11-05 18:57:28.739495800,SP,Representante,Serviços,Varejo,Produto_53,7,17294.079820459476,12668.177463392529,4625.902357066949,2024,11,November,4,Tuesday,26.75,2470.58,Lucrativo
2024-11-06 01:58:07.635054024,PR,Representante,Eletrônicos,Distribuidor,Produto_47,11,15920.917084836112,9568.954747636606,6351.962337199506,2024,11,November,4,Wednesday,39.9,1447.36,Lucrativo
2024-11-06 15:59:25.426170464,RS,Loja Física,Eletrônicos,Distribuidor,Produto_5,1,1278.8321756355538,1026.3937011742648,252.43847446128893,2024,11,November,4,Wednesday,19.74,1278.83,Lucrativo
2024-11-06 23:00:04.321728688,PR,Marketplace,Informática,Varejo,Produto_44,14,7802.575615885348,5080.08890008756,2722.486715797788,2024,11,November,4,Wednesday,34.89,557.33,Lucrativo
2024-11-06 23:00:04.321728688,RJ,Loja Física,Informática,Distribuidor,Produto_110,10,23796.369013322983,18749.247659304758,5047.121354018229,2024,11,November,4,Wednesday,21.21,2379.64,Lucrativo
2024-11-07 06:00:43.217286912,SC,Loja Física,Serviços,Distribuidor,Produto_41,12,8764.839793672836,7151.228383099623,1613.611410573213,2024,11,November,4,Thursday,18.41,730.4,Lucrativo
2024-11-07 06:00:43.217286912,SC,Representante,Informática,Distribuidor,Produto_50,2,1737.5638865305602,1186.978218333923,550.5856681966372,2024,11,November,4,Thursday,31.69,868.78,Lucrativo
2024-11-08 10:03:18.799519808,SC,Representante,Serviços,Distribuidor,Produto_92,9,6019.721803276892,4608.581621106851,1411.14018217004,2024,11,November,4,Friday,23.44,668.86,Lucrativo
2024-11-08 10:03:18.799519808,RS,Representante,Eletrônicos,Varejo,Produto_106,9,3111.1550788215,2285.424506755456,825.7305720660443,2024,11,November,4,Friday,26.54,345.68,Lucrativo
2024-11-08 17:03:57.695078032,PR,Online,Informática,Corporativo,Produto_119,9,4570.532327596194,2914.075391233018,1656.4569363631758,2024,11,November,4,Friday,36.24,507.84,Lucrativo
2024-11-08 17:03:57.695078032,SP,Loja Física,Eletrônicos,Varejo,Produto_65,6,7799.036566082907,5288.037626085122,2510.998939997785,2024,11,November,4,Friday,32.2,1299.84,Lucrativo
2024-11-08 17:03:57.695078032,RJ,Loja Física,Eletrônicos,Distribuidor,Produto_16,10,17639.194506565014,10629.79114625804,7009.403360306975,2024,11,November,4,Friday,39.74,1763.92,Lucrativo
2024-11-08 17:03:57.695078032,BA,Marketplace,Móveis,Distribuidor,Produto_109,9,18578.16956065727,14062.492737959255,4515.676822698013,2024,11,November,4,Friday,24.31,2064.24,Lucrativo
2024-11-09 00:04:36.590636256,PR,Online,Eletrônicos,Varejo,Produto_92,12,2397.012534577546,1586.9195485118937,810.0929860656522,2024,11,November,4,Saturday,33.8,199.75,Lucrativo
2024-11-09 00:04:36.590636256,ES,Representante,Acessórios,Corporativo,Produto_12,10,24434.819711534223,18190.884691581447,6243.935019952776,2024,11,November,4,Saturday,25.55,2443.48,Lucrativo
2024-11-09 21:06:33.277310920,PR,Loja Física,Móveis,Distribuidor,Produto_15,8,2397.05666166656,1807.424873622577,589.6317880439831,2024,11,November,4,Saturday,24.6,299.63,Lucrativo
2024-11-09 21:06:33.277310920,SP,Loja Física,Serviços,Distribuidor,Produto_60,10,22256.21672706463,13872.52619961698,8383.690527447652,2024,11,November,4,Saturday,37.67,2225.62,Lucrativo
2024-11-09 21:06:33.277310920,RS,Marketplace,Móveis,Varejo,Produto_109,1,1838.978402095809,1286.7227086349108,552.2556934608988,2024,11,November,4,Saturday,30.03,1838.98,Lucrativo
2024-11-09 21:06:33.277310920,RS,Marketplace,Serviços,Corporativo,Produto_45,13,31922.791888830496,22737.259871630813,9185.532017199685,2024,11,November,4,Saturday,28.77,2455.6,Lucrativo
2024-11-10 04:07:12.172869144,RS,Online,Informática,Varejo,Produto_100,13,29053.9856218105,19352.061050331595,9701.924571478909,2024,11,November,4,Sunday,33.39,2234.92,Lucrativo
2024-11-10 11:07:51.068427368,BA,Representante,Móveis,Varejo,Produto_4,2,4052.156897438976,2684.194562770359,1367.9623346686171,2024,11,November,4,Sunday,33.76,2026.08,Lucrativo
2024-11-11 08:09:47.755102040,RJ,Representante,Móveis,Varejo,Produto_61,9,14222.104655583404,11773.022112248593,2449.0825433348145,2024,11,November,4,Monday,17.22,1580.23,Lucrativo
2024-11-11 15:10:26.650660264,SP,Marketplace,Informática,Varejo,Produto_36,2,329.8013806313223,246.1646621308515,83.63671850047078,2024,11,November,4,Monday,25.36,164.9,Lucrativo
2024-11-11 15:10:26.650660264,RS,Representante,Eletrônicos,Distribuidor,Produto_18,5,12012.526038034295,7646.812303767636,4365.713734266659,2024,11,November,4,Monday,36.34,2402.51,Lucrativo
2024-11-11 22:11:05.546218488,RJ,Online,Móveis,Distribuidor,Produto_74,11,7356.345052661907,4343.204108280119,3013.1409443817884,2024,11,November,4,Monday,40.96,668.76,Lucrativo
2024-11-12 19:13:02.232893160,ES,Loja Física,Serviços,Varejo,Produto_115,11,12783.488483080988,7991.211689186382,4792.276793894606,2024,11,November,4,Tuesday,37.49,1162.14,Lucrativo
2024-11-12 19:13:02.232893160,BA,Online,Serviços,Varejo,Produto_39,8,9616.605208341913,6458.32810255284,3158.277105789073,2024,11,November,4,Tuesday,32.84,1202.08,Lucrativo
2024-11-12 19:13:02.232893160,BA,Representante,Informática,Varejo,Produto_57,5,12107.62570762312,8509.892930117254,3597.7327775058657,2024,11,November,4,Tuesday,29.71,2421.53,Lucrativo
2024-11-12 19:13:02.232893160,SC,Marketplace,Informática,Corporativo,Produto_19,7,4303.943631556791,3324.63308234409,979.3105492127012,2024,11,November,4,Tuesday,22.75,614.85,Lucrativo
2024-11-13 02:13:41.128451376,RS,Loja Física,Serviços,Distribuidor,Produto_69,9,15542.675996420434,12945.3558366138,2597.320159806633,2024,11,November,4,Wednesday,16.71,1726.96,Lucrativo
2024-11-13 09:14:20.024009600,SP,Marketplace,Acessórios,Corporativo,Produto_63,4,3837.683914230741,3002.016873724559,835.6670405061818,2024,11,November,4,Wednesday,21.78,959.42,Lucrativo
2024-11-13 09:14:20.024009600,SC,Representante,Serviços,Corporativo,Produto_77,9,5765.490533827733,3750.8263805488928,2014.6641532788403,2024,11,November,4,Wednesday,34.94,640.61,Lucrativo
2024-11-13 23:15:37.815126048,ES,Loja Física,Móveis,Varejo,Produto_89,9,21860.006023414328,15808.807048345428,6051.198975068899,2024,11,November,4,Wednesday,27.68,2428.89,Lucrativo
2024-11-13 23:15:37.815126048,SP,Representante,Informática,Corporativo,Produto_79,5,349.0372874926333,271.2867353114655,77.75055218116779,2024,11,November,4,Wednesday,22.28,69.81,Lucrativo
2024-11-14 06:16:16.710684272,MG,Representante,Eletrônicos,Distribuidor,Produto_110,3,6593.594462506198,4450.539406917695,2143.055055588504,2024,11,November,4,Thursday,32.5,2197.86,Lucrativo
2024-11-14 13:16:55.606242496,BA,Loja Física,Informática,Varejo,Produto_49,14,25418.90785388278,16391.26091031192,9027.64694357086,2024,11,November,4,Thursday,35.52,1815.64,Lucrativo
2024-11-14 20:17:34.501800720,SC,Loja Física,Móveis,Varejo,Produto_71,6,4870.406824274021,3675.6553081268657,1194.7515161471556,2024,11,November,4,Thursday,24.53,811.73,Lucrativo
2024-11-15 03:18:13.397358944,RJ,Representante,Móveis,Corporativo,Produto_36,7,6024.367284334237,4969.557997253132,1054.8092870811051,2024,11,November,4,Friday,17.51,860.62,Lucrativo
2024-11-15 10:18:52.292917168,SP,Marketplace,Informática,Varejo,Produto_31,11,15985.753537026836,11623.78501595766,4361.968521069177,2024,11,November,4,Friday,27.29,1453.25,Lucrativo
2024-11-15 10:18:52.292917168,MG,Online,Informática,Corporativo,Produto_75,12,18767.272992032034,14465.794250920322,4301.478741111712,2024,11,November,4,Friday,22.92,1563.94,Lucrativo
2024-11-16 00:20:10.084033616,SC,Online,Móveis,Varejo,Produto_72,12,7976.235864803225,5285.996492591436,2690.2393722117886,2024,11,November,4,Saturday,33.73,664.69,Lucrativo
2024-11-16 07:20:48.979591840,SP,Loja Física,Móveis,Distribuidor,Produto_45,9,21642.34044310033,17515.75835117435,4126.582091925979,2024,11,November,4,Saturday,19.07,2404.7,Lucrativo
2024-11-16 14:21:27.875150056,SC,Loja Física,Serviços,Distribuidor,Produto_73,14,823.9235859243863,495.9405108303253,327.983075094061,2024,11,November,4,Saturday,39.81,58.85,Lucrativo
2024-11-17 04:22:45.666266504,SC,Loja Física,Serviços,Corporativo,Produto_56,5,8089.150921268928,6756.483528666101,1332.667392602827,2024,11,November,4,Sunday,16.47,1617.83,Lucrativo
2024-11-17 04:22:45.666266504,SP,Marketplace,Eletrônicos,Distribuidor,Produto_61,7,12938.17461278322,7186.65905415912,5751.5155586241,2024,11,November,4,Sunday,44.45,1848.31,Lucrativo
2024-11-17 04:22:45.666266504,ES,Online,Serviços,Corporativo,Produto_75,10,7277.245788795677,4695.4597505526335,2581.7860382430435,2024,11,November,4,Sunday,35.48,727.72,Lucrativo
2024-11-17 11:23:24.561824728,PR,Representante,Eletrônicos,Varejo,Produto_90,14,10051.22645415544,6195.983813945768,3855.242640209672,2024,11,November,4,Sunday,38.36,717.94,Lucrativo
2024-11-18 01:24:42.352941176,SC,Online,Informática,Distribuidor,Produto_47,3,7274.481444029624,4435.141585607486,2839.3398584221377,2024,11,November,4,Monday,39.03,2424.83,Lucrativo
2024-11-18 01:24:42.352941176,SP,Marketplace,Informática,Distribuidor,Produto_67,14,29098.147342418684,23224.32468946892,5873.822652949762,2024,11,November,4,Monday,20.19,2078.44,Lucrativo
2024-11-18 01:24:42.352941176,RJ,Marketplace,Serviços,Corporativo,Produto_5,10,17485.223471513604,9691.83610165498,7793.387369858625,2024,11,November,4,Monday,44.57,1748.52,Lucrativo
2024-11-18 15:26:00.144057624,ES,Representante,Serviços,Distribuidor,Produto_110,11,25073.288955196826,20633.84497509537,4439.443980101452,2024,11,November,4,Monday,17.71,2279.39,Lucrativo
2024-11-18 22:26:39.039615848,RS,Online,Eletrônicos,Varejo,Produto_13,12,11416.346003416504,7970.570817768234,3445.775185648269,2024,11,November,4,Monday,30.18,951.36,Lucrativo
2024-11-19 19:28:35.726290512,ES,Loja Física,Informática,Distribuidor,Produto_53,8,12173.078447029871,9961.045252374295,2212.0331946555743,2024,11,November,4,Tuesday,18.17,1521.63,Lucrativo
2024-11-19 19:28:35.726290512,ES,Marketplace,Eletrônicos,Corporativo,Produto_88,6,14399.22471404034,9298.011215789036,5101.213498251305,2024,11,November,4,Tuesday,35.43,2399.87,Lucrativo
2024-11-20 02:29:14.621848736,RS,Marketplace,Acessórios,Varejo,Produto_103,5,6936.777662492087,5766.611111531767,1170.16655096032,2024,11,November,4,Wednesday,16.87,1387.36,Lucrativo
2024-11-20 02:29:14.621848736,PR,Loja Física,Eletrônicos,Distribuidor,Produto_99,10,23719.79492452711,16278.153237762712,7441.641686764397,2024,11,November,4,Wednesday,31.37,2371.98,Lucrativo
2024-11-20 09:29:53.517406960,PR,Marketplace,Informática,Corporativo,Produto_84,3,4475.663758241223,3275.3042642924265,1200.3594939487966,2024,11,November,4,Wednesday,26.82,1491.89,Lucrativo
2024-11-20 09:29:53.517406960,PR,Online,Móveis,Distribuidor,Produto_42,3,4800.0464130821165,3134.308283216921,1665.738129865195,2024,11,November,4,Wednesday,34.7,1600.02,Lucrativo
2024-11-20 16:30:32.412965184,SP,Online,Eletrônicos,Corporativo,Produto_74,5,7163.155483981625,5190.357581646888,1972.797902334737,2024,11,November,4,Wednesday,27.54,1432.63,Lucrativo
2024-11-20 16:30:32.412965184,SP,Online,Serviços,Varejo,Produto_105,10,7281.11199591148,4908.240402987472,2372.871592924008,2024,11,November,4,Wednesday,32.59,728.11,Lucrativo
2024-11-21 13:32:29.099639856,SP,Representante,Informática,Varejo,Produto_32,5,6510.3951804835615,4448.509925664715,2061.885254818846,2024,11,November,4,Thursday,31.67,1302.08,Lucrativo
2024-11-21 20:33:07.995198080,SP,Marketplace,Móveis,Distribuidor,Produto_59,6,9872.526929817654,7840.923406174584,2031.6035236430696,2024,11,November,4,Thursday,20.58,1645.42,Lucrativo
2024-11-22 03:33:46.890756304,RJ,Representante,Móveis,Distribuidor,Produto_39,6,11216.239426529071,6209.10253378054,5007.136892748532,2024,11,November,4,Friday,44.64,1869.37,Lucrativo
2024-11-22 10:34:25.786314528,PR,Representante,Serviços,Corporativo,Produto_111,7,7745.865318741749,4940.245546250598,2805.619772491152,2024,11,November,4,Friday,36.22,1106.55,Lucrativo
2024-11-22 10:34:25.786314528,SC,Loja Física,Informática,Corporativo,Produto_27,4,4129.199612764322,3061.363046445485,1067.8365663188374,2024,11,November,4,Friday,25.86,1032.3,Lucrativo
2024-11-22 17:35:04.681872752,SP,Marketplace,Serviços,Varejo,Produto_55,10,13658.448749540956,7864.758288725585,5793.690460815371,2024,11,November,4,Friday,42.42,1365.84,Lucrativo
2024-11-22 17:35:04.681872752,PR,Marketplace,Informática,Varejo,Produto_12,9,4656.1329708389685,2841.747167932512,1814.3858029064563,2024,11,November,4,Friday,38.97,517.35,Lucrativo
2024-11-23 00:35:43.577430968,PR,Online,Informática,Corporativo,Produto_69,8,18956.72103614601,14059.504791311403,4897.216244834606,2024,11,November,4,Saturday,25.83,2369.59,Lucrativo
2024-11-23 00:35:43.577430968,ES,Marketplace,Móveis,Corporativo,Produto_9,3,7346.634293755278,4261.075176563677,3085.559117191601,2024,11,November,4,Saturday,42.0,2448.88,Lucrativo
2024-11-23 00:35:43.577430968,BA,Loja Física,Móveis,Varejo,Produto_11,9,10692.6409690984,6462.391483525257,4230.249485573143,2024,11,November,4,Saturday,39.56,1188.07,Lucrativo
2024-11-23 07:36:22.472989192,RS,Loja Física,Móveis,Corporativo,Produto_11,4,7358.573671214832,4889.335982374552,2469.23768884028,2024,11,November,4,Saturday,33.56,1839.64,Lucrativo
2024-11-23 14:37:01.368547416,SP,Loja Física,Eletrônicos,Corporativo,Produto_89,1,880.7382785478716,743.1255199628837,137.6127585849879,2024,11,November,4,Saturday,15.62,880.74,Lucrativo
2024-11-23 21:37:40.264105640,BA,Loja Física,Eletrônicos,Varejo,Produto_63,9,4380.069033088555,2948.1781778187064,1431.890855269849,2024,11,November,4,Saturday,32.69,486.67,Lucrativo
2024-11-23 21:37:40.264105640,ES,Loja Física,Serviços,Corporativo,Produto_29,11,4871.288153244215,3969.504747233049,901.783406011166,2024,11,November,4,Saturday,18.51,442.84,Lucrativo
2024-11-24 04:38:19.159663864,ES,Loja Física,Informática,Varejo,Produto_50,6,12793.109999847504,8916.960859455694,3876.14914039181,2024,11,November,4,Sunday,30.3,2132.18,Lucrativo
2024-11-24 11:38:58.055222088,PR,Online,Móveis,Corporativo,Produto_1,2,2392.527413067833,1439.5798463033068,952.9475667645268,2024,11,November,4,Sunday,39.83,1196.26,Lucrativo
2024-11-24 11:38:58.055222088,PR,Online,Acessórios,Corporativo,Produto_47,4,9634.85774335708,6988.549887432289,2646.3078559247897,2024,11,November,4,Sunday,27.47,2408.71,Lucrativo
2024-11-24 18:39:36.950780312,SP,Online,Móveis,Corporativo,Produto_96,3,432.4854370900224,353.8904419832187,78.59499510680371,2024,11,November,4,Sunday,18.17,144.16,Lucrativo
2024-11-25 01:40:15.846338536,MG,Representante,Eletrônicos,Distribuidor,Produto_63,1,836.1594276397763,598.2816242487298,237.87780339104643,2024,11,November,4,Monday,28.45,836.16,Lucrativo
2024-11-25 08:40:54.741896760,ES,Marketplace,Móveis,Varejo,Produto_25,11,9915.782231938472,5846.579560530839,4069.202671407633,2024,11,November,4,Monday,41.04,901.43,Lucrativo
2024-11-25 15:41:33.637454984,SC,Online,Informática,Corporativo,Produto_53,11,22510.66605331877,18393.32447937493,4117.341573943846,2024,11,November,4,Monday,18.29,2046.42,Lucrativo
2024-11-25 15:41:33.637454984,SP,Loja Física,Móveis,Corporativo,Produto_63,8,11126.022425165633,7078.263539227492,4047.758885938139,2024,11,November,4,Monday,36.38,1390.75,Lucrativo
2024-11-25 15:41:33.637454984,ES,Loja Física,Informática,Varejo,Produto_17,6,5340.918981859227,3311.2617250333496,2029.657256825877,2024,11,November,4,Monday,38.0,890.15,Lucrativo
2024-11-25 22:42:12.533013208,BA,Loja Física,Acessórios,Varejo,Produto_90,2,865.5961598343921,662.1320609389159,203.46409889547624,2024,11,November,4,Monday,23.51,432.8,Lucrativo
2024-11-26 05:42:51.428571424,BA,Marketplace,Informática,Varejo,Produto_37,4,2097.607568726095,1645.0325722911166,452.5749964349784,2024,11,November,4,Tuesday,21.58,524.4,Lucrativo
2024-11-26 05:42:51.428571424,PR,Representante,Móveis,Distribuidor,Produto_11,10,10410.721545390325,7576.914656413952,2833.8068889763726,2024,11,November,4,Tuesday,27.22,1041.07,Lucrativo
2024-11-26 12:43:30.324129648,MG,Online,Eletrônicos,Varejo,Produto_22,2,629.9387045159622,421.4791460917727,208.45955842418948,2024,11,November,4,Tuesday,33.09,314.97,Lucrativo
2024-11-26 12:43:30.324129648,ES,Representante,Serviços,Corporativo,Produto_4,7,14339.41398053555,11442.375413732734,2897.038566802816,2024,11,November,4,Tuesday,20.2,2048.49,Lucrativo
2024-11-26 12:43:30.324129648,RS,Marketplace,Serviços,Corporativo,Produto_118,1,2387.681390137065,1687.214855616102,700.4665345209633,2024,11,November,4,Tuesday,29.34,2387.68,Lucrativo
2024-11-26 19:44:09.219687872,MG,Online,Informática,Corporativo,Produto_100,5,3425.512217528189,1939.295753512272,1486.2164640159167,2024,11,November,4,Tuesday,43.39,685.1,Lucrativo
2024-11-26 19:44:09.219687872,ES,Representante,Serviços,Corporativo,Produto_45,11,15472.342281850608,10766.616893398215,4705.725388452391,2024,11,November,4,Tuesday,30.41,1406.58,Lucrativo
2024-11-27 02:44:48.115246096,ES,Marketplace,Informática,Distribuidor,Produto_119,6,14455.42311755735,9293.881127376775,5161.541990180573,2024,11,November,4,Wednesday,35.71,2409.24,Lucrativo
2024-11-27 02:44:48.115246096,RS,Loja Física,Acessórios,Distribuidor,Produto_60,13,733.0477090553844,412.920573290064,320.1271357653204,2024,11,November,4,Wednesday,43.67,56.39,Lucrativo
2024-11-27 09:45:27.010804320,RJ,Representante,Móveis,Distribuidor,Produto_5,8,18561.357663122737,13195.9258043869,5365.431858735836,2024,11,November,4,Wednesday,28.91,2320.17,Lucrativo
2024-11-27 09:45:27.010804320,MG,Loja Física,Móveis,Corporativo,Produto_53,9,6982.749882796052,4235.662432084046,2747.087450712006,2024,11,November,4,Wednesday,39.34,775.86,Lucrativo
2024-11-27 16:46:05.906362544,SP,Marketplace,Serviços,Distribuidor,Produto_118,10,10224.83062841654,6656.927095383156,3567.903533033385,2024,11,November,4,Wednesday,34.89,1022.48,Lucrativo
2024-11-27 16:46:05.906362544,PR,Representante,Móveis,Distribuidor,Produto_113,1,264.6364210036397,160.16033297620712,104.4760880274326,2024,11,November,4,Wednesday,39.48,264.64,Lucrativo
2024-11-27 23:46:44.801920768,PR,Online,Móveis,Distribuidor,Produto_30,4,554.296073304634,310.63686514900456,243.6592081556294,2024,11,November,4,Wednesday,43.96,138.57,Lucrativo
2024-11-28 06:47:23.697478992,SC,Loja Física,Eletrônicos,Corporativo,Produto_60,3,6590.83750874981,4263.281376213557,2327.5561325362523,2024,11,November,4,Thursday,35.32,2196.95,Lucrativo
2024-11-29 03:49:20.384153664,PR,Marketplace,Móveis,Distribuidor,Produto_4,6,4118.338760707865,2356.1319806780057,1762.2067800298591,2024,11,November,4,Friday,42.79,686.39,Lucrativo
2024-11-29 03:49:20.384153664,RS,Loja Física,Acessórios,Distribuidor,Produto_15,11,13851.786778599038,9276.283010247134,4575.503768351904,2024,11,November,4,Friday,33.03,1259.25,Lucrativo
2024-11-29 17:50:38.175270104,SC,Online,Móveis,Corporativo,Produto_64,3,1198.1103956482243,841.0121890717367,357.0982065764879,2024,11,November,4,Friday,29.81,399.37,Lucrativo
2024-11-30 07:51:55.966386552,PR,Representante,Serviços,Distribuidor,Produto_14,8,7212.143215307398,4419.282867058757,2792.860348248641,2024,11,November,4,Saturday,38.72,901.52,Lucrativo
2024-11-30 14:52:34.861944776,ES,Online,Serviços,Varejo,Produto_1,10,6539.771748064523,4130.494964639013,2409.27678342551,2024,11,November,4,Saturday,36.84,653.98,Lucrativo
2024-11-30 14:52:34.861944776,BA,Loja Física,Móveis,Corporativo,Produto_33,2,1107.3014542071924,803.1783002262644,304.123153980928,2024,11,November,4,Saturday,27.47,553.65,Lucrativo
2024-12-01 04:53:52.653061224,SP,Representante,Serviços,Corporativo,Produto_55,6,642.3200678059541,381.5600982153875,260.7599695905666,2024,12,December,4,Sunday,40.6,107.05,Lucrativo
2024-12-01 11:54:31.548619448,ES,Loja Física,Móveis,Varejo,Produto_48,1,2007.4640112076768,1167.9589365776933,839.5050746299835,2024,12,December,4,Sunday,41.82,2007.46,Lucrativo
2024-12-02 01:55:49.339735896,RJ,Representante,Móveis,Corporativo,Produto_77,11,1064.725591734216,662.0804739930081,402.645117741208,2024,12,December,4,Monday,37.82,96.79,Lucrativo
2024-12-02 08:56:28.235294120,RS,Online,Móveis,Varejo,Produto_40,7,3527.346579916876,2776.8205295628686,750.5260503540076,2024,12,December,4,Monday,21.28,503.91,Lucrativo
2024-12-02 08:56:28.235294120,RS,Loja Física,Móveis,Corporativo,Produto_94,9,18720.76524695568,14690.257920072836,4030.507326882842,2024,12,December,4,Monday,21.53,2080.09,Lucrativo
2024-12-02 22:57:46.026410560,RJ,Loja Física,Eletrônicos,Varejo,Produto_42,12,20216.22715144769,13734.098421343484,6482.128730104208,2024,12,December,4,Monday,32.06,1684.69,Lucrativo
2024-12-04 10:01:00.504201680,RS,Online,Informática,Distribuidor,Produto_118,6,12088.610904662524,7798.105419088829,4290.505485573695,2024,12,December,4,Wednesday,35.49,2014.77,Lucrativo
2024-12-04 10:01:00.504201680,RS,Online,Serviços,Varejo,Produto_12,11,10583.884069516447,6229.29089210138,4354.593177415067,2024,12,December,4,Wednesday,41.14,962.17,Lucrativo
2024-12-04 10:01:00.504201680,RS,Online,Serviços,Corporativo,Produto_33,4,6216.179253637552,3890.632922791877,2325.546330845675,2024,12,December,4,Wednesday,37.41,1554.04,Lucrativo
2024-12-04 17:01:39.399759904,PR,Online,Acessórios,Distribuidor,Produto_26,9,2667.9137279555566,1620.9955749394696,1046.918153016087,2024,12,December,4,Wednesday,39.24,296.43,Lucrativo
2024-12-04 17:01:39.399759904,ES,Representante,Eletrônicos,Distribuidor,Produto_74,13,30297.370879409747,25539.234136959883,4758.136742449864,2024,12,December,4,Wednesday,15.7,2330.57,Lucrativo
2024-12-05 00:02:18.295318128,BA,Loja Física,Eletrônicos,Varejo,Produto_34,7,12905.485086989407,8171.71292537179,4733.772161617617,2024,12,December,4,Thursday,36.68,1843.64,Lucrativo
2024-12-05 07:02:57.190876352,SC,Representante,Eletrônicos,Corporativo,Produto_29,14,10000.45738837863,7032.329843192947,2968.127545185684,2024,12,December,4,Thursday,29.68,714.32,Lucrativo
2024-12-05 21:04:14.981992800,SC,Marketplace,Informática,Varejo,Produto_114,14,15922.777015616772,8928.24445559449,6994.532560022282,2024,12,December,4,Thursday,43.93,1137.34,Lucrativo
2024-12-06 04:04:53.877551016,BA,Representante,Informática,Distribuidor,Produto_67,9,851.3010069307122,501.5494534382133,349.75155349249894,2024,12,December,4,Friday,41.08,94.59,Lucrativo
2024-12-06 11:05:32.773109240,ES,Representante,Serviços,Varejo,Produto_106,2,4328.966526268151,2522.734242587772,1806.2322836803792,2024,12,December,4,Friday,41.72,2164.48,Lucrativo
2024-12-06 18:06:11.668667464,RJ,Online,Informática,Corporativo,Produto_72,14,15126.256693581472,9753.871281658052,5372.38541192342,2024,12,December,4,Friday,35.52,1080.45,Lucrativo
2024-12-07 22:08:47.250900360,SP,Online,Acessórios,Varejo,Produto_112,9,17032.90907433062,9455.445703072915,7577.463371257703,2024,12,December,4,Saturday,44.49,1892.55,Lucrativo
2024-12-08 05:09:26.146458584,PR,Representante,Serviços,Varejo,Produto_111,9,2384.533096142511,1444.5158824723976,940.0172136701136,2024,12,December,4,Sunday,39.42,264.95,Lucrativo
2024-12-08 12:10:05.042016808,RS,Representante,Informática,Varejo,Produto_41,7,15623.682986090742,11864.512591006982,3759.17039508376,2024,12,December,4,Sunday,24.06,2231.95,Lucrativo
2024-12-08 19:10:43.937575032,ES,Representante,Eletrônicos,Varejo,Produto_57,7,10075.421495336055,8043.3694241371295,2032.0520711989277,2024,12,December,4,Sunday,20.17,1439.35,Lucrativo
2024-12-09 02:11:22.833133256,SC,Loja Física,Acessórios,Corporativo,Produto_59,11,20989.546357818253,15305.014484807158,5684.531873011096,2024,12,December,4,Monday,27.08,1908.14,Lucrativo
2024-12-09 09:12:01.728691472,RS,Online,Serviços,Corporativo,Produto_62,5,11184.359674162371,7147.992141645957,4036.367532516414,2024,12,December,4,Monday,36.09,2236.87,Lucrativo
2024-12-09 16:12:40.624249696,RS,Marketplace,Informática,Distribuidor,Produto_60,2,3881.158197536241,2333.63014876579,1547.5280487704508,2024,12,December,4,Monday,39.87,1940.58,Lucrativo
2024-12-09 16:12:40.624249696,MG,Representante,Serviços,Corporativo,Produto_80,3,4047.112640105686,3404.0877425513927,643.0248975542931,2024,12,December,4,Monday,15.89,1349.04,Lucrativo
2024-12-10 06:13:58.415366144,RJ,Representante,Acessórios,Corporativo,Produto_30,4,4377.06829099469,3221.122883672373,1155.945407322317,2024,12,December,4,Tuesday,26.41,1094.27,Lucrativo
2024-12-10 06:13:58.415366144,RS,Loja Física,Móveis,Distribuidor,Produto_20,8,10072.378789271635,7737.393870518346,2334.984918753289,2024,12,December,4,Tuesday,23.18,1259.05,Lucrativo
2024-12-10 13:14:37.310924368,ES,Online,Serviços,Varejo,Produto_17,10,15722.830524997007,12336.610295252078,3386.2202297449294,2024,12,December,4,Tuesday,21.54,1572.28,Lucrativo
2024-12-10 13:14:37.310924368,RJ,Marketplace,Eletrônicos,Corporativo,Produto_17,14,11650.504990002864,9146.119024914298,2504.3859650885643,2024,12,December,4,Tuesday,21.5,832.18,Lucrativo
2024-12-10 20:15:16.206482592,PR,Marketplace,Informática,Corporativo,Produto_117,9,16367.10648968476,9542.308855314306,6824.797634370454,2024,12,December,4,Tuesday,41.7,1818.57,Lucrativo
2024-12-11 03:15:55.102040816,ES,Online,Informática,Distribuidor,Produto_24,5,1675.9349267803873,1150.057721521163,525.877205259224,2024,12,December,4,Wednesday,31.38,335.19,Lucrativo
2024-12-11 17:17:12.893157264,MG,Loja Física,Móveis,Distribuidor,Produto_112,8,16949.56362777669,13697.437302094328,3252.126325682362,2024,12,December,4,Wednesday,19.19,2118.7,Lucrativo
2024-12-11 17:17:12.893157264,BA,Loja Física,Serviços,Distribuidor,Produto_6,10,11662.464308516475,9688.216164844069,1974.2481436724065,2024,12,December,4,Wednesday,16.93,1166.25,Lucrativo
2024-12-12 00:17:51.788715488,SP,Representante,Eletrônicos,Varejo,Produto_13,9,7709.818706736872,5190.886398648868,2518.932308088004,2024,12,December,4,Thursday,32.67,856.65,Lucrativo
2024-12-12 00:17:51.788715488,BA,Online,Móveis,Corporativo,Produto_88,9,2633.37827483824,1808.412781152694,824.9654936855461,2024,12,December,4,Thursday,31.33,292.6,Lucrativo
2024-12-12 00:17:51.788715488,RS,Loja Física,Móveis,Corporativo,Produto_66,5,4615.820389679057,3232.75085603998,1383.0695336390772,2024,12,December,4,Thursday,29.96,923.16,Lucrativo
2024-12-12 07:18:30.684273712,MG,Loja Física,Acessórios,Corporativo,Produto_58,4,9996.76250260573,6659.236055672543,3337.526446933188,2024,12,December,4,Thursday,33.39,2499.19,Lucrativo
2024-12-12 21:19:48.475390152,RS,Representante,Informática,Corporativo,Produto_49,3,853.8939635672582,512.9437144135072,340.950249153751,2024,12,December,4,Thursday,39.93,284.63,Lucrativo
2024-12-13 04:20:27.370948376,BA,Online,Acessórios,Distribuidor,Produto_14,2,1214.8233190657606,696.8469650126893,517.9763540530713,2024,12,December,4,Friday,42.64,607.41,Lucrativo
2024-12-13 04:20:27.370948376,PR,Representante,Eletrônicos,Varejo,Produto_115,1,652.9306334338379,503.9185073303077,149.01212610353025,2024,12,December,4,Friday,22.82,652.93,Lucrativo
2024-12-13 04:20:27.370948376,SC,Representante,Serviços,Distribuidor,Produto_79,12,21521.267191587853,15880.7432804031,5640.523911184753,2024,12,December,4,Friday,26.21,1793.44,Lucrativo
2024-12-14 08:23:02.953181272,PR,Marketplace,Eletrônicos,Varejo,Produto_40,14,2382.7020021164626,1976.3292402064587,406.3727619100039,2024,12,December,4,Saturday,17.06,170.19,Lucrativo
2024-12-14 08:23:02.953181272,RJ,Representante,Informática,Varejo,Produto_15,12,8393.68721666703,5243.729875816848,3149.957340850181,2024,12,December,4,Saturday,37.53,699.47,Lucrativo
2024-12-14 08:23:02.953181272,PR,Marketplace,Móveis,Distribuidor,Produto_50,13,16805.516133360696,10134.197937916648,6671.318195444048,2024,12,December,4,Saturday,39.7,1292.73,Lucrativo
2024-12-14 15:23:41.848739496,RS,Loja Física,Móveis,Corporativo,Produto_32,12,18789.408081531958,11484.474430091284,7304.933651440671,2024,12,December,4,Saturday,38.88,1565.78,Lucrativo
2024-12-14 22:24:20.744297720,RJ,Loja Física,Informática,Distribuidor,Produto_91,3,5189.917427708689,3612.026858539556,1577.8905691691325,2024,12,December,4,Saturday,30.4,1729.97,Lucrativo
2024-12-14 22:24:20.744297720,SC,Loja Física,Acessórios,Varejo,Produto_87,3,5615.382137931011,3113.8776924645663,2501.504445466445,2024,12,December,4,Saturday,44.55,1871.79,Lucrativo
2024-12-15 12:25:38.535414168,ES,Representante,Móveis,Varejo,Produto_42,2,252.36364752097447,149.09250467219667,103.2711428487778,2024,12,December,4,Sunday,40.92,126.18,Lucrativo
2024-12-16 02:26:56.326530608,MG,Online,Acessórios,Distribuidor,Produto_38,6,4356.3789669659,2583.286998083847,1773.0919688820532,2024,12,December,4,Monday,40.7,726.06,Lucrativo
2024-12-16 02:26:56.326530608,ES,Online,Serviços,Corporativo,Produto_63,12,23393.761740886588,18878.341922324304,4515.4198185622845,2024,12,December,4,Monday,19.3,1949.48,Lucrativo
2024-12-16 02:26:56.326530608,MG,Online,Eletrônicos,Varejo,Produto_84,14,16049.55752304146,9911.992746447855,6137.564776593605,2024,12,December,4,Monday,38.24,1146.4,Lucrativo
2024-12-16 16:28:14.117647056,BA,Online,Eletrônicos,Varejo,Produto_17,7,5541.808818803478,3410.0816756993027,2131.7271431041754,2024,12,December,4,Monday,38.47,791.69,Lucrativo
2024-12-16 23:28:53.013205280,ES,Loja Física,Informática,Distribuidor,Produto_98,2,2759.5901605830395,2336.222534845367,423.3676257376724,2024,12,December,4,Monday,15.34,1379.8,Lucrativo
2024-12-16 23:28:53.013205280,MG,Loja Física,Móveis,Varejo,Produto_90,5,3105.4023680601904,2258.8702221472386,846.5321459129518,2024,12,December,4,Monday,27.26,621.08,Lucrativo
2024-12-17 06:29:31.908763504,RS,Loja Física,Serviços,Corporativo,Produto_115,12,5430.360728202686,3884.166584689737,1546.1941435129488,2024,12,December,4,Tuesday,28.47,452.53,Lucrativo
2024-12-17 06:29:31.908763504,RJ,Representante,Serviços,Corporativo,Produto_66,5,11026.088631959974,6731.442882193051,4294.645749766923,2024,12,December,4,Tuesday,38.95,2205.22,Lucrativo
2024-12-17 13:30:10.804321728,ES,Loja Física,Acessórios,Corporativo,Produto_119,13,12863.291280344009,8668.390220469313,4194.901059874694,2024,12,December,4,Tuesday,32.61,989.48,Lucrativo
2024-12-17 20:30:49.699879952,RJ,Marketplace,Informática,Corporativo,Produto_30,5,5167.114674830505,3895.700748475512,1271.4139263549928,2024,12,December,4,Tuesday,24.61,1033.42,Lucrativo
2024-12-17 20:30:49.699879952,PR,Loja Física,Eletrônicos,Varejo,Produto_10,2,3119.844092380844,2394.3225144080966,725.5215779727473,2024,12,December,4,Tuesday,23.26,1559.92,Lucrativo
2024-12-18 03:31:28.595438176,ES,Online,Móveis,Corporativo,Produto_25,6,4746.277056677236,2855.8756032159863,1890.4014534612495,2024,12,December,4,Wednesday,39.83,791.05,Lucrativo
2024-12-18 10:32:07.490996400,ES,Marketplace,Informática,Varejo,Produto_46,1,1128.8800595235982,716.1004421304307,412.77961739316754,2024,12,December,4,Wednesday,36.57,1128.88,Lucrativo
2024-12-19 07:34:04.177671064,SP,Online,Acessórios,Corporativo,Produto_119,11,14700.471301639243,8934.10279151818,5766.368510121065,2024,12,December,4,Thursday,39.23,1336.41,Lucrativo
2024-12-19 07:34:04.177671064,MG,Online,Acessórios,Corporativo,Produto_119,3,2904.4192338942885,2357.760053975294,546.6591799189946,2024,12,December,4,Thursday,18.82,968.14,Lucrativo
2024-12-19 07:34:04.177671064,ES,Loja Física,Eletrônicos,Distribuidor,Produto_35,8,10697.031862082633,7614.924834574048,3082.107027508585,2024,12,December,4,Thursday,28.81,1337.13,Lucrativo
2024-12-19 14:34:43.073229288,SC,Representante,Serviços,Varejo,Produto_69,12,26593.928061780225,21132.30242493837,5461.625636841854,2024,12,December,4,Thursday,20.54,2216.16,Lucrativo
2024-12-19 21:35:21.968787512,SC,Representante,Eletrônicos,Distribuidor,Produto_108,13,3593.6699034264866,2383.9173231391587,1209.752580287328,2024,12,December,4,Thursday,33.66,276.44,Lucrativo
2024-12-19 21:35:21.968787512,PR,Representante,Móveis,Corporativo,Produto_119,12,8745.140530732619,6013.616890743725,2731.5236399888936,2024,12,December,4,Thursday,31.23,728.76,Lucrativo
2024-12-19 21:35:21.968787512,BA,Online,Móveis,Corporativo,Produto_119,2,4030.507452702175,3089.199443058285,941.3080096438898,2024,12,December,4,Thursday,23.35,2015.25,Lucrativo
2024-12-19 21:35:21.968787512,BA,Representante,Móveis,Varejo,Produto_48,7,6809.373458321907,5546.009143917232,1263.3643144046746,2024,12,December,4,Thursday,18.55,972.77,Lucrativo
2024-12-20 11:36:39.759903960,PR,Online,Móveis,Varejo,Produto_21,7,4373.771879157737,3323.587263201086,1050.1846159566512,2024,12,December,4,Friday,24.01,624.82,Lucrativo
2024-12-20 11:36:39.759903960,PR,Representante,Informática,Corporativo,Produto_71,4,2452.33917178683,2037.7391511041333,414.6000206826966,2024,12,December,4,Friday,16.91,613.08,Lucrativo
2024-12-21 08:38:36.446578632,RJ,Online,Serviços,Corporativo,Produto_96,2,3261.171907285031,2377.4507425908814,883.7211646941496,2024,12,December,4,Saturday,27.1,1630.59,Lucrativo
2024-12-21 08:38:36.446578632,SC,Online,Acessórios,Corporativo,Produto_118,5,9175.868465532028,6768.969242126906,2406.899223405121,2024,12,December,4,Saturday,26.23,1835.17,Lucrativo
2024-12-21 15:39:15.342136856,BA,Representante,Móveis,Distribuidor,Produto_26,14,33434.70631341661,27513.402823185108,5921.303490231501,2024,12,December,4,Saturday,17.71,2388.19,Lucrativo
2024-12-21 15:39:15.342136856,BA,Loja Física,Serviços,Varejo,Produto_75,7,1533.1323366363722,964.0478554156864,569.0844812206859,2024,12,December,4,Saturday,37.12,219.02,Lucrativo
2024-12-21 15:39:15.342136856,MG,Online,Serviços,Distribuidor,Produto_98,11,708.4543937790526,503.9376173133182,204.5167764657344,2024,12,December,4,Saturday,28.87,64.4,Lucrativo
2024-12-21 22:39:54.237695080,RJ,Loja Física,Eletrônicos,Distribuidor,Produto_34,2,4577.601671190481,3455.3948092283754,1122.206861962106,2024,12,December,4,Saturday,24.52,2288.8,Lucrativo
2024-12-21 22:39:54.237695080,BA,Loja Física,Acessórios,Corporativo,Produto_82,7,3721.703665375369,2177.46067189172,1544.2429934836491,2024,12,December,4,Saturday,41.49,531.67,Lucrativo
2024-12-21 22:39:54.237695080,SP,Marketplace,Informática,Corporativo,Produto_99,2,1528.051508180426,938.1336716046404,589.9178365757855,2024,12,December,4,Saturday,38.61,764.03,Lucrativo
2024-12-21 22:39:54.237695080,RJ,Representante,Serviços,Varejo,Produto_33,3,6720.8094021157685,4701.188789336844,2019.6206127789249,2024,12,December,4,Saturday,30.05,2240.27,Lucrativo
2024-12-22 05:40:33.133253304,ES,Online,Acessórios,Corporativo,Produto_4,7,11837.64176069935,7798.612466160072,4039.0292945392766,2024,12,December,4,Sunday,34.12,1691.09,Lucrativo
2024-12-22 12:41:12.028811520,MG,Loja Física,Móveis,Varejo,Produto_33,14,908.6575643831034,650.0285384644957,258.6290259186077,2024,12,December,4,Sunday,28.46,64.9,Lucrativo
2024-12-23 02:42:29.819927968,BA,Marketplace,Informática,Distribuidor,Produto_63,7,11124.306293738537,6276.491797637405,4847.814496101129,2024,12,December,4,Monday,43.58,1589.19,Lucrativo
2024-12-23 02:42:29.819927968,RJ,Online,Móveis,Varejo,Produto_13,3,2743.6521852410715,1601.8022740182948,1141.8499112227769,2024,12,December,4,Monday,41.62,914.55,Lucrativo
2024-12-23 02:42:29.819927968,ES,Representante,Informática,Corporativo,Produto_80,7,8974.633436678188,6097.666586389454,2876.9668502887343,2024,12,December,4,Monday,32.06,1282.09,Lucrativo
2024-12-23 16:43:47.611044416,SC,Representante,Móveis,Corporativo,Produto_11,3,4408.94588147787,2716.036371218114,1692.9095102597562,2024,12,December,4,Monday,38.4,1469.65,Lucrativo
2024-12-23 16:43:47.611044416,BA,Loja Física,Serviços,Distribuidor,Produto_109,10,16685.873283894907,10502.229956390383,6183.643327504522,2024,12,December,4,Monday,37.06,1668.59,Lucrativo
2024-12-23 16:43:47.611044416,ES,Marketplace,Móveis,Distribuidor,Produto_13,14,29579.7433714351,18213.681609225503,11366.061762209596,2024,12,December,4,Monday,38.43,2112.84,Lucrativo
2024-12-23 23:44:26.506602640,BA,Online,Acessórios,Varejo,Produto_15,8,5405.166279797879,3608.8914467948766,1796.2748330030022,2024,12,December,4,Monday,33.23,675.65,Lucrativo
2024-12-23 23:44:26.506602640,ES,Online,Móveis,Corporativo,Produto_59,1,1870.3547003763224,1152.7193209544737,717.6353794218492,2024,12,December,4,Monday,38.37,1870.35,Lucrativo
2024-12-24 20:46:23.193277312,SP,Marketplace,Eletrônicos,Distribuidor,Produto_14,3,7143.258046131775,4465.253241359254,2678.0048047725204,2024,12,December,4,Tuesday,37.49,2381.09,Lucrativo
2024-12-24 20:46:23.193277312,RJ,Loja Física,Móveis,Distribuidor,Produto_59,6,10208.138017585825,8447.990592618082,1760.147424967743,2024,12,December,4,Tuesday,17.24,1701.36,Lucrativo
2024-12-25 03:47:02.088835536,MG,Loja Física,Informática,Distribuidor,Produto_93,5,10337.272400322276,7792.180754897429,2545.0916454248463,2024,12,December,4,Wednesday,24.62,2067.45,Lucrativo
2024-12-25 10:47:40.984393760,BA,Representante,Móveis,Varejo,Produto_47,11,9331.4982477318,6129.576146189085,3201.922101542716,2024,12,December,4,Wednesday,34.31,848.32,Lucrativo
2024-12-26 00:48:58.775510200,ES,Online,Informática,Distribuidor,Produto_21,7,11640.34274313198,7734.813617039111,3905.529126092871,2024,12,December,4,Thursday,33.55,1662.91,Lucrativo
2024-12-26 00:48:58.775510200,RS,Loja Física,Acessórios,Corporativo,Produto_111,6,3089.865628288273,1726.550891156758,1363.3147371315154,2024,12,December,4,Thursday,44.12,514.98,Lucrativo
2024-12-26 07:49:37.671068424,MG,Representante,Serviços,Varejo,Produto_33,10,11018.36858997378,7118.2794618810285,3900.089128092751,2024,12,December,4,Thursday,35.4,1101.84,Lucrativo
2024-12-26 07:49:37.671068424,RJ,Online,Eletrônicos,Varejo,Produto_108,12,16292.01423486335,13455.354790209818,2836.659444653533,2024,12,December,4,Thursday,17.41,1357.67,Lucrativo
2024-12-26 21:50:55.462184872,SP,Online,Móveis,Distribuidor,Produto_45,8,19167.533665092596,13374.329363890129,5793.204301202466,2024,12,December,4,Thursday,30.22,2395.94,Lucrativo
2024-12-27 11:52:13.253301320,SP,Online,Acessórios,Varejo,Produto_107,14,16492.64000717443,12797.6416317487,3694.998375425728,2024,12,December,4,Friday,22.4,1178.05,Lucrativo
2024-12-28 01:53:31.044417768,RS,Online,Eletrônicos,Corporativo,Produto_94,8,6389.035996020027,4722.000791472547,1667.03520454748,2024,12,December,4,Saturday,26.09,798.63,Lucrativo
2024-12-28 08:54:09.939975992,SP,Marketplace,Eletrônicos,Distribuidor,Produto_45,12,18086.42071485055,12672.151845878916,5414.268868971632,2024,12,December,4,Saturday,29.94,1507.2,Lucrativo
2024-12-28 22:55:27.731092440,SP,Online,Acessórios,Varejo,Produto_92,2,3660.363345450547,2864.492623753562,795.8707216969851,2024,12,December,4,Saturday,21.74,1830.18,Lucrativo
2024-12-28 22:55:27.731092440,PR,Marketplace,Serviços,Distribuidor,Produto_101,9,1175.6108817304253,756.426551143327,419.1843305870983,2024,12,December,4,Saturday,35.66,130.62,Lucrativo
2024-12-29 05:56:06.626650656,RJ,Marketplace,Móveis,Varejo,Produto_31,4,371.18767673422576,305.9034489217958,65.28422781242995,2024,12,December,4,Sunday,17.59,92.8,Lucrativo
2024-12-29 05:56:06.626650656,RJ,Representante,Informática,Varejo,Produto_87,13,17941.432887562172,14379.633422261297,3561.7994653008773,2024,12,December,4,Sunday,19.85,1380.11,Lucrativo
2024-12-29 05:56:06.626650656,PR,Loja Física,Serviços,Varejo,Produto_31,12,20925.68600971917,16147.079339011649,4778.606670707526,2024,12,December,4,Sunday,22.84,1743.81,Lucrativo
2024-12-29 12:56:45.522208880,SC,Representante,Móveis,Corporativo,Produto_111,6,4229.237706524616,3217.8991838303077,1011.3385226943092,2024,12,December,4,Sunday,23.91,704.87,Lucrativo
2024-12-29 19:57:24.417767104,PR,Online,Serviços,Varejo,Produto_60,4,9178.262125181162,5233.069942981103,3945.1921822000586,2024,12,December,4,Sunday,42.98,2294.57,Lucrativo
2024-12-30 02:58:03.313325328,RS,Marketplace,Móveis,Distribuidor,Produto_75,9,10264.698315578826,8402.898804539194,1861.7995110396316,2024,12,December,4,Monday,18.14,1140.52,Lucrativo
2024-12-30 02:58:03.313325328,RS,Online,Eletrônicos,Varejo,Produto_42,12,9916.43523386476,5890.463406333165,4025.9718275315954,2024,12,December,4,Monday,40.6,826.37,Lucrativo
2024-12-30 09:58:42.208883552,MG,Online,Acessórios,Distribuidor,Produto_55,8,8960.846507216653,6456.006250165145,2504.840257051508,2024,12,December,4,Monday,27.95,1120.11,Lucrativo
2024-12-30 09:58:42.208883552,PR,Loja Física,Acessórios,Corporativo,Produto_51,7,2215.6903423702183,1507.337807977607,708.352534392611,2024,12,December,4,Monday,31.97,316.53,Lucrativo
